CP012026	129494	21
CP012026	129495	21
CP012026	129496	21
CP012026	357412	37
CP012026	357413	37
CP012026	357414	37
CP012026	357415	37
CP012026	357416	37
CP012026	357417	37
CP012026	357418	37
CP012026	357419	37
CP012026	357420	37
CP012026	357421	37
CP012026	357422	37
CP012026	357423	37
CP012026	357424	37
CP012026	357425	37
CP012026	357426	37
CP012026	357427	37
CP012026	357428	39
CP012026	357429	40
CP012026	357430	40
CP012026	357431	40
CP012026	357432	40
CP012026	357433	40
CP012026	357434	40
CP012026	357435	41
CP012026	357436	41
CP012026	357437	41
CP012026	357438	41
CP012026	357439	41
CP012026	357440	41
CP012026	357441	41
CP012026	357442	41
CP012026	357443	41
CP012026	357444	41
CP012026	357445	41
CP012026	357446	39
CP012026	357447	40
CP012026	357448	40
CP012026	357449	40
CP012026	357450	40
CP012026	357451	40
CP012026	357452	40
CP012026	357453	40
CP012026	357454	40
CP012026	357455	40
CP012026	357456	40
CP012026	357457	40
CP012026	357458	40
CP012026	357459	40
CP012026	357460	40
CP012026	357461	40
CP012026	357462	40
CP012026	357463	40
CP012026	357464	38
CP012026	357465	38
CP012026	357466	38
CP012026	357467	38
CP012026	357468	38
CP012026	357469	38
CP012026	357470	38
CP012026	357471	38
CP012026	357472	38
CP012026	357473	38
CP012026	357474	38
CP012026	357475	41
CP012026	357476	42
CP012026	357477	42
CP012026	357478	42
CP012026	357479	42
CP012026	357480	42
CP012026	357481	42
CP012026	357482	42
CP012026	357483	42
CP012026	357484	42
CP012026	357485	42
CP012026	357486	42
CP012026	357487	42
CP012026	357488	46
CP012026	357489	47
CP012026	357490	47
CP012026	357491	47
CP012026	357492	46
CP012026	357493	46
CP012026	357494	44
CP012026	357495	44
CP012026	357496	43
CP012026	357497	43
CP012026	357498	45
CP012026	357499	45
CP012026	357500	45
CP012026	357501	45
CP012026	357502	45
CP012026	357503	45
CP012026	357504	45
CP012026	357505	45
CP012026	357506	45
CP012026	357507	44
CP012026	357508	46
CP012026	357509	46
CP012026	357510	46
CP012026	357511	46
CP012026	357512	46
CP012026	357513	46
CP012026	357514	46
CP012026	357515	46
CP012026	357516	47
CP012026	357517	47
CP012026	357518	47
CP012026	357519	47
CP012026	357520	47
CP012026	357521	47
CP012026	357522	47
CP012026	357523	47
CP012026	357524	47
CP012026	357525	47
CP012026	357526	45
CP012026	357527	45
CP012026	357528	45
CP012026	357529	44
CP012026	357530	44
CP012026	357531	43
CP012026	357532	40
CP012026	357533	39
CP012026	357534	38
CP012026	357535	38
CP012026	357536	38
CP012026	357537	38
CP012026	357538	38
CP012026	357539	38
CP012026	357540	37
CP012026	357541	37
CP012026	357542	36
CP012026	357543	36
CP012026	357544	36
CP012026	357545	36
CP012026	357546	36
CP012026	357547	36
CP012026	357548	36
CP012026	357549	36
CP012026	357550	36
CP012026	357551	35
CP012026	357552	35
CP012026	357553	35
CP012026	357554	35
CP012026	357555	35
CP012026	357556	35
CP012026	357557	35
CP012026	357558	35
CP012026	357559	35
CP012026	357560	35
CP012026	357561	35
CP012026	357562	36
CP012026	357563	36
CP012026	357564	34
CP012026	357565	34
CP012026	357566	33
CP012026	357567	33
CP012026	357568	33
CP012026	357569	33
CP012026	357570	33
CP012026	357571	33
CP012026	357572	34
CP012026	357573	34
CP012026	357574	34
CP012026	357575	34
CP012026	357576	34
CP012026	357577	34
CP012026	357578	34
CP012026	357579	34
CP012026	357580	34
CP012026	357581	34
CP012026	357582	33
CP012026	357583	33
CP012026	357584	33
CP012026	357585	33
CP012026	357586	35
CP012026	357587	34
CP012026	357588	35
CP012026	357589	35
CP012026	357590	35
CP012026	357591	35
CP012026	357592	35
CP012026	357593	35
CP012026	357594	35
CP012026	357595	33
CP012026	357596	33
CP012026	357597	33
CP012026	357598	33
CP012026	357599	33
CP012026	357600	33
CP012026	357601	33
CP012026	357602	35
CP012026	357603	35
CP012026	357604	35
CP012026	357605	35
CP012026	357606	35
CP012026	357607	35
CP012026	357608	37
CP012026	357609	37
CP012026	357610	37
CP012026	357611	35
CP012026	357612	35
CP012026	357613	34
CP012026	357614	32
CP012026	357615	32
CP012026	357616	32
CP012026	357617	32
CP012026	357618	32
CP012026	357619	30
CP012026	357620	30
CP012026	357621	29
CP012026	357622	29
CP012026	357623	29
CP012026	357624	29
CP012026	357625	29
CP012026	357626	29
CP012026	357627	29
CP012026	357628	29
CP012026	357629	29
CP012026	357630	29
CP012026	357631	29
CP012026	357632	29
CP012026	357633	29
CP012026	357634	29
CP012026	357635	29
CP012026	357636	29
CP012026	357637	29
CP012026	357638	29
CP012026	357639	29
CP012026	357640	29
CP012026	357641	29
CP012026	357642	29
CP012026	357643	29
CP012026	357644	29
CP012026	357645	29
CP012026	357646	29
CP012026	357647	29
CP012026	357648	29
CP012026	357649	29
CP012026	357650	28
CP012026	357651	28
CP012026	357652	28
CP012026	357653	28
CP012026	357654	28
CP012026	357655	28
CP012026	357656	28
CP012026	357657	28
CP012026	357658	28
CP012026	357659	28
CP012026	357660	28
CP012026	357661	28
CP012026	357662	28
CP012026	357663	28
CP012026	357664	28
CP012026	357665	28
CP012026	357666	28
CP012026	357667	28
CP012026	357668	28
CP012026	357669	28
CP012026	357670	28
CP012026	357671	28
CP012026	357672	28
CP012026	357673	28
CP012026	357674	29
CP012026	357675	29
CP012026	357676	29
CP012026	357677	29
CP012026	357678	27
CP012026	357679	27
CP012026	357680	24
CP012026	357681	24
CP012026	357682	24
CP012026	357683	24
CP012026	357684	24
CP012026	357685	23
CP012026	357686	24
CP012026	357687	24
CP012026	357688	24
CP012026	357689	24
CP012026	357690	24
CP012026	357691	24
CP012026	357692	24
CP012026	357693	24
CP012026	357694	24
CP012026	357695	24
CP012026	357696	24
CP012026	357697	23
CP012026	357698	23
CP012026	357699	23
CP012026	357700	21
CP012026	357701	20
CP012026	357702	20
CP012026	357703	20
CP012026	357704	20
CP012026	357705	20
CP012026	357706	20
CP012026	357707	20
CP012026	357708	20
CP012026	357709	20
CP012026	357710	20
CP012026	357711	20
CP012026	357712	20
CP012026	357713	20
CP012026	357714	20
CP012026	357715	20
CP012026	357716	20
CP012026	357717	20
CP012026	357718	20
CP012026	357719	20
CP012026	357720	20
CP012026	357721	20
CP012026	357722	20
CP012026	357723	20
CP012026	357724	20
CP012026	357725	20
CP012026	357726	18
CP012026	357727	18
CP012026	357728	18
CP012026	357729	18
CP012026	357730	18
CP012026	357731	18
CP012026	357732	18
CP012026	357733	18
CP012026	357734	18
CP012026	357735	16
CP012026	357736	16
CP012026	357737	16
CP012026	357738	16
CP012026	357739	16
CP012026	357740	15
CP012026	357741	15
CP012026	357742	15
CP012026	357743	15
CP012026	357744	15
CP012026	357745	15
CP012026	357746	15
CP012026	357747	15
CP012026	357748	15
CP012026	357749	16
CP012026	357750	16
CP012026	357751	16
CP012026	357752	16
CP012026	357753	16
CP012026	357754	16
CP012026	357755	16
CP012026	357756	16
CP012026	357757	16
CP012026	357758	16
CP012026	357759	14
CP012026	357760	14
CP012026	357761	14
CP012026	357762	14
CP012026	357763	14
CP012026	357764	14
CP012026	357765	14
CP012026	357766	14
CP012026	357767	13
CP012026	357768	13
CP012026	357769	13
CP012026	357770	13
CP012026	357771	13
CP012026	357772	13
CP012026	357773	13
CP012026	357774	13
CP012026	357775	13
CP012026	357776	13
CP012026	357777	13
CP012026	357778	13
CP012026	357779	13
CP012026	357780	13
CP012026	357781	13
CP012026	357782	13
CP012026	357783	13
CP012026	357784	13
CP012026	357785	13
CP012026	357786	13
CP012026	357787	13
CP012026	357788	13
CP012026	357789	13
CP012026	357790	13
CP012026	357791	13
CP012026	357792	13
CP012026	357793	13
CP012026	357794	13
CP012026	357795	13
CP012026	357796	13
CP012026	357797	13
CP012026	357798	13
CP012026	357799	13
CP012026	357800	13
CP012026	357801	13
CP012026	357802	13
CP012026	357803	13
CP012026	357804	13
CP012026	357805	13
CP012026	357806	11
CP012026	357807	11
CP012026	357808	11
CP012026	357809	11
CP012026	357810	11
CP012026	357811	12
CP012026	357812	11
CP012026	357813	11
CP012026	357814	11
CP012026	357815	11
CP012026	357816	9
CP012026	357817	9
CP012026	357818	9
CP012026	357819	9
CP012026	357820	9
CP012026	357821	9
CP012026	357822	9
CP012026	357823	8
CP012026	357824	9
CP012026	357825	9
CP012026	357826	9
CP012026	357827	9
CP012026	357828	9
CP012026	357829	9
CP012026	357830	8
CP012026	357831	8
CP012026	357832	8
CP012026	357833	8
CP012026	357834	8
CP012026	357835	8
CP012026	357836	8
CP012026	357837	8
CP012026	357838	8
CP012026	357839	7
CP012026	357840	10
CP012026	357841	10
CP012026	357842	12
CP012026	357843	12
CP012026	357844	12
CP012026	357845	12
CP012026	357846	12
CP012026	357847	12
CP012026	357848	12
CP012026	357849	10
CP012026	357850	10
CP012026	357851	10
CP012026	357852	10
CP012026	357853	10
CP012026	357854	10
CP012026	357855	10
CP012026	357856	10
CP012026	357857	10
CP012026	357858	10
CP012026	357859	10
CP012026	357860	10
CP012026	357861	10
CP012026	357862	10
CP012026	357863	10
CP012026	357864	10
CP012026	357865	10
CP012026	357866	10
CP012026	357867	10
CP012026	357868	10
CP012026	357869	10
CP012026	357870	10
CP012026	357871	10
CP012026	357872	10
CP012026	357873	10
CP012026	357874	10
CP012026	357875	10
CP012026	357876	10
CP012026	357877	10
CP012026	357878	10
CP012026	357879	10
CP012026	357880	10
CP012026	357881	10
CP012026	357882	10
CP012026	357883	10
CP012026	357884	10
CP012026	357885	10
CP012026	357886	10
CP012026	357887	10
CP012026	357888	10
CP012026	357889	10
CP012026	357890	10
CP012026	357891	10
CP012026	357892	10
CP012026	357893	10
CP012026	357894	10
CP012026	357895	10
CP012026	357896	10
CP012026	357897	10
CP012026	357898	10
CP012026	357899	10
CP012026	357900	10
CP012026	357901	10
CP012026	357902	10
CP012026	357903	10
CP012026	357904	10
CP012026	357905	10
CP012026	357906	10
CP012026	357907	10
CP012026	357908	10
CP012026	357909	10
CP012026	357910	10
CP012026	357911	10
CP012026	357912	10
CP012026	357913	10
CP012026	357914	10
CP012026	357915	10
CP012026	357916	10
CP012026	357917	10
CP012026	357918	10
CP012026	357919	10
CP012026	357920	10
CP012026	357921	10
CP012026	357922	10
CP012026	357923	10
CP012026	357924	10
CP012026	357925	9
CP012026	357926	9
CP012026	357927	9
CP012026	357928	9
CP012026	357929	9
CP012026	357930	9
CP012026	357931	9
CP012026	357932	9
CP012026	357933	9
CP012026	357934	9
CP012026	357935	9
CP012026	357936	8
CP012026	357937	8
CP012026	357938	8
CP012026	357939	8
CP012026	357940	8
CP012026	357941	8
CP012026	357942	8
CP012026	357943	8
CP012026	357944	8
CP012026	357945	8
CP012026	357946	8
CP012026	357947	8
CP012026	357948	8
CP012026	357949	8
CP012026	357950	8
CP012026	357951	8
CP012026	357952	8
CP012026	357953	8
CP012026	357954	8
CP012026	357955	8
CP012026	357956	8
CP012026	357957	8
CP012026	357958	8
CP012026	357959	8
CP012026	357960	8
CP012026	357961	8
CP012026	357962	8
CP012026	357963	8
CP012026	357964	8
CP012026	357965	8
CP012026	357966	8
CP012026	357967	8
CP012026	357968	8
CP012026	357969	8
CP012026	357970	8
CP012026	357971	8
CP012026	357972	8
CP012026	357973	8
CP012026	357974	8
CP012026	357975	8
CP012026	357976	8
CP012026	357977	8
CP012026	357978	8
CP012026	357979	6
CP012026	357980	6
CP012026	357981	6
CP012026	357982	6
CP012026	357983	6
CP012026	357984	6
CP012026	357985	6
CP012026	357986	6
CP012026	357987	6
CP012026	357988	6
CP012026	357989	6
CP012026	357990	6
CP012026	357991	6
CP012026	357992	6
CP012026	357993	6
CP012026	357994	6
CP012026	357995	6
CP012026	357996	6
CP012026	357997	6
CP012026	357998	6
CP012026	357999	6
CP012026	358000	5
CP012026	358001	5
CP012026	358002	5
CP012026	358003	5
CP012026	358004	5
CP012026	358005	5
CP012026	358006	5
CP012026	358007	5
CP012026	358008	6
CP012026	358009	6
CP012026	358010	6
CP012026	358011	6
CP012026	358012	6
CP012026	358013	6
CP012026	358014	4
CP012026	358015	4
CP012026	358016	4
CP012026	358017	4
CP012026	358018	4
CP012026	358019	4
CP012026	358020	4
CP012026	358021	4
CP012026	358022	4
CP012026	358023	4
CP012026	358024	4
CP012026	358025	4
CP012026	358026	4
CP012026	358027	4
CP012026	358028	4
CP012026	358029	4
CP012026	358030	4
CP012026	358031	4
CP012026	358032	4
CP012026	358033	4
CP012026	358034	4
CP012026	358035	4
CP012026	358036	4
CP012026	358037	4
CP012026	358038	4
CP012026	358039	4
CP012026	358040	4
CP012026	358041	4
CP012026	358042	4
CP012026	358043	4
CP012026	358044	4
CP012026	358045	4
CP012026	358046	4
CP012026	358047	4
CP012026	358048	4
CP012026	358049	4
CP012026	358050	4
CP012026	358051	4
CP012026	358052	4
CP012026	358053	4
CP012026	358054	4
CP012026	358055	4
CP012026	358056	4
CP012026	358057	4
CP012026	358058	4
CP012026	358059	4
CP012026	358060	4
CP012026	358061	4
CP012026	358062	3
CP012026	358063	3
CP012026	358064	3
CP012026	358065	3
CP012026	358066	3
CP012026	358067	3
CP012026	358068	3
CP012026	358069	3
CP012026	358070	3
CP012026	358071	3
CP012026	358072	3
CP012026	358073	3
CP012026	358074	3
CP012026	358075	2
CP012026	358076	2
CP012026	358077	2
CP012026	358078	2
CP012026	358079	2
CP012026	358080	2
CP012026	358081	2
CP012026	358082	2
CP012026	358083	2
CP012026	358084	2
CP012026	358085	2
CP012026	358086	2
CP012026	358087	2
CP012026	358088	2
CP012026	358089	2
CP012026	358090	2
CP012026	358091	1
CP012026	358092	1
CP012026	358093	1
CP012026	358094	1
CP012026	358095	1
CP012026	358096	1
CP012026	358097	1
CP012026	358098	3
CP012026	358099	3
CP012026	358100	3
CP012026	358101	3
CP012026	358102	5
CP012026	358103	5
CP012026	358104	5
CP012026	358105	5
CP012026	358106	5
CP012026	358107	5
CP012026	358108	5
CP012026	358109	5
CP012026	358110	5
CP012026	358111	5
CP012026	358112	5
CP012026	358113	7
CP012026	358114	7
CP012026	358115	7
CP012026	358116	7
CP012026	358117	7
CP012026	358118	7
CP012026	358119	7
CP012026	358120	7
CP012026	358121	7
CP012026	358122	7
CP012026	358123	7
CP012026	358124	7
CP012026	358125	7
CP012026	358126	7
CP012026	358127	7
CP012026	358128	7
CP012026	358129	7
CP012026	358130	7
CP012026	358131	7
CP012026	358132	7
CP012026	358133	7
CP012026	358134	7
CP012026	358135	7
CP012026	358136	7
CP012026	358137	7
CP012026	358138	7
CP012026	358139	7
CP012026	358140	7
CP012026	358141	7
CP012026	358142	7
CP012026	358143	7
CP012026	358144	7
CP012026	358145	7
CP012026	358146	7
CP012026	358147	7
CP012026	358148	7
CP012026	358149	7
CP012026	358150	7
CP012026	358151	7
CP012026	358152	7
CP012026	358153	7
CP012026	358154	7
CP012026	358155	7
CP012026	358156	7
CP012026	358157	7
CP012026	358158	7
CP012026	358159	7
CP012026	358160	8
CP012026	358161	8
CP012026	358162	8
CP012026	358163	8
CP012026	358164	8
CP012026	358165	8
CP012026	358166	8
CP012026	358167	8
CP012026	358168	8
CP012026	358169	8
CP012026	358170	8
CP012026	358171	11
CP012026	358172	11
CP012026	358173	11
CP012026	358174	11
CP012026	358175	11
CP012026	358176	11
CP012026	358177	11
CP012026	358178	11
CP012026	358179	11
CP012026	358180	11
CP012026	358181	11
CP012026	358182	11
CP012026	358183	11
CP012026	358184	11
CP012026	358185	11
CP012026	358186	11
CP012026	358187	11
CP012026	358188	11
CP012026	358189	11
CP012026	358190	11
CP012026	358191	11
CP012026	358192	11
CP012026	358193	11
CP012026	358194	11
CP012026	358195	13
CP012026	358196	13
CP012026	358197	13
CP012026	358198	13
CP012026	358199	13
CP012026	358200	13
CP012026	358201	13
CP012026	358202	13
CP012026	358203	13
CP012026	358204	13
CP012026	358205	13
CP012026	358206	13
CP012026	358207	13
CP012026	358208	13
CP012026	358209	13
CP012026	358210	13
CP012026	358211	13
CP012026	358212	13
CP012026	358213	13
CP012026	358214	13
CP012026	358215	14
CP012026	358216	14
CP012026	358217	14
CP012026	358218	14
CP012026	358219	14
CP012026	358220	14
CP012026	358221	14
CP012026	358222	14
CP012026	358223	14
CP012026	358224	14
CP012026	358225	14
CP012026	358226	14
CP012026	358227	14
CP012026	358228	14
CP012026	358229	14
CP012026	358230	14
CP012026	358231	14
CP012026	358232	14
CP012026	358233	14
CP012026	358234	14
CP012026	358235	15
CP012026	358236	15
CP012026	358237	15
CP012026	358238	15
CP012026	358239	16
CP012026	358240	16
CP012026	358241	16
CP012026	358242	16
CP012026	358243	16
CP012026	358244	16
CP012026	358245	16
CP012026	358246	16
CP012026	358247	16
CP012026	358248	16
CP012026	358249	16
CP012026	358250	18
CP012026	358251	18
CP012026	358252	18
CP012026	358253	18
CP012026	358254	18
CP012026	358255	18
CP012026	358256	18
CP012026	358257	18
CP012026	358258	18
CP012026	358259	17
CP012026	358260	17
CP012026	358261	17
CP012026	358262	17
CP012026	358263	18
CP012026	358264	18
CP012026	358265	20
CP012026	358266	20
CP012026	358267	20
CP012026	358268	20
CP012026	358269	20
CP012026	358270	20
CP012026	358271	20
CP012026	358272	20
CP012026	358273	20
CP012026	358274	20
CP012026	358275	20
CP012026	358276	20
CP012026	358277	20
CP012026	358278	20
CP012026	358279	20
CP012026	358280	20
CP012026	358281	20
CP012026	358282	20
CP012026	358283	20
CP012026	358284	20
CP012026	358285	20
CP012026	358286	20
CP012026	358287	20
CP012026	358288	20
CP012026	358289	20
CP012026	358290	20
CP012026	358291	20
CP012026	358292	20
CP012026	358293	20
CP012026	358294	20
CP012026	358295	16
CP012026	358296	16
CP012026	358297	16
CP012026	358298	16
CP012026	358299	16
CP012026	358300	16
CP012026	358301	16
CP012026	358302	16
CP012026	358303	16
CP012026	358304	16
CP012026	358305	16
CP012026	358306	16
CP012026	358307	16
CP012026	358308	16
CP012026	358309	16
CP012026	358310	16
CP012026	358311	16
CP012026	358312	16
CP012026	358313	16
CP012026	358314	16
CP012026	358315	16
CP012026	358316	16
CP012026	358317	16
CP012026	358318	16
CP012026	358319	16
CP012026	358320	17
CP012026	358321	17
CP012026	358322	17
CP012026	358323	17
CP012026	358324	17
CP012026	358325	17
CP012026	358326	17
CP012026	358327	17
CP012026	358328	17
CP012026	358329	17
CP012026	358330	17
CP012026	358331	17
CP012026	358332	17
CP012026	358333	17
CP012026	358334	17
CP012026	358335	17
CP012026	358336	17
CP012026	358337	17
CP012026	358338	17
CP012026	358339	17
CP012026	358340	17
CP012026	358341	17
CP012026	358342	17
CP012026	358343	17
CP012026	358344	20
CP012026	358345	20
CP012026	358346	20
CP012026	358347	20
CP012026	358348	20
CP012026	358349	20
CP012026	358350	20
CP012026	358351	20
CP012026	358352	20
CP012026	358353	20
CP012026	358354	20
CP012026	358355	20
CP012026	358356	20
CP012026	358357	20
CP012026	358358	18
CP012026	358359	18
CP012026	358360	18
CP012026	358361	18
CP012026	358362	18
CP012026	358363	18
CP012026	358364	18
CP012026	358365	18
CP012026	358366	16
CP012026	358367	16
CP012026	358368	16
CP012026	358369	16
CP012026	358370	17
CP012026	358371	18
CP012026	358372	18
CP012026	358373	18
CP012026	358374	16
CP012026	358375	16
CP012026	358376	16
CP012026	358377	16
CP012026	358378	16
CP012026	358379	16
CP012026	358380	16
CP012026	358381	16
CP012026	358382	16
CP012026	358383	16
CP012026	358384	18
CP012026	358385	18
CP012026	358386	18
CP012026	358387	18
CP012026	358388	18
CP012026	358389	21
CP012026	358390	21
CP012026	358391	22
CP012026	358392	22
CP012026	358393	22
CP012026	358394	22
CP012026	358395	22
CP012026	358396	22
CP012026	358397	23
CP012026	358398	23
CP012026	358399	23
CP012026	358400	23
CP012026	358401	23
CP012026	358402	24
CP012026	358403	24
CP012026	358404	24
CP012026	358405	24
CP012026	358406	24
CP012026	358407	24
CP012026	358408	24
CP012026	358409	24
CP012026	358410	23
CP012026	358411	23
CP012026	358412	23
CP012026	358413	23
CP012026	358414	23
CP012026	358415	23
CP012026	358416	25
CP012026	358417	26
CP012026	358418	26
CP012026	358419	26
CP012026	358420	26
CP012026	358421	26
CP012026	358422	25
CP012026	358423	25
CP012026	358424	25
CP012026	358425	25
CP012026	358426	25
CP012026	358427	25
CP012026	358428	25
CP012026	358429	25
CP012026	358430	25
CP012026	358431	25
CP012026	358432	25
CP012026	358433	25
CP012026	358434	23
CP012026	358435	23
CP012026	358436	23
CP012026	358437	23
CP012026	358438	23
CP012026	358439	23
CP012026	358440	23
CP012026	358441	23
CP012026	358442	23
CP012026	358443	23
CP012026	358444	23
CP012026	358445	23
CP012026	358446	23
CP012026	358447	23
CP012026	358448	23
CP012026	358449	23
CP012026	358450	23
CP012026	358451	23
CP012026	358452	23
CP012026	358453	23
CP012026	358454	25
CP012026	358455	25
CP012026	358456	25
CP012026	358457	25
CP012026	358458	25
CP012026	358459	25
CP012026	358460	25
CP012026	358461	23
CP012026	358462	23
CP012026	358463	23
CP012026	358464	23
CP012026	358465	23
CP012026	358466	24
CP012026	358467	24
CP012026	358468	22
CP012026	358469	22
CP012026	358470	22
CP012026	358471	22
CP012026	358472	22
CP012026	358473	22
CP012026	358474	22
CP012026	358475	22
CP012026	358476	22
CP012026	358477	22
CP012026	358478	24
CP012026	358479	24
CP012026	358480	24
CP012026	358481	25
CP012026	358482	27
CP012026	358483	27
CP012026	358484	27
CP012026	358485	27
CP012026	358486	26
CP012026	358487	26
CP012026	358488	26
CP012026	358489	27
CP012026	358490	26
CP012026	358491	26
CP012026	358492	28
CP012026	358493	28
CP012026	358494	28
CP012026	358495	28
CP012026	358496	28
CP012026	358497	29
CP012026	358498	32
CP012026	358499	32
CP012026	358500	32
CP012026	358501	32
CP012026	358502	32
CP012026	358503	32
CP012026	358504	34
CP012026	358505	34
CP012026	358506	34
CP012026	358507	34
CP012026	358508	34
CP012026	358509	34
CP012026	358510	34
CP012026	358511	34
CP012026	358512	34
CP012026	358513	34
CP012026	358514	33
CP012026	358515	33
CP012026	358516	33
CP012026	358517	33
CP012026	358518	33
CP012026	358519	33
CP012026	358520	33
CP012026	358521	33
CP012026	358522	33
CP012026	358523	33
CP012026	358524	33
CP012026	358525	33
CP012026	358526	33
CP012026	358527	33
CP012026	358528	33
CP012026	358529	33
CP012026	358530	33
CP012026	358531	33
CP012026	358532	33
CP012026	358533	34
CP012026	358534	34
CP012026	358535	34
CP012026	358536	34
CP012026	358537	34
CP012026	358538	34
CP012026	358539	34
CP012026	358540	36
CP012026	358541	36
CP012026	358542	34
CP012026	358543	34
CP012026	358544	34
CP012026	358545	34
CP012026	358546	34
CP012026	358547	34
CP012026	358548	34
CP012026	358549	34
CP012026	358550	34
CP012026	358551	34
CP012026	358552	34
CP012026	358553	34
CP012026	358554	34
CP012026	358555	34
CP012026	358556	34
CP012026	358557	34
CP012026	358558	34
CP012026	358559	34
CP012026	358560	34
CP012026	358561	34
CP012026	358562	34
CP012026	358563	35
CP012026	358564	35
CP012026	358565	35
CP012026	358566	35
CP012026	358567	35
CP012026	358568	35
CP012026	358569	35
CP012026	358570	35
CP012026	358571	34
CP012026	358572	32
CP012026	358573	32
CP012026	358574	32
CP012026	358575	32
CP012026	358576	34
CP012026	358577	34
CP012026	358578	34
CP012026	358579	34
CP012026	358580	34
CP012026	358581	34
CP012026	358582	34
CP012026	358583	34
CP012026	358584	34
CP012026	358585	34
CP012026	358586	34
CP012026	358587	34
CP012026	358588	34
CP012026	358589	34
CP012026	358590	34
CP012026	358591	34
CP012026	358592	35
CP012026	358593	35
CP012026	358594	35
CP012026	358595	32
CP012026	358596	32
CP012026	358597	32
CP012026	358598	32
CP012026	358599	32
CP012026	358600	32
CP012026	358601	32
CP012026	358602	32
CP012026	358603	32
CP012026	358604	32
CP012026	358605	32
CP012026	358606	32
CP012026	358607	32
CP012026	358608	32
CP012026	358609	32
CP012026	358610	32
CP012026	358611	32
CP012026	358612	32
CP012026	358613	32
CP012026	358614	32
CP012026	358615	32
CP012026	358616	32
CP012026	358617	28
CP012026	358618	28
CP012026	358619	28
CP012026	358620	28
CP012026	358621	27
CP012026	358622	26
CP012026	358623	26
CP012026	358624	26
CP012026	358625	26
CP012026	358626	26
CP012026	358627	26
CP012026	358628	26
CP012026	358629	27
CP012026	358630	27
CP012026	358631	27
CP012026	358632	27
CP012026	358633	27
CP012026	358634	27
CP012026	358635	27
CP012026	358636	27
CP012026	358637	27
CP012026	358638	27
CP012026	358639	27
CP012026	358640	26
CP012026	358641	25
CP012026	358642	25
CP012026	358643	25
CP012026	358644	25
CP012026	358645	25
CP012026	358646	25
CP012026	358647	25
CP012026	358648	24
CP012026	358649	24
CP012026	358650	24
CP012026	358651	25
CP012026	358652	25
CP012026	358653	24
CP012026	358654	24
CP012026	358655	24
CP012026	358656	25
CP012026	358657	25
CP012026	358658	25
CP012026	358659	25
CP012026	358660	26
CP012026	358661	28
CP012026	358662	28
CP012026	358663	28
CP012026	358664	28
CP012026	358665	28
CP012026	358666	19
CP012026	358667	19
CP012026	358668	19
CP012026	358669	19
CP012026	358670	19
CP012026	358671	19
CP012026	358672	19
CP012026	358673	19
CP012026	358674	19
CP012026	358675	19
CP012026	358676	20
CP012026	358677	20
CP012026	358678	20
CP012026	358679	20
CP012026	358680	20
CP012026	358681	20
CP012026	358682	20
CP012026	358683	20
CP012026	358684	20
CP012026	358685	20
CP012026	358686	20
CP012026	358687	20
CP012026	358688	20
CP012026	358689	20
CP012026	358690	20
CP012026	358691	21
CP012026	358692	21
CP012026	358693	21
CP012026	358694	21
CP012026	358695	21
CP012026	358696	21
CP012026	358697	21
CP012026	358698	21
CP012026	358699	21
CP012026	358700	21
CP012026	358701	21
CP012026	358702	21
CP012026	358703	21
CP012026	358704	21
CP012026	358705	21
CP012026	358706	21
CP012026	358707	21
CP012026	358708	21
CP012026	358709	23
CP012026	358710	23
CP012026	358711	23
CP012026	358712	23
CP012026	358713	23
CP012026	358714	23
CP012026	358715	23
CP012026	358716	23
CP012026	358717	23
CP012026	358718	23
CP012026	358719	24
CP012026	358720	24
CP012026	358721	24
CP012026	358722	24
CP012026	358723	24
CP012026	358724	24
CP012026	358725	24
CP012026	358726	24
CP012026	358727	24
CP012026	358728	24
CP012026	358729	24
CP012026	358730	25
CP012026	358731	27
CP012026	358732	26
CP012026	358733	26
CP012026	358734	28
CP012026	358735	28
CP012026	358736	28
CP012026	358737	28
CP012026	358738	29
CP012026	358739	28
CP012026	358740	28
CP012026	358741	28
CP012026	358742	28
CP012026	358743	28
CP012026	358744	28
CP012026	358745	28
CP012026	358746	28
CP012026	358747	27
CP012026	358748	27
CP012026	358749	26
CP012026	358750	26
CP012026	358751	26
CP012026	358752	25
CP012026	358753	25
CP012026	358754	24
CP012026	358755	27
CP012026	358756	27
CP012026	358757	27
CP012026	358758	27
CP012026	358759	27
CP012026	358760	27
CP012026	358761	28
CP012026	358762	29
CP012026	358763	29
CP012026	358764	29
CP012026	358765	30
CP012026	358766	30
CP012026	358767	32
CP012026	358768	32
CP012026	358769	30
CP012026	358770	30
CP012026	358771	30
CP012026	358772	30
CP012026	358773	30
CP012026	358774	30
CP012026	358775	30
CP012026	358776	30
CP012026	358777	30
CP012026	358778	30
CP012026	358779	30
CP012026	358780	30
CP012026	358781	30
CP012026	358782	39
CP012026	358783	39
CP012026	358784	38
CP012026	358785	38
CP012026	358786	38
CP012026	358787	38
CP012026	358788	38
CP012026	358789	38
CP012026	358790	38
CP012026	358791	36
CP012026	358792	36
CP012026	358793	37
CP012026	358794	37
CP012026	358795	37
CP012026	358796	37
CP012026	358797	37
CP012026	358798	37
CP012026	358799	37
CP012026	358800	37
CP012026	358801	37
CP012026	358802	37
CP012026	358803	37
CP012026	358804	37
CP012026	358805	38
CP012026	358806	38
CP012026	358807	38
CP012026	358808	38
CP012026	358809	38
CP012026	358810	38
CP012026	358811	38
CP012026	358812	38
CP012026	358813	38
CP012026	358814	37
CP012026	358815	37
CP012026	358816	37
CP012026	358817	37
CP012026	358818	37
CP012026	358819	37
CP012026	358820	37
CP012026	358821	37
CP012026	358822	37
CP012026	358823	37
CP012026	358824	38
CP012026	358825	38
CP012026	358826	38
CP012026	358827	38
CP012026	358828	38
CP012026	358829	38
CP012026	358830	38
CP012026	358831	38
CP012026	358832	38
CP012026	358833	38
CP012026	358834	38
CP012026	358835	38
CP012026	358836	38
CP012026	358837	38
CP012026	358838	38
CP012026	358839	38
CP012026	358840	38
CP012026	358841	42
CP012026	358842	42
CP012026	358843	41
CP012026	358844	41
CP012026	358845	41
CP012026	358846	41
CP012026	358847	41
CP012026	358848	41
CP012026	358849	41
CP012026	358850	41
CP012026	358851	41
CP012026	358852	42
CP012026	358853	43
CP012026	358854	44
CP012026	358855	44
CP012026	358856	45
CP012026	358857	45
CP012026	358858	45
CP012026	358859	45
CP012026	358860	45
CP012026	358861	45
CP012026	358862	45
CP012026	358863	45
CP012026	358864	45
CP012026	358865	45
CP012026	358866	45
CP012026	358867	45
CP012026	358868	46
CP012026	358869	46
CP012026	358870	46
CP012026	358871	46
CP012026	358872	46
CP012026	358873	46
CP012026	358874	46
CP012026	358875	46
CP012026	358876	46
CP012026	358877	46
CP012026	358878	46
CP012026	358879	46
CP012026	358880	43
CP012026	358881	44
CP012026	358882	44
CP012026	358883	44
CP012026	358884	44
CP012026	358885	44
CP012026	358886	44
CP012026	358887	44
CP012026	358888	44
CP012026	358889	44
CP012026	358890	44
CP012026	358891	45
CP012026	358892	45
CP012026	358893	45
CP012026	358894	45
CP012026	358895	45
CP012026	358896	45
CP012026	358897	45
CP012026	358898	41
CP012026	358899	41
CP012026	358900	42
CP012026	358901	42
CP012026	358902	41
CP012026	358903	41
CP012026	358904	41
CP012026	358905	41
CP012026	358906	41
CP012026	358907	41
CP012026	358908	43
CP012026	358909	41
CP012026	358910	41
CP012026	358911	40
CP012026	358912	40
CP012026	358913	40
CP012026	358914	40
CP012026	358915	40
CP012026	358916	40
CP012026	358917	40
CP012026	358918	42
CP012026	358919	42
CP012026	358920	42
CP012026	358921	42
CP012026	358922	42
CP012026	358923	42
CP012026	358924	42
CP012026	358925	42
CP012026	358926	42
CP012026	358927	41
CP012026	358928	41
CP012026	358929	41
CP012026	358930	41
CP012026	358931	41
CP012026	358932	39
CP012026	358933	39
CP012026	358934	39
CP012026	358935	39
CP012026	358936	39
CP012026	358937	39
CP012026	358938	39
CP012026	358939	40
CP012026	358940	42
CP012026	358941	41
CP012026	358942	41
CP012026	358943	42
CP012026	358944	42
CP012026	358945	42
CP012026	358946	42
CP012026	358947	42
CP012026	358948	42
CP012026	358949	42
CP012026	358950	42
CP012026	358951	43
CP012026	358952	43
CP012026	358953	43
CP012026	358954	43
CP012026	358955	43
CP012026	358956	43
CP012026	358957	43
CP012026	358958	43
CP012026	358959	43
CP012026	358960	43
CP012026	358961	43
CP012026	358962	43
CP012026	358963	43
CP012026	358964	43
CP012026	358965	43
CP012026	358966	43
CP012026	358967	48
CP012026	358968	48
CP012026	358969	49
CP012026	358970	48
CP012026	358971	48
CP012026	358972	50
CP012026	358973	50
CP012026	358974	50
CP012026	358975	50
CP012026	358976	50
CP012026	358977	50
CP012026	358978	52
CP012026	358979	52
CP012026	358980	51
CP012026	358981	49
CP012026	358982	49
CP012026	358983	49
CP012026	358984	50
CP012026	358985	46
CP012026	358986	46
CP012026	358987	46
CP012026	358988	46
CP012026	358989	45
CP012026	358990	47
CP012026	358991	47
CP012026	358992	47
CP012026	358993	47
CP012026	358994	47
CP012026	358995	47
CP012026	358996	47
CP012026	358997	47
CP012026	358998	47
CP012026	358999	47
CP012026	359000	47
CP012026	359001	47
CP012026	359002	47
CP012026	359003	47
CP012026	359004	47
CP012026	359005	47
CP012026	359006	44
CP012026	359007	46
CP012026	359008	47
CP012026	359009	47
CP012026	359010	48
CP012026	359011	47
CP012026	359012	47
CP012026	359013	46
CP012026	359014	46
CP012026	359015	42
CP012026	359016	41
CP012026	359017	41
CP012026	359018	41
CP012026	359019	41
CP012026	359020	41
CP012026	359021	41
CP012026	359022	41
CP012026	359023	41
CP012026	359024	41
CP012026	359025	41
CP012026	359026	41
CP012026	359027	41
CP012026	359028	43
CP012026	359029	43
CP012026	359030	43
CP012026	359031	43
CP012026	359032	43
CP012026	359033	40
CP012026	359034	40
CP012026	359035	40
CP012026	359036	40
CP012026	359037	41
CP012026	359038	41
CP012026	359039	42
CP012026	359040	43
CP012026	359041	43
CP012026	359042	43
CP012026	359043	43
CP012026	359044	42
CP012026	359045	42
CP012026	359046	42
CP012026	359047	42
CP012026	359048	42
CP012026	359049	42
CP012026	359050	42
CP012026	359051	42
CP012026	359052	42
CP012026	359053	42
CP012026	359054	42
CP012026	359055	42
CP012026	359056	41
CP012026	359057	41
CP012026	359058	41
CP012026	359059	41
CP012026	359060	41
CP012026	359061	41
CP012026	359062	41
CP012026	359063	41
CP012026	359064	41
CP012026	359065	41
CP012026	359066	41
CP012026	359067	41
CP012026	359068	41
CP012026	359069	41
CP012026	359070	41
CP012026	359071	41
CP012026	359072	41
CP012026	359073	43
CP012026	359074	43
CP012026	359075	42
CP012026	359076	42
CP012026	359077	42
CP012026	359078	42
CP012026	359079	42
CP012026	359080	42
CP012026	359081	42
CP012026	359082	42
CP012026	359083	42
CP012026	359084	42
CP012026	359085	42
CP012026	359086	42
CP012026	359087	45
CP012026	359088	45
CP012026	359089	45
CP012026	359090	45
CP012026	359091	49
CP012026	359092	49
CP012026	359093	49
CP012026	359094	47
CP012026	359095	47
CP012026	359096	47
CP012026	359097	49
CP012026	359098	49
CP012026	359099	49
CP012026	359100	48
CP012026	359101	48
CP012026	359102	48
CP012026	359103	48
CP012026	359104	47
CP012026	359105	46
CP012026	359106	46
CP012026	359107	45
CP012026	359108	46
CP012026	359109	46
CP012026	359110	44
CP012026	359111	44
CP012026	359112	44
CP012026	359113	44
CP012026	359114	44
CP012026	359115	44
CP012026	359116	44
CP012026	359117	44
CP012026	359118	44
CP012026	359119	43
CP012026	359120	43
CP012026	359121	43
CP012026	359122	43
CP012026	359123	43
CP012026	359124	43
CP012026	359125	43
CP012026	359126	43
CP012026	359127	43
CP012026	359128	43
CP012026	359129	43
CP012026	359130	44
CP012026	359131	43
CP012026	359132	43
CP012026	359133	43
CP012026	359134	43
CP012026	359135	44
CP012026	359136	44
CP012026	359137	44
CP012026	359138	44
CP012026	359139	42
CP012026	359140	42
CP012026	359141	39
CP012026	359142	39
CP012026	359143	39
CP012026	359144	39
CP012026	359145	39
CP012026	359146	39
CP012026	359147	39
CP012026	359148	39
CP012026	359149	39
CP012026	359150	39
CP012026	359151	38
CP012026	359152	38
CP012026	359153	39
CP012026	359154	39
CP012026	359155	39
CP012026	359156	39
CP012026	359157	38
CP012026	359158	38
CP012026	359159	38
CP012026	359160	38
CP012026	359161	42
CP012026	359162	42
CP012026	359163	42
CP012026	359164	42
CP012026	359165	42
CP012026	359166	42
CP012026	359167	42
CP012026	359168	41
CP012026	359169	40
CP012026	359170	41
CP012026	359171	43
CP012026	359172	41
CP012026	359173	41
CP012026	359174	41
CP012026	359175	41
CP012026	359176	41
CP012026	359177	41
CP012026	359178	41
CP012026	359179	41
CP012026	359180	41
CP012026	359181	41
CP012026	359182	41
CP012026	359183	42
CP012026	359184	42
CP012026	359185	42
CP012026	359186	42
CP012026	359187	42
CP012026	359188	42
CP012026	359189	42
CP012026	359190	39
CP012026	359191	39
CP012026	359192	40
CP012026	359193	40
CP012026	359194	40
CP012026	359195	41
CP012026	359196	41
CP012026	359197	44
CP012026	359198	44
CP012026	359199	44
CP012026	359200	44
CP012026	359201	43
CP012026	359202	43
CP012026	359203	43
CP012026	359204	43
CP012026	359205	43
CP012026	359206	43
CP012026	359207	45
CP012026	359208	45
CP012026	359209	46
CP012026	359210	46
CP012026	359211	46
CP012026	359212	46
CP012026	359213	46
CP012026	359214	46
CP012026	359215	46
CP012026	359216	46
CP012026	359217	46
CP012026	359218	44
CP012026	359219	44
CP012026	359220	43
CP012026	359221	43
CP012026	359222	44
CP012026	359223	44
CP012026	359224	44
CP012026	359225	45
CP012026	359226	44
CP012026	359227	44
CP012026	359228	44
CP012026	359229	43
CP012026	359230	43
CP012026	359231	41
CP012026	359232	41
CP012026	359233	43
CP012026	359234	44
CP012026	359235	43
CP012026	359236	43
CP012026	359237	43
CP012026	359238	43
CP012026	359239	43
CP012026	359240	43
CP012026	359241	43
CP012026	359242	43
CP012026	359243	43
CP012026	359244	43
CP012026	359245	43
CP012026	359246	43
CP012026	359247	43
CP012026	359248	43
CP012026	359249	43
CP012026	359250	43
CP012026	359251	43
CP012026	359252	43
CP012026	359253	43
CP012026	359254	43
CP012026	359255	44
CP012026	359256	44
CP012026	359257	44
CP012026	359258	41
CP012026	359259	41
CP012026	359260	41
CP012026	359261	41
CP012026	359262	43
CP012026	359263	43
CP012026	359264	43
CP012026	359265	43
CP012026	359266	43
CP012026	359267	43
CP012026	359268	42
CP012026	359269	42
CP012026	359270	43
CP012026	359271	43
CP012026	359272	43
CP012026	359273	43
CP012026	359274	43
CP012026	359275	44
CP012026	359276	44
CP012026	359277	44
CP012026	359278	44
CP012026	359279	44
CP012026	359280	44
CP012026	359281	44
CP012026	359282	44
CP012026	359283	43
CP012026	359284	44
CP012026	359285	44
CP012026	359286	44
CP012026	359287	44
CP012026	359288	43
CP012026	359289	42
CP012026	359290	42
CP012026	359291	41
CP012026	359292	41
CP012026	359293	41
CP012026	359294	41
CP012026	359295	42
CP012026	359296	42
CP012026	359297	42
CP012026	359298	42
CP012026	359299	42
CP012026	359300	44
CP012026	359301	44
CP012026	359302	44
CP012026	359303	44
CP012026	359304	44
CP012026	359305	46
CP012026	359306	46
CP012026	359307	46
CP012026	359308	46
CP012026	359309	47
CP012026	359310	47
CP012026	359311	47
CP012026	359312	47
CP012026	359313	47
CP012026	359314	47
CP012026	359315	47
CP012026	359316	47
CP012026	359317	47
CP012026	359318	48
CP012026	359319	49
CP012026	359320	49
CP012026	359321	49
CP012026	359322	49
CP012026	359323	49
CP012026	359324	50
CP012026	359325	50
CP012026	359326	50
CP012026	359327	52
CP012026	359328	52
CP012026	359329	52
CP012026	359330	52
CP012026	359331	52
CP012026	359332	52
CP012026	359333	52
CP012026	359334	52
CP012026	359335	51
CP012026	359336	47
CP012026	359337	50
CP012026	359338	48
CP012026	359339	48
CP012026	359340	48
CP012026	359341	48
CP012026	359342	44
CP012026	359343	46
CP012026	359344	46
CP012026	359345	46
CP012026	359346	46
CP012026	359347	46
CP012026	359348	46
CP012026	359349	46
CP012026	359350	46
CP012026	359351	47
CP012026	359352	47
CP012026	359353	47
CP012026	359354	47
CP012026	359355	47
CP012026	359356	47
CP012026	359357	47
CP012026	359358	47
CP012026	359359	46
CP012026	359360	47
CP012026	359361	47
CP012026	359362	47
CP012026	359363	47
CP012026	359364	47
CP012026	359365	47
CP012026	359366	47
CP012026	359367	47
CP012026	359368	47
CP012026	359369	47
CP012026	359370	47
CP012026	359371	47
CP012026	359372	47
CP012026	359373	47
CP012026	359374	47
CP012026	359375	47
CP012026	359376	47
CP012026	359377	47
CP012026	359378	47
CP012026	359379	47
CP012026	359380	47
CP012026	359381	46
CP012026	359382	46
CP012026	359383	48
CP012026	359384	48
CP012026	359385	48
CP012026	359386	48
CP012026	359387	48
CP012026	359388	48
CP012026	359389	48
CP012026	359390	48
CP012026	359391	48
CP012026	359392	48
CP012026	359393	48
CP012026	359394	48
CP012026	359395	48
CP012026	359396	48
CP012026	359397	48
CP012026	359398	48
CP012026	359399	48
CP012026	359400	49
CP012026	359401	49
CP012026	359402	53
CP012026	359403	51
CP012026	359404	50
CP012026	359405	50
CP012026	359406	50
CP012026	359407	50
CP012026	359408	50
CP012026	359409	47
CP012026	359410	47
CP012026	359411	44
CP012026	359412	44
CP012026	359413	46
CP012026	359414	46
CP012026	359415	46
CP012026	359416	46
CP012026	359417	46
CP012026	359418	46
CP012026	359419	45
CP012026	359420	45
CP012026	359421	45
CP012026	359422	45
CP012026	359423	45
CP012026	359424	45
CP012026	359425	45
CP012026	359426	45
CP012026	359427	45
CP012026	359428	45
CP012026	359429	45
CP012026	359430	45
CP012026	359431	45
CP012026	359432	45
CP012026	359433	45
CP012026	359434	44
CP012026	359435	44
CP012026	359436	44
CP012026	359437	44
CP012026	359438	44
CP012026	359439	44
CP012026	359440	44
CP012026	359441	44
CP012026	359442	44
CP012026	359443	43
CP012026	359444	42
CP012026	359445	42
CP012026	359446	39
CP012026	359447	39
CP012026	359448	38
CP012026	359449	38
CP012026	359450	38
CP012026	359451	38
CP012026	359452	38
CP012026	359453	38
CP012026	359454	38
CP012026	359455	38
CP012026	359456	38
CP012026	359457	38
CP012026	359458	38
CP012026	359459	37
CP012026	359460	37
CP012026	359461	37
CP012026	359462	37
CP012026	359463	37
CP012026	359464	37
CP012026	359465	37
CP012026	359466	37
CP012026	359467	37
CP012026	359468	37
CP012026	359469	37
CP012026	359470	37
CP012026	359471	36
CP012026	359472	36
CP012026	359473	35
CP012026	359474	35
CP012026	359475	35
CP012026	359476	30
CP012026	359477	30
CP012026	359478	30
CP012026	359479	30
CP012026	359480	30
CP012026	359481	30
CP012026	359482	30
CP012026	359483	30
CP012026	359484	30
CP012026	359485	29
CP012026	359486	29
CP012026	359487	30
CP012026	359488	30
CP012026	359489	30
CP012026	359490	30
CP012026	359491	30
CP012026	359492	30
CP012026	359493	30
CP012026	359494	30
CP012026	359495	30
CP012026	359496	30
CP012026	359497	30
CP012026	359498	30
CP012026	359499	30
CP012026	359500	30
CP012026	359501	30
CP012026	359502	32
CP012026	359503	34
CP012026	359504	34
CP012026	359505	34
CP012026	359506	31
CP012026	359507	31
CP012026	359508	31
CP012026	359509	31
CP012026	359510	31
CP012026	359511	30
CP012026	359512	30
CP012026	359513	28
CP012026	359514	28
CP012026	359515	28
CP012026	359516	28
CP012026	359517	28
CP012026	359518	28
CP012026	359519	28
CP012026	359520	28
CP012026	359521	28
CP012026	359522	28
CP012026	359523	28
CP012026	359524	28
CP012026	359525	29
CP012026	359526	28
CP012026	359527	28
CP012026	359528	28
CP012026	359529	28
CP012026	359530	29
CP012026	359531	30
CP012026	359532	30
CP012026	359533	30
CP012026	359534	30
CP012026	359535	30
CP012026	359536	30
CP012026	359537	30
CP012026	359538	30
CP012026	359539	30
CP012026	359540	30
CP012026	359541	30
CP012026	359542	31
CP012026	359543	31
CP012026	359544	31
CP012026	359545	30
CP012026	359546	30
CP012026	359547	30
CP012026	359548	30
CP012026	359549	30
CP012026	359550	30
CP012026	359551	28
CP012026	359552	28
CP012026	359553	28
CP012026	359554	28
CP012026	359555	28
CP012026	359556	28
CP012026	359557	28
CP012026	359558	28
CP012026	359559	29
CP012026	359560	28
CP012026	359561	30
CP012026	359562	31
CP012026	359563	31
CP012026	359564	31
CP012026	359565	29
CP012026	359566	29
CP012026	359567	29
CP012026	359568	29
CP012026	359569	28
CP012026	359570	29
CP012026	359571	29
CP012026	359572	29
CP012026	359573	29
CP012026	359574	28
CP012026	359575	28
CP012026	359576	28
CP012026	359577	28
CP012026	359578	28
CP012026	359579	28
CP012026	359580	28
CP012026	359581	28
CP012026	359582	28
CP012026	359583	28
CP012026	359584	29
CP012026	359585	29
CP012026	359586	29
CP012026	359587	29
CP012026	359588	28
CP012026	359589	28
CP012026	359590	28
CP012026	359591	29
CP012026	359592	29
CP012026	359593	29
CP012026	359594	29
CP012026	359595	29
CP012026	359596	29
CP012026	359597	29
CP012026	359598	29
CP012026	359599	29
CP012026	359600	29
CP012026	359601	29
CP012026	359602	28
CP012026	359603	28
CP012026	359604	28
CP012026	359605	28
CP012026	359606	28
CP012026	359607	28
CP012026	359608	28
CP012026	359609	28
CP012026	359610	28
CP012026	359611	27
CP012026	359612	27
CP012026	359613	25
CP012026	359614	25
CP012026	359615	25
CP012026	359616	25
CP012026	359617	25
CP012026	359618	25
CP012026	359619	26
CP012026	359620	26
CP012026	359621	26
CP012026	359622	24
CP012026	359623	24
CP012026	359624	24
CP012026	359625	24
CP012026	359626	24
CP012026	359627	24
CP012026	359628	24
CP012026	359629	24
CP012026	359630	24
CP012026	359631	24
CP012026	359632	24
CP012026	359633	24
CP012026	359634	22
CP012026	359635	22
CP012026	359636	22
CP012026	359637	21
CP012026	359638	21
CP012026	359639	21
CP012026	359640	21
CP012026	359641	21
CP012026	359642	21
CP012026	359643	21
CP012026	359644	21
CP012026	359645	21
CP012026	359646	21
CP012026	359647	21
CP012026	359648	21
CP012026	359649	21
CP012026	359650	21
CP012026	359651	20
CP012026	359652	16
CP012026	359653	16
CP012026	359654	17
CP012026	359655	17
CP012026	359656	17
CP012026	359657	17
CP012026	359658	17
CP012026	359659	17
CP012026	359660	17
CP012026	359661	18
CP012026	359662	18
CP012026	359663	18
CP012026	359664	18
CP012026	359665	19
CP012026	359666	19
CP012026	359667	19
CP012026	359668	19
CP012026	359669	19
CP012026	359670	19
CP012026	359671	19
CP012026	359672	19
CP012026	359673	19
CP012026	359674	19
CP012026	359675	19
CP012026	359676	19
CP012026	359677	19
CP012026	359678	19
CP012026	359679	19
CP012026	359680	19
CP012026	359681	19
CP012026	359682	19
CP012026	359683	19
CP012026	359684	19
CP012026	359685	19
CP012026	359686	19
CP012026	359687	19
CP012026	359688	19
CP012026	359689	19
CP012026	359690	19
CP012026	359691	19
CP012026	359692	19
CP012026	359693	19
CP012026	359694	19
CP012026	359695	19
CP012026	359696	19
CP012026	359697	19
CP012026	359698	19
CP012026	359699	19
CP012026	359700	19
CP012026	359701	19
CP012026	359702	19
CP012026	359703	19
CP012026	359704	19
CP012026	359705	19
CP012026	359706	19
CP012026	359707	19
CP012026	359708	19
CP012026	359709	19
CP012026	359710	19
CP012026	359711	19
CP012026	359712	19
CP012026	359713	19
CP012026	359714	19
CP012026	359715	17
CP012026	359716	17
CP012026	359717	17
CP012026	359718	17
CP012026	359719	17
CP012026	359720	17
CP012026	359721	17
CP012026	359722	17
CP012026	359723	17
CP012026	359724	17
CP012026	359725	17
CP012026	359726	17
CP012026	359727	17
CP012026	359728	17
CP012026	359729	17
CP012026	359730	18
CP012026	359731	18
CP012026	359732	18
CP012026	359733	18
CP012026	359734	18
CP012026	359735	18
CP012026	359736	19
CP012026	359737	19
CP012026	359738	19
CP012026	359739	19
CP012026	359740	19
CP012026	359741	19
CP012026	359742	19
CP012026	359743	19
CP012026	359744	19
CP012026	359745	19
CP012026	359746	19
CP012026	359747	19
CP012026	359748	19
CP012026	359749	19
CP012026	359750	19
CP012026	359751	19
CP012026	359752	19
CP012026	359753	19
CP012026	359754	17
CP012026	359755	17
CP012026	359756	17
CP012026	359757	17
CP012026	359758	17
CP012026	359759	17
CP012026	359760	17
CP012026	359761	17
CP012026	359762	17
CP012026	359763	17
CP012026	359764	17
CP012026	359765	17
CP012026	359766	19
CP012026	359767	19
CP012026	359768	19
CP012026	359769	19
CP012026	359770	19
CP012026	359771	19
CP012026	359772	20
CP012026	359773	20
CP012026	359774	20
CP012026	359775	20
CP012026	359776	19
CP012026	359777	19
CP012026	359778	19
CP012026	359779	19
CP012026	359780	18
CP012026	359781	18
CP012026	359782	17
CP012026	359783	17
CP012026	359784	17
CP012026	359785	15
CP012026	359786	15
CP012026	359787	15
CP012026	359788	15
CP012026	359789	15
CP012026	359790	15
CP012026	359791	15
CP012026	359792	15
CP012026	359793	14
CP012026	359794	14
CP012026	359795	14
CP012026	359796	14
CP012026	359797	16
CP012026	359798	16
CP012026	359799	16
CP012026	359800	16
CP012026	359801	16
CP012026	359802	16
CP012026	359803	16
CP012026	359804	16
CP012026	359805	16
CP012026	359806	15
CP012026	359807	15
CP012026	359808	16
CP012026	359809	16
CP012026	359810	16
CP012026	359811	16
CP012026	359812	16
CP012026	359813	15
CP012026	359814	15
CP012026	359815	15
CP012026	359816	15
CP012026	359817	15
CP012026	359818	15
CP012026	359819	15
CP012026	359820	15
CP012026	359821	15
CP012026	359822	15
CP012026	359823	15
CP012026	359824	15
CP012026	359825	15
CP012026	359826	15
CP012026	359827	15
CP012026	359828	15
CP012026	359829	15
CP012026	359830	15
CP012026	359831	15
CP012026	359832	15
CP012026	359833	15
CP012026	359834	14
CP012026	359835	14
CP012026	359836	14
CP012026	359837	15
CP012026	359838	17
CP012026	359839	17
CP012026	359840	17
CP012026	359841	16
CP012026	359842	16
CP012026	359843	16
CP012026	359844	16
CP012026	359845	16
CP012026	359846	16
CP012026	359847	16
CP012026	359848	16
CP012026	359849	16
CP012026	359850	16
CP012026	359851	16
CP012026	359852	16
CP012026	359853	16
CP012026	359854	17
CP012026	359855	17
CP012026	359856	17
CP012026	359857	17
CP012026	359858	17
CP012026	359859	17
CP012026	359860	17
CP012026	359861	17
CP012026	359862	18
CP012026	359863	18
CP012026	359864	18
CP012026	359865	18
CP012026	359866	18
CP012026	359867	18
CP012026	359868	18
CP012026	359869	20
CP012026	359870	19
CP012026	359871	19
CP012026	359872	19
CP012026	359873	19
CP012026	359874	19
CP012026	359875	19
CP012026	359876	19
CP012026	359877	19
CP012026	359878	19
CP012026	359879	19
CP012026	359880	19
CP012026	359881	19
CP012026	359882	19
CP012026	359883	19
CP012026	359884	19
CP012026	359885	19
CP012026	359886	19
CP012026	359887	19
CP012026	359888	19
CP012026	359889	19
CP012026	359890	19
CP012026	359891	19
CP012026	359892	19
CP012026	359893	19
CP012026	359894	19
CP012026	359895	19
CP012026	359896	19
CP012026	359897	19
CP012026	359898	19
CP012026	359899	19
CP012026	359900	19
CP012026	359901	19
CP012026	359902	19
CP012026	359903	19
CP012026	359904	19
CP012026	359905	18
CP012026	359906	18
CP012026	359907	18
CP012026	359908	18
CP012026	359909	18
CP012026	359910	18
CP012026	359911	18
CP012026	359912	17
CP012026	359913	17
CP012026	359914	15
CP012026	359915	15
CP012026	359916	14
CP012026	359917	14
CP012026	359918	14
CP012026	359919	14
CP012026	359920	14
CP012026	359921	14
CP012026	359922	14
CP012026	359923	14
CP012026	359924	14
CP012026	359925	14
CP012026	359926	14
CP012026	359927	14
CP012026	359928	14
CP012026	359929	14
CP012026	359930	14
CP012026	359931	14
CP012026	359932	14
CP012026	359933	14
CP012026	359934	14
CP012026	359935	14
CP012026	359936	14
CP012026	359937	14
CP012026	359938	14
CP012026	359939	14
CP012026	359940	14
CP012026	359941	14
CP012026	359942	14
CP012026	359943	14
CP012026	359944	14
CP012026	359945	14
CP012026	359946	14
CP012026	359947	14
CP012026	359948	14
CP012026	359949	14
CP012026	359950	14
CP012026	359951	14
CP012026	359952	14
CP012026	359953	14
CP012026	359954	14
CP012026	359955	14
CP012026	359956	14
CP012026	359957	14
CP012026	359958	14
CP012026	359959	16
CP012026	359960	16
CP012026	359961	16
CP012026	359962	16
CP012026	359963	16
CP012026	359964	14
CP012026	359965	14
CP012026	359966	14
CP012026	359967	14
CP012026	359968	14
CP012026	359969	14
CP012026	359970	14
CP012026	359971	14
CP012026	359972	14
CP012026	359973	14
CP012026	359974	14
CP012026	359975	12
CP012026	359976	12
CP012026	359977	12
CP012026	359978	12
CP012026	359979	12
CP012026	359980	12
CP012026	359981	11
CP012026	359982	11
CP012026	359983	11
CP012026	359984	11
CP012026	359985	11
CP012026	359986	8
CP012026	359987	8
CP012026	359988	7
CP012026	359989	9
CP012026	359990	9
CP012026	359991	9
CP012026	359992	9
CP012026	359993	9
CP012026	359994	12
CP012026	359995	12
CP012026	359996	12
CP012026	359997	12
CP012026	359998	12
CP012026	359999	13
CP012026	360000	13
CP012026	360001	13
CP012026	360002	13
CP012026	360003	13
CP012026	360004	13
CP012026	360005	13
CP012026	360006	13
CP012026	360007	13
CP012026	360008	13
CP012026	360009	13
CP012026	360010	13
CP012026	360011	13
CP012026	360012	13
CP012026	360013	13
CP012026	360014	13
CP012026	360015	14
CP012026	360016	14
CP012026	360017	14
CP012026	360018	14
CP012026	360019	14
CP012026	360020	14
CP012026	360021	14
CP012026	360022	13
CP012026	360023	13
CP012026	360024	13
CP012026	360025	13
CP012026	360026	13
CP012026	360027	13
CP012026	360028	13
CP012026	360029	13
CP012026	360030	13
CP012026	360031	13
CP012026	360032	13
CP012026	360033	13
CP012026	360034	13
CP012026	360035	13
CP012026	360036	13
CP012026	360037	13
CP012026	360038	13
CP012026	360039	15
CP012026	360040	15
CP012026	360041	15
CP012026	360042	15
CP012026	360043	15
CP012026	360044	15
CP012026	360045	15
CP012026	360046	15
CP012026	360047	15
CP012026	360048	15
CP012026	360049	15
CP012026	360050	15
CP012026	360051	15
CP012026	360052	15
CP012026	360053	17
CP012026	360054	17
CP012026	360055	17
CP012026	360056	17
CP012026	360057	17
CP012026	360058	17
CP012026	360059	17
CP012026	360060	17
CP012026	360061	17
CP012026	360062	17
CP012026	360063	17
CP012026	360064	17
CP012026	360065	18
CP012026	360066	18
CP012026	360067	18
CP012026	360068	18
CP012026	360069	18
CP012026	360070	18
CP012026	360071	18
CP012026	360072	19
CP012026	360073	19
CP012026	360074	19
CP012026	360075	19
CP012026	360076	19
CP012026	360077	19
CP012026	360078	19
CP012026	360079	19
CP012026	360080	19
CP012026	360081	19
CP012026	360082	19
CP012026	360083	19
CP012026	360084	19
CP012026	360085	19
CP012026	360086	19
CP012026	360087	19
CP012026	360088	18
CP012026	360089	18
CP012026	360090	18
CP012026	360091	18
CP012026	360092	18
CP012026	360093	18
CP012026	360094	18
CP012026	360095	18
CP012026	360096	20
CP012026	360097	20
CP012026	360098	20
CP012026	360099	20
CP012026	360100	20
CP012026	360101	20
CP012026	360102	20
CP012026	360103	20
CP012026	360104	20
CP012026	360105	19
CP012026	360106	19
CP012026	360107	19
CP012026	360108	19
CP012026	360109	19
CP012026	360110	19
CP012026	360111	19
CP012026	360112	18
CP012026	360113	18
CP012026	360114	18
CP012026	360115	18
CP012026	360116	18
CP012026	360117	18
CP012026	360118	18
CP012026	360119	18
CP012026	360120	18
CP012026	360121	18
CP012026	360122	18
CP012026	360123	18
CP012026	360124	18
CP012026	360125	19
CP012026	360126	19
CP012026	360127	19
CP012026	360128	19
CP012026	360129	19
CP012026	360130	19
CP012026	360131	19
CP012026	360132	19
CP012026	360133	19
CP012026	360134	19
CP012026	360135	19
CP012026	360136	19
CP012026	360137	19
CP012026	360138	19
CP012026	360139	19
CP012026	360140	19
CP012026	360141	19
CP012026	360142	19
CP012026	360143	19
CP012026	360144	19
CP012026	360145	19
CP012026	360146	19
CP012026	360147	19
CP012026	360148	19
CP012026	360149	19
CP012026	360150	19
CP012026	360151	19
CP012026	360152	19
CP012026	360153	19
CP012026	360154	19
CP012026	360155	19
CP012026	360156	19
CP012026	360157	19
CP012026	360158	19
CP012026	360159	19
CP012026	360160	19
CP012026	360161	19
CP012026	360162	19
CP012026	963428	24
CP012026	963429	24
CP012026	963430	27
CP012026	963431	27
CP012026	963432	27
CP012026	963433	27
CP012026	963434	27
CP012026	963435	27
CP012026	963436	27
CP012026	963437	27
CP012026	963438	27
CP012026	963439	27
CP012026	963440	27
CP012026	963441	27
CP012026	963442	29
CP012026	963443	29
CP012026	963444	29
CP012026	963445	29
CP012026	963446	29
CP012026	963447	29
CP012026	963448	29
CP012026	963449	32
CP012026	963450	32
CP012026	963451	32
CP012026	963452	34
CP012026	963453	34
CP012026	963454	35
CP012026	963455	36
CP012026	963456	36
CP012026	963457	36
CP012026	963458	36
CP012026	963459	36
CP012026	963460	36
CP012026	963461	36
CP012026	963462	36
CP012026	963463	36
CP012026	963464	36
CP012026	963465	36
CP012026	963466	36
CP012026	963467	36
CP012026	963468	36
CP012026	963469	36
CP012026	963470	38
CP012026	963471	38
CP012026	963472	38
CP012026	963473	38
CP012026	963474	38
CP012026	963475	38
CP012026	963476	36
CP012026	963477	37
CP012026	963478	37
CP012026	963479	37
CP012026	963480	40
CP012026	963481	40
CP012026	963482	40
CP012026	963483	40
CP012026	963484	40
CP012026	963485	42
CP012026	963486	42
CP012026	963487	47
CP012026	963488	47
CP012026	963489	49
CP012026	963490	49
CP012026	963491	49
CP012026	963492	49
CP012026	963493	49
CP012026	963494	49
CP012026	963495	49
CP012026	963496	47
CP012026	963497	47
CP012026	963498	47
CP012026	963499	47
CP012026	963500	47
CP012026	963501	47
CP012026	963502	47
CP012026	963503	48
CP012026	963504	48
CP012026	963505	48
CP012026	963506	48
CP012026	963507	48
CP012026	963508	48
CP012026	963509	48
CP012026	963510	48
CP012026	963511	46
CP012026	963512	46
CP012026	963513	46
CP012026	963514	46
CP012026	963515	46
CP012026	963516	46
CP012026	963517	46
CP012026	963518	46
CP012026	963519	46
CP012026	963520	46
CP012026	963521	46
CP012026	963522	46
CP012026	963523	46
CP012026	963524	46
CP012026	963525	46
CP012026	963526	46
CP012026	963527	46
CP012026	963528	46
CP012026	963529	46
CP012026	963530	46
CP012026	963531	46
CP012026	963532	46
CP012026	963533	46
CP012026	963534	46
CP012026	963535	46
CP012026	963536	46
CP012026	963537	46
CP012026	963538	46
CP012026	963539	46
CP012026	963540	46
CP012026	963541	46
CP012026	963542	46
CP012026	963543	46
CP012026	963544	46
CP012026	963545	49
CP012026	963546	49
CP012026	963547	48
CP012026	963548	48
CP012026	963549	48
CP012026	963550	48
CP012026	963551	48
CP012026	963552	50
CP012026	963553	50
CP012026	963554	50
CP012026	963555	50
CP012026	963556	50
CP012026	963557	50
CP012026	963558	50
CP012026	963559	50
CP012026	963560	50
CP012026	963561	50
CP012026	963562	50
CP012026	963563	50
CP012026	963564	50
CP012026	963565	50
CP012026	963566	50
CP012026	963567	50
CP012026	963568	50
CP012026	963569	50
CP012026	963570	50
CP012026	963571	50
CP012026	963572	50
CP012026	963573	50
CP012026	963574	50
CP012026	963575	50
CP012026	963576	50
CP012026	963577	51
CP012026	963578	51
CP012026	963579	52
CP012026	963580	52
CP012026	963581	51
CP012026	963582	51
CP012026	963583	51
CP012026	963584	53
CP012026	963585	53
CP012026	963586	53
CP012026	963587	52
CP012026	963588	51
CP012026	963589	51
CP012026	963590	50
CP012026	963591	50
CP012026	963592	50
CP012026	963593	50
CP012026	963594	51
CP012026	963595	51
CP012026	963596	51
CP012026	963597	51
CP012026	963598	51
CP012026	963599	51
CP012026	963600	51
CP012026	963601	49
CP012026	963602	49
CP012026	963603	49
CP012026	963604	49
CP012026	963605	49
CP012026	963606	49
CP012026	963607	49
CP012026	963608	49
CP012026	963609	49
CP012026	963610	49
CP012026	963611	49
CP012026	963612	49
CP012026	963613	49
CP012026	963614	50
CP012026	963615	50
CP012026	963616	50
CP012026	963617	49
CP012026	963618	49
CP012026	963619	49
CP012026	963620	48
CP012026	963621	48
CP012026	963622	48
CP012026	963623	47
CP012026	963624	47
CP012026	963625	47
CP012026	963626	49
CP012026	963627	49
CP012026	963628	49
CP012026	963629	47
CP012026	963630	47
CP012026	963631	47
CP012026	963632	47
CP012026	963633	46
CP012026	963634	46
CP012026	963635	46
CP012026	963636	45
CP012026	963637	45
CP012026	963638	45
CP012026	963639	45
CP012026	963640	46
CP012026	963641	47
CP012026	963642	47
CP012026	963643	47
CP012026	963644	47
CP012026	963645	47
CP012026	963646	47
CP012026	963647	47
CP012026	963648	47
CP012026	963649	47
CP012026	963650	46
CP012026	963651	46
CP012026	963652	46
CP012026	963653	46
CP012026	963654	47
CP012026	963655	49
CP012026	963656	49
CP012026	963657	49
CP012026	963658	48
CP012026	963659	48
CP012026	963660	48
CP012026	963661	49
CP012026	963662	49
CP012026	963663	49
CP012026	963664	49
CP012026	963665	50
CP012026	963666	50
CP012026	963667	52
CP012026	963668	52
CP012026	963669	52
CP012026	963670	52
CP012026	963671	52
CP012026	963672	52
CP012026	963673	52
CP012026	963674	52
CP012026	963675	52
CP012026	963676	50
CP012026	963677	50
CP012026	963678	50
CP012026	963679	50
CP012026	963680	50
CP012026	963681	49
CP012026	963682	49
CP012026	963683	49
CP012026	963684	49
CP012026	963685	49
CP012026	963686	49
CP012026	963687	49
CP012026	963688	49
CP012026	963689	49
CP012026	963690	49
CP012026	963691	49
CP012026	963692	48
CP012026	963693	48
CP012026	963694	49
CP012026	963695	50
CP012026	963696	50
CP012026	963697	50
CP012026	963698	50
CP012026	963699	51
CP012026	963700	48
CP012026	963701	46
CP012026	963702	46
CP012026	963703	40
CP012026	963704	40
CP012026	963705	38
CP012026	963706	36
CP012026	963707	36
CP012026	963708	37
CP012026	963709	37
CP012026	963710	37
CP012026	963711	37
CP012026	963712	37
CP012026	963713	33
CP012026	963714	36
CP012026	963715	36
CP012026	963716	36
CP012026	963717	38
CP012026	963718	39
CP012026	963719	39
CP012026	963720	39
CP012026	963721	39
CP012026	963722	40
CP012026	963723	38
CP012026	963724	38
CP012026	963725	38
CP012026	963726	38
CP012026	963727	37
CP012026	963728	37
CP012026	963729	38
CP012026	963730	38
CP012026	963731	35
CP012026	963732	35
CP012026	963733	35
CP012026	963734	35
CP012026	963735	35
CP012026	963736	34
CP012026	963737	34
CP012026	963738	34
CP012026	963739	36
CP012026	963740	37
CP012026	963741	37
CP012026	963742	37
CP012026	963743	37
CP012026	963744	37
CP012026	963745	37
CP012026	963746	39
CP012026	963747	40
CP012026	963748	40
CP012026	963749	40
CP012026	963750	40
CP012026	963751	39
CP012026	963752	39
CP012026	963753	39
CP012026	963754	39
CP012026	963755	39
CP012026	963756	39
CP012026	963757	40
CP012026	963758	42
CP012026	963759	42
CP012026	963760	43
CP012026	963761	43
CP012026	963762	43
CP012026	963763	43
CP012026	963764	45
CP012026	963765	45
CP012026	963766	45
CP012026	963767	45
CP012026	963768	45
CP012026	963769	45
CP012026	963770	45
CP012026	963771	45
CP012026	963772	45
CP012026	963773	45
CP012026	963774	45
CP012026	963775	45
CP012026	963776	45
CP012026	963777	45
CP012026	963778	45
CP012026	963779	51
CP012026	963780	51
CP012026	963781	51
CP012026	963782	51
CP012026	963783	51
CP012026	963784	51
CP012026	963785	51
CP012026	963786	52
CP012026	963787	52
CP012026	963788	52
CP012026	963789	49
CP012026	963790	49
CP012026	963791	49
CP012026	963792	49
CP012026	963793	49
CP012026	963794	53
CP012026	963795	53
CP012026	963796	53
CP012026	963797	53
CP012026	963798	53
CP012026	963799	53
CP012026	963800	53
CP012026	963801	51
CP012026	963802	51
CP012026	963803	51
CP012026	963804	51
CP012026	963805	51
CP012026	963806	51
CP012026	963807	51
CP012026	963808	52
CP012026	963809	52
CP012026	963810	52
CP012026	963811	56
CP012026	963812	56
CP012026	963813	56
CP012026	963814	56
CP012026	963815	56
CP012026	963816	56
CP012026	963817	56
CP012026	963818	56
CP012026	963819	56
CP012026	963820	54
CP012026	963821	56
CP012026	963822	56
CP012026	963823	56
CP012026	963824	58
CP012026	963825	58
CP012026	963826	58
CP012026	963827	58
CP012026	963828	57
CP012026	963829	57
CP012026	963830	54
CP012026	963831	54
CP012026	963832	54
CP012026	963833	54
CP012026	963834	54
CP012026	963835	54
CP012026	963836	56
CP012026	963837	56
CP012026	963838	56
CP012026	963839	56
CP012026	963840	56
CP012026	963841	56
CP012026	963842	57
CP012026	963843	57
CP012026	963844	56
CP012026	963845	56
CP012026	963846	56
CP012026	963847	56
CP012026	963848	56
CP012026	963849	56
CP012026	963850	56
CP012026	963851	56
CP012026	963852	56
CP012026	963853	56
CP012026	963854	56
CP012026	963855	55
CP012026	963856	55
CP012026	963857	55
CP012026	963858	55
CP012026	963859	55
CP012026	963860	55
CP012026	963861	55
CP012026	963862	55
CP012026	963863	56
CP012026	963864	54
CP012026	963865	53
CP012026	963866	53
CP012026	963867	53
CP012026	963868	53
CP012026	963869	53
CP012026	963870	52
CP012026	963871	52
CP012026	963872	52
CP012026	963873	53
CP012026	963874	53
CP012026	963875	53
CP012026	963876	53
CP012026	963877	53
CP012026	963878	53
CP012026	963879	53
CP012026	963880	53
CP012026	963881	53
CP012026	963882	54
CP012026	963883	54
CP012026	963884	57
CP012026	963885	58
CP012026	963886	58
CP012026	963887	58
CP012026	963888	58
CP012026	963889	58
CP012026	963890	60
CP012026	963891	59
CP012026	963892	63
CP012026	963893	64
CP012026	963894	64
CP012026	963895	64
CP012026	963896	64
CP012026	963897	64
CP012026	963898	66
CP012026	963899	66
CP012026	963900	67
CP012026	963901	67
CP012026	963902	68
CP012026	963903	68
CP012026	963904	67
CP012026	963905	67
CP012026	963906	67
CP012026	963907	67
CP012026	963908	67
CP012026	963909	67
CP012026	963910	67
CP012026	963911	67
CP012026	963912	66
CP012026	963913	66
CP012026	963914	66
CP012026	963915	65
CP012026	963916	66
CP012026	963917	66
CP012026	963918	66
CP012026	963919	66
CP012026	963920	66
CP012026	963921	67
CP012026	963922	67
CP012026	963923	67
CP012026	963924	67
CP012026	963925	67
CP012026	963926	67
CP012026	963927	70
CP012026	963928	70
CP012026	963929	71
CP012026	963930	72
CP012026	963931	72
CP012026	963932	72
CP012026	963933	72
CP012026	963934	72
CP012026	963935	72
CP012026	963936	70
CP012026	963937	70
CP012026	963938	71
CP012026	963939	71
CP012026	963940	72
CP012026	963941	72
CP012026	963942	72
CP012026	963943	71
CP012026	963944	71
CP012026	963945	70
CP012026	963946	67
CP012026	963947	67
CP012026	963948	67
CP012026	963949	66
CP012026	963950	66
CP012026	963951	67
CP012026	963952	67
CP012026	963953	67
CP012026	963954	67
CP012026	963955	70
CP012026	963956	70
CP012026	963957	73
CP012026	963958	73
CP012026	963959	68
CP012026	963960	68
CP012026	963961	68
CP012026	963962	70
CP012026	963963	70
CP012026	963964	69
CP012026	963965	69
CP012026	963966	69
CP012026	963967	69
CP012026	963968	69
CP012026	963969	68
CP012026	963970	68
CP012026	963971	68
CP012026	963972	69
CP012026	963973	69
CP012026	963974	69
CP012026	963975	69
CP012026	963976	69
CP012026	963977	67
CP012026	963978	67
CP012026	963979	60
CP012026	963980	60
CP012026	963981	61
CP012026	963982	61
CP012026	963983	61
CP012026	963984	61
CP012026	963985	61
CP012026	963986	61
CP012026	963987	61
CP012026	963988	62
CP012026	963989	62
CP012026	963990	64
CP012026	963991	64
CP012026	963992	64
CP012026	963993	64
CP012026	963994	64
CP012026	963995	64
CP012026	963996	65
CP012026	963997	64
CP012026	963998	64
CP012026	963999	65
CP012026	964000	65
CP012026	964001	65
CP012026	964002	65
CP012026	964003	65
CP012026	964004	65
CP012026	964005	67
CP012026	964006	67
CP012026	964007	67
CP012026	964008	67
CP012026	964009	67
CP012026	964010	67
CP012026	964011	64
CP012026	964012	64
CP012026	964013	64
CP012026	964014	64
CP012026	964015	64
CP012026	964016	65
CP012026	964017	65
CP012026	964018	65
CP012026	964019	65
CP012026	964020	66
CP012026	964021	66
CP012026	964022	66
CP012026	964023	66
CP012026	964024	66
CP012026	964025	68
CP012026	964026	68
CP012026	964027	68
CP012026	964028	68
CP012026	964029	68
CP012026	964030	68
CP012026	964031	68
CP012026	964032	68
CP012026	964033	68
CP012026	964034	68
CP012026	964035	68
CP012026	964036	68
CP012026	964037	67
CP012026	964038	67
CP012026	964039	68
CP012026	964040	68
CP012026	964041	68
CP012026	964042	68
CP012026	964043	68
CP012026	964044	68
CP012026	964045	66
CP012026	964046	66
CP012026	964047	66
CP012026	964048	66
CP012026	964049	66
CP012026	964050	67
CP012026	964051	67
CP012026	964052	67
CP012026	964053	67
CP012026	964054	67
CP012026	964055	67
CP012026	964056	67
CP012026	964057	67
CP012026	964058	67
CP012026	964059	66
CP012026	964060	64
CP012026	964061	63
CP012026	964062	62
CP012026	964063	62
CP012026	964064	62
CP012026	964065	62
CP012026	964066	62
CP012026	964067	62
CP012026	964068	62
CP012026	964069	60
CP012026	964070	60
CP012026	964071	60
CP012026	964072	60
CP012026	964073	60
CP012026	964074	60
CP012026	964075	60
CP012026	964076	60
CP012026	964077	60
CP012026	964078	60
CP012026	964079	60
CP012026	964080	60
CP012026	964081	60
CP012026	964082	60
CP012026	964083	60
CP012026	964084	60
CP012026	964085	62
CP012026	964086	62
CP012026	964087	62
CP012026	964088	63
CP012026	964089	64
CP012026	964090	64
CP012026	964091	64
CP012026	964092	64
CP012026	964093	63
CP012026	964094	61
CP012026	964095	61
CP012026	964096	61
CP012026	964097	61
CP012026	964098	61
CP012026	964099	59
CP012026	964100	59
CP012026	964101	59
CP012026	964102	57
CP012026	964103	58
CP012026	964104	56
CP012026	964105	56
CP012026	964106	55
CP012026	964107	55
CP012026	964108	55
CP012026	964109	59
CP012026	964110	59
CP012026	964111	59
CP012026	964112	59
CP012026	964113	59
CP012026	964114	58
CP012026	964115	58
CP012026	964116	59
CP012026	964117	59
CP012026	964118	59
CP012026	964119	59
CP012026	964120	60
CP012026	964121	60
CP012026	964122	60
CP012026	964123	60
CP012026	964124	59
CP012026	964125	62
CP012026	964126	62
CP012026	964127	62
CP012026	964128	62
CP012026	964129	62
CP012026	964130	62
CP012026	964131	61
CP012026	964132	62
CP012026	964133	62
CP012026	964134	63
CP012026	964135	62
CP012026	964136	59
CP012026	964137	59
CP012026	964138	59
CP012026	964139	59
CP012026	964140	59
CP012026	964141	57
CP012026	964142	57
CP012026	964143	55
CP012026	964144	55
CP012026	964145	55
CP012026	964146	55
CP012026	964147	55
CP012026	964148	55
CP012026	964149	58
CP012026	964150	59
CP012026	964151	58
CP012026	964152	58
CP012026	964153	51
CP012026	964154	51
CP012026	964155	51
CP012026	964156	51
CP012026	964157	51
CP012026	964158	51
CP012026	964159	49
CP012026	964160	49
CP012026	964161	49
CP012026	964162	51
CP012026	964163	51
CP012026	964164	51
CP012026	964165	51
CP012026	964166	51
CP012026	964167	50
CP012026	964168	50
CP012026	964169	50
CP012026	964170	50
CP012026	964171	49
CP012026	964172	49
CP012026	964173	49
CP012026	964174	49
CP012026	964175	49
CP012026	964176	49
CP012026	964177	49
CP012026	964178	48
CP012026	964179	48
CP012026	964180	47
CP012026	964181	46
CP012026	964182	46
CP012026	964183	46
CP012026	964184	46
CP012026	964185	46
CP012026	964186	46
CP012026	964187	46
CP012026	964188	46
CP012026	964189	45
CP012026	964190	45
CP012026	964191	44
CP012026	964192	44
CP012026	964193	44
CP012026	964194	44
CP012026	964195	44
CP012026	964196	44
CP012026	964197	44
CP012026	964198	44
CP012026	964199	44
CP012026	964200	45
CP012026	964201	44
CP012026	964202	44
CP012026	964203	44
CP012026	964204	44
CP012026	964205	44
CP012026	964206	43
CP012026	964207	43
CP012026	964208	40
CP012026	964209	40
CP012026	964210	42
CP012026	964211	42
CP012026	964212	42
CP012026	964213	42
CP012026	964214	42
CP012026	964215	42
CP012026	964216	40
CP012026	964217	42
CP012026	964218	42
CP012026	964219	42
CP012026	964220	42
CP012026	964221	42
CP012026	964222	41
CP012026	964223	41
CP012026	964224	40
CP012026	964225	40
CP012026	964226	40
CP012026	964227	40
CP012026	964228	41
CP012026	964229	41
CP012026	964230	41
CP012026	964231	41
CP012026	964232	38
CP012026	964233	38
CP012026	964234	38
CP012026	964235	38
CP012026	964236	38
CP012026	964237	38
CP012026	964238	38
CP012026	964239	37
CP012026	964240	37
CP012026	964241	37
CP012026	964242	37
CP012026	964243	39
CP012026	964244	39
CP012026	964245	39
CP012026	964246	39
CP012026	964247	38
CP012026	964248	38
CP012026	964249	38
CP012026	964250	37
CP012026	964251	37
CP012026	964252	37
CP012026	964253	37
CP012026	964254	38
CP012026	964255	38
CP012026	964256	38
CP012026	964257	38
CP012026	964258	38
CP012026	964259	37
CP012026	964260	37
CP012026	964261	37
CP012026	964262	37
CP012026	964263	37
CP012026	964264	37
CP012026	964265	37
CP012026	964266	36
CP012026	964267	36
CP012026	964268	36
CP012026	964269	36
CP012026	964270	36
CP012026	964271	35
CP012026	964272	35
CP012026	964273	36
CP012026	964274	37
CP012026	964275	37
CP012026	964276	37
CP012026	964277	37
CP012026	964278	37
CP012026	964279	37
CP012026	964280	37
CP012026	964281	37
CP012026	964282	37
CP012026	964283	38
CP012026	964284	38
CP012026	964285	38
CP012026	964286	38
CP012026	964287	38
CP012026	964288	36
CP012026	964289	36
CP012026	964290	30
CP012026	964291	30
CP012026	964292	30
CP012026	964293	30
CP012026	964294	30
CP012026	964295	30
CP012026	964296	30
CP012026	964297	30
CP012026	964298	30
CP012026	964299	30
CP012026	964300	30
CP012026	964301	29
CP012026	964302	29
CP012026	964303	31
CP012026	964304	31
CP012026	964305	31
CP012026	964306	31
CP012026	964307	31
CP012026	964308	31
CP012026	964309	31
CP012026	964310	31
CP012026	964311	33
CP012026	964312	33
CP012026	964313	33
CP012026	964314	33
CP012026	964315	33
CP012026	964316	33
CP012026	964317	33
CP012026	964318	33
CP012026	964319	33
CP012026	964320	33
CP012026	964321	33
CP012026	964322	33
CP012026	964323	33
CP012026	964324	33
CP012026	964325	33
CP012026	964326	33
CP012026	964327	33
CP012026	964328	33
CP012026	964329	33
CP012026	964330	33
CP012026	964331	33
CP012026	964332	33
CP012026	964333	33
CP012026	964334	33
CP012026	964335	33
CP012026	964336	31
CP012026	964337	31
CP012026	964338	31
CP012026	964339	29
CP012026	964340	29
CP012026	964341	29
CP012026	964342	29
CP012026	964343	29
CP012026	964344	29
CP012026	964345	29
CP012026	964346	29
CP012026	964347	29
CP012026	964348	29
CP012026	964349	29
CP012026	964350	29
CP012026	964351	29
CP012026	964352	29
CP012026	964353	29
CP012026	964354	28
CP012026	964355	29
CP012026	964356	29
CP012026	964357	29
CP012026	964358	29
CP012026	964359	29
CP012026	964360	29
CP012026	964361	29
CP012026	964362	29
CP012026	964363	29
CP012026	964364	29
CP012026	964365	29
CP012026	964366	31
CP012026	964367	31
CP012026	964368	31
CP012026	964369	31
CP012026	964370	31
CP012026	964371	30
CP012026	964372	30
CP012026	964373	31
CP012026	964374	31
CP012026	964375	29
CP012026	964376	28
CP012026	964377	28
CP012026	964378	28
CP012026	964379	28
CP012026	964380	28
CP012026	964381	28
CP012026	964382	28
CP012026	964383	27
CP012026	964384	26
CP012026	964385	26
CP012026	964386	29
CP012026	964387	29
CP012026	964388	29
CP012026	964389	29
CP012026	964390	29
CP012026	964391	30
CP012026	964392	30
CP012026	964393	30
CP012026	964394	30
CP012026	964395	30
CP012026	964396	31
CP012026	964397	31
CP012026	964398	31
CP012026	964399	30
CP012026	964400	30
CP012026	964401	30
CP012026	964402	30
CP012026	964403	28
CP012026	964404	28
CP012026	964405	28
CP012026	964406	29
CP012026	964407	29
CP012026	964408	29
CP012026	964409	29
CP012026	964410	29
CP012026	964411	29
CP012026	964412	29
CP012026	964413	30
CP012026	964414	30
CP012026	964415	30
CP012026	964416	31
CP012026	964417	31
CP012026	964418	31
CP012026	964419	31
CP012026	964420	31
CP012026	964421	31
CP012026	964422	31
CP012026	964423	31
CP012026	964424	33
CP012026	964425	31
CP012026	964426	33
CP012026	964427	33
CP012026	964428	33
CP012026	964429	33
CP012026	964430	33
CP012026	964431	35
CP012026	964432	36
CP012026	964433	36
CP012026	964434	36
CP012026	964435	36
CP012026	964436	36
CP012026	964437	36
CP012026	964438	36
CP012026	964439	36
CP012026	964440	36
CP012026	964441	36
CP012026	964442	37
CP012026	964443	39
CP012026	964444	39
CP012026	964445	37
CP012026	964446	37
CP012026	964447	37
CP012026	964448	37
CP012026	964449	37
CP012026	964450	36
CP012026	964451	36
CP012026	964452	38
CP012026	964453	38
CP012026	964454	38
CP012026	964455	38
CP012026	964456	36
CP012026	964457	34
CP012026	964458	35
CP012026	964459	35
CP012026	964460	35
CP012026	964461	34
CP012026	964462	36
CP012026	964463	37
CP012026	964464	37
CP012026	964465	37
CP012026	964466	37
CP012026	964467	37
CP012026	964468	37
CP012026	964469	37
CP012026	964470	37
CP012026	964471	37
CP012026	964472	37
CP012026	964473	37
CP012026	964474	39
CP012026	964475	39
CP012026	964476	39
CP012026	964477	39
CP012026	964478	39
CP012026	964479	38
CP012026	964480	38
CP012026	964481	38
CP012026	964482	38
CP012026	964483	38
CP012026	964484	38
CP012026	964485	38
CP012026	964486	38
CP012026	964487	38
CP012026	964488	38
CP012026	964489	38
CP012026	964490	38
CP012026	964491	37
CP012026	964492	37
CP012026	964493	37
CP012026	964494	37
CP012026	964495	37
CP012026	964496	37
CP012026	964497	37
CP012026	964498	37
CP012026	964499	37
CP012026	964500	37
CP012026	964501	37
CP012026	964502	36
CP012026	964503	36
CP012026	964504	36
CP012026	964505	36
CP012026	964506	36
CP012026	964507	36
CP012026	964508	34
CP012026	964509	34
CP012026	964510	35
CP012026	964511	35
CP012026	964512	35
CP012026	964513	35
CP012026	964514	35
CP012026	964515	37
CP012026	964516	37
CP012026	964517	37
CP012026	964518	37
CP012026	964519	37
CP012026	964520	38
CP012026	964521	41
CP012026	964522	41
CP012026	964523	41
CP012026	964524	40
CP012026	964525	39
CP012026	964526	39
CP012026	964527	39
CP012026	964528	39
CP012026	964529	39
CP012026	964530	39
CP012026	964531	39
CP012026	964532	39
CP012026	964533	38
CP012026	964534	38
CP012026	964535	40
CP012026	964536	40
CP012026	964537	40
CP012026	964538	40
CP012026	964539	40
CP012026	964540	40
CP012026	964541	40
CP012026	964542	40
CP012026	964543	40
CP012026	964544	40
CP012026	964545	40
CP012026	964546	40
CP012026	964547	42
CP012026	964548	43
CP012026	964549	43
CP012026	964550	43
CP012026	964551	41
CP012026	964552	41
CP012026	964553	41
CP012026	964554	41
CP012026	964555	42
CP012026	964556	42
CP012026	964557	42
CP012026	964558	42
CP012026	964559	42
CP012026	964560	42
CP012026	964561	42
CP012026	964562	42
CP012026	964563	42
CP012026	964564	42
CP012026	964565	42
CP012026	964566	42
CP012026	964567	42
CP012026	964568	42
CP012026	964569	42
CP012026	964570	42
CP012026	964571	42
CP012026	964572	43
CP012026	964573	43
CP012026	964574	43
CP012026	964575	43
CP012026	964576	43
CP012026	964577	43
CP012026	964578	43
CP012026	964579	43
CP012026	964580	43
CP012026	964581	43
CP012026	964582	43
CP012026	964583	43
CP012026	964584	43
CP012026	964585	43
CP012026	964586	43
CP012026	964587	43
CP012026	964588	43
CP012026	964589	43
CP012026	964590	43
CP012026	964591	43
CP012026	964592	43
CP012026	964593	43
CP012026	964594	43
CP012026	964595	43
CP012026	964596	44
CP012026	964597	44
CP012026	964598	44
CP012026	964599	44
CP012026	964600	44
CP012026	964601	44
CP012026	964602	44
CP012026	964603	44
CP012026	964604	43
CP012026	964605	43
CP012026	964606	43
CP012026	964607	43
CP012026	964608	44
CP012026	964609	44
CP012026	964610	44
CP012026	964611	44
CP012026	964612	44
CP012026	964613	44
CP012026	964614	44
CP012026	964615	44
CP012026	964616	43
CP012026	964617	43
CP012026	964618	43
CP012026	964619	43
CP012026	964620	43
CP012026	964621	43
CP012026	964622	43
CP012026	964623	43
CP012026	964624	42
CP012026	964625	42
CP012026	964626	42
CP012026	964627	44
CP012026	964628	44
CP012026	964629	44
CP012026	964630	44
CP012026	964631	44
CP012026	964632	44
CP012026	964633	44
CP012026	964634	44
CP012026	964635	44
CP012026	964636	43
CP012026	964637	43
CP012026	964638	43
CP012026	964639	43
CP012026	964640	41
CP012026	964641	41
CP012026	964642	40
CP012026	964643	38
CP012026	964644	38
CP012026	964645	36
CP012026	964646	36
CP012026	964647	36
CP012026	964648	36
CP012026	964649	33
CP012026	964650	33
CP012026	964651	34
CP012026	964652	34
CP012026	964653	34
CP012026	964654	35
CP012026	964655	35
CP012026	964656	34
CP012026	964657	34
CP012026	964658	34
CP012026	964659	34
CP012026	964660	34
CP012026	964661	34
CP012026	964662	34
CP012026	964663	33
CP012026	964664	33
CP012026	964665	34
CP012026	964666	33
CP012026	964667	33
CP012026	964668	33
CP012026	964669	33
CP012026	964670	33
CP012026	964671	33
CP012026	964672	36
CP012026	964673	36
CP012026	964674	36
CP012026	964675	36
CP012026	964676	36
CP012026	964677	36
CP012026	964678	36
CP012026	964679	34
CP012026	964680	34
CP012026	964681	28
CP012026	964682	28
CP012026	964683	29
CP012026	964684	29
CP012026	964685	29
CP012026	964686	28
CP012026	964687	28
CP012026	964688	28
CP012026	964689	28
CP012026	964690	28
CP012026	964691	28
CP012026	964692	25
CP012026	964693	25
CP012026	964694	25
CP012026	964695	25
CP012026	964696	25
CP012026	964697	25
CP012026	964698	25
CP012026	964699	25
CP012026	964700	25
CP012026	964701	25
CP012026	964702	25
CP012026	964703	25
CP012026	964704	25
CP012026	964705	25
CP012026	964706	25
CP012026	964707	25
CP012026	964708	25
CP012026	964709	24
CP012026	964710	24
CP012026	964711	24
CP012026	964712	22
CP012026	964713	22
CP012026	964714	22
CP012026	964715	22
CP012026	964716	22
CP012026	964717	22
CP012026	964718	20
CP012026	964719	20
CP012026	964720	20
CP012026	964721	21
CP012026	964722	21
CP012026	964723	21
CP012026	964724	21
CP012026	964725	21
CP012026	964726	21
CP012026	964727	21
CP012026	964728	21
CP012026	964729	21
CP012026	964730	21
CP012026	964731	21
CP012026	964732	21
CP012026	964733	21
CP012026	964734	22
CP012026	964735	22
CP012026	964736	22
CP012026	964737	23
CP012026	964738	23
CP012026	964739	23
CP012026	964740	23
CP012026	964741	23
CP012026	964742	23
CP012026	964743	23
CP012026	964744	23
CP012026	964745	23
CP012026	964746	23
CP012026	964747	23
CP012026	964748	23
CP012026	964749	23
CP012026	964750	26
CP012026	964751	26
CP012026	964752	26
CP012026	964753	28
CP012026	964754	28
CP012026	964755	28
CP012026	964756	28
CP012026	964757	28
CP012026	964758	28
CP012026	964759	28
CP012026	964760	27
CP012026	964761	25
CP012026	964762	25
CP012026	964763	25
CP012026	964764	25
CP012026	964765	25
CP012026	964766	25
CP012026	964767	25
CP012026	964768	26
CP012026	964769	26
CP012026	964770	25
CP012026	964771	25
CP012026	964772	25
CP012026	964773	25
CP012026	964774	27
CP012026	964775	27
CP012026	964776	27
CP012026	964777	27
CP012026	964778	27
CP012026	964779	27
CP012026	964780	27
CP012026	964781	27
CP012026	964782	27
CP012026	964783	27
CP012026	964784	27
CP012026	964785	27
CP012026	964786	27
CP012026	964787	27
CP012026	964788	27
CP012026	964789	27
CP012026	964790	27
CP012026	964791	29
CP012026	964792	29
CP012026	964793	29
CP012026	964794	29
CP012026	964795	29
CP012026	964796	29
CP012026	964797	30
CP012026	964798	30
CP012026	964799	27
CP012026	964800	33
CP012026	964801	33
CP012026	964802	33
CP012026	964803	33
CP012026	964804	33
CP012026	964805	33
CP012026	964806	32
CP012026	964807	32
CP012026	964808	32
CP012026	964809	32
CP012026	964810	32
CP012026	964811	32
CP012026	964812	32
CP012026	964813	32
CP012026	964814	32
CP012026	964815	32
CP012026	964816	33
CP012026	964817	33
CP012026	964818	33
CP012026	964819	33
CP012026	964820	33
CP012026	964821	34
CP012026	964822	34
CP012026	964823	33
CP012026	964824	33
CP012026	964825	33
CP012026	964826	33
CP012026	964827	33
CP012026	964828	33
CP012026	964829	31
CP012026	964830	31
CP012026	964831	31
CP012026	964832	31
CP012026	964833	31
CP012026	964834	31
CP012026	964835	31
CP012026	964836	31
CP012026	964837	31
CP012026	964838	31
CP012026	964839	31
CP012026	964840	31
CP012026	964841	31
CP012026	964842	31
CP012026	964843	31
CP012026	964844	31
CP012026	964845	31
CP012026	964846	30
CP012026	964847	30
CP012026	964848	30
CP012026	964849	28
CP012026	964850	28
CP012026	964851	28
CP012026	964852	28
CP012026	964853	28
CP012026	964854	28
CP012026	964855	28
CP012026	964856	28
CP012026	964857	28
CP012026	964858	27
CP012026	964859	27
CP012026	964860	27
CP012026	964861	27
CP012026	964862	27
CP012026	964863	27
CP012026	964864	27
CP012026	964865	28
CP012026	964866	28
CP012026	964867	30
CP012026	964868	30
CP012026	964869	31
CP012026	964870	31
CP012026	964871	31
CP012026	964872	31
CP012026	964873	31
CP012026	964874	32
CP012026	964875	32
CP012026	964876	32
CP012026	964877	32
CP012026	964878	32
CP012026	964879	32
CP012026	964880	32
CP012026	964881	32
CP012026	964882	32
CP012026	964883	34
CP012026	964884	34
CP012026	964885	34
CP012026	964886	34
CP012026	964887	34
CP012026	964888	34
CP012026	964889	36
CP012026	964890	36
CP012026	964891	36
CP012026	964892	36
CP012026	964893	36
CP012026	964894	36
CP012026	964895	36
CP012026	964896	36
CP012026	964897	36
CP012026	964898	37
CP012026	964899	37
CP012026	964900	37
CP012026	964901	37
CP012026	964902	39
CP012026	964903	38
CP012026	964904	38
CP012026	964905	38
CP012026	964906	38
CP012026	964907	38
CP012026	964908	39
CP012026	964909	39
CP012026	964910	39
CP012026	964911	39
CP012026	964912	37
CP012026	964913	38
CP012026	964914	38
CP012026	964915	37
CP012026	964916	37
CP012026	964917	37
CP012026	964918	37
CP012026	964919	37
CP012026	964920	37
CP012026	964921	37
CP012026	964922	37
CP012026	964923	36
CP012026	964924	36
CP012026	964925	36
CP012026	964926	36
CP012026	964927	37
CP012026	964928	37
CP012026	964929	38
CP012026	964930	38
CP012026	964931	36
CP012026	964932	36
CP012026	964933	36
CP012026	964934	35
CP012026	964935	35
CP012026	964936	35
CP012026	964937	35
CP012026	964938	35
CP012026	964939	35
CP012026	964940	35
CP012026	964941	35
CP012026	964942	35
CP012026	964943	35
CP012026	964944	37
CP012026	964945	37
CP012026	964946	37
CP012026	964947	37
CP012026	964948	37
CP012026	964949	37
CP012026	964950	37
CP012026	964951	37
CP012026	964952	35
CP012026	964953	35
CP012026	964954	35
CP012026	964955	35
CP012026	964956	35
CP012026	964957	35
CP012026	964958	35
CP012026	964959	35
CP012026	964960	35
CP012026	964961	39
CP012026	964962	39
CP012026	964963	39
CP012026	964964	39
CP012026	964965	39
CP012026	964966	39
CP012026	964967	39
CP012026	964968	39
CP012026	964969	39
CP012026	964970	39
CP012026	964971	38
CP012026	964972	38
CP012026	964973	38
CP012026	964974	38
CP012026	964975	38
CP012026	964976	38
CP012026	964977	38
CP012026	964978	38
CP012026	964979	38
CP012026	964980	38
CP012026	964981	38
CP012026	964982	38
CP012026	964983	38
CP012026	964984	37
CP012026	964985	38
CP012026	964986	38
CP012026	964987	37
CP012026	964988	37
CP012026	964989	37
CP012026	964990	37
CP012026	964991	37
CP012026	964992	37
CP012026	964993	39
CP012026	964994	40
CP012026	964995	42
CP012026	964996	42
CP012026	964997	42
CP012026	964998	42
CP012026	964999	42
CP012026	965000	42
CP012026	965001	41
CP012026	965002	39
CP012026	965003	40
CP012026	965004	36
CP012026	965005	36
CP012026	965006	38
CP012026	965007	38
CP012026	965008	39
CP012026	965009	39
CP012026	965010	40
CP012026	965011	40
CP012026	965012	40
CP012026	965013	41
CP012026	965014	41
CP012026	965015	41
CP012026	965016	41
CP012026	965017	39
CP012026	965018	39
CP012026	965019	39
CP012026	965020	39
CP012026	965021	39
CP012026	965022	41
CP012026	965023	41
CP012026	965024	43
CP012026	965025	43
CP012026	965026	43
CP012026	965027	43
CP012026	965028	43
CP012026	965029	43
CP012026	965030	44
CP012026	965031	44
CP012026	965032	44
CP012026	965033	44
CP012026	965034	44
CP012026	965035	46
CP012026	965036	46
CP012026	965037	46
CP012026	965038	46
CP012026	965039	46
CP012026	965040	46
CP012026	965041	47
CP012026	965042	47
CP012026	965043	47
CP012026	965044	47
CP012026	965045	47
CP012026	965046	47
CP012026	965047	47
CP012026	965048	44
CP012026	965049	44
CP012026	965050	44
CP012026	965051	44
CP012026	965052	42
CP012026	965053	42
CP012026	965054	42
CP012026	965055	40
CP012026	965056	40
CP012026	965057	41
CP012026	965058	41
CP012026	965059	42
CP012026	965060	42
CP012026	965061	42
CP012026	965062	42
CP012026	965063	42
CP012026	965064	42
CP012026	965065	42
CP012026	965066	42
CP012026	965067	41
CP012026	965068	41
CP012026	965069	41
CP012026	965070	41
CP012026	965071	40
CP012026	965072	40
CP012026	965073	40
CP012026	965074	40
CP012026	965075	40
CP012026	965076	40
CP012026	965077	40
CP012026	965078	40
CP012026	965079	40
CP012026	965080	40
CP012026	965081	40
CP012026	965082	41
CP012026	965083	41
CP012026	965084	41
CP012026	965085	43
CP012026	965086	43
CP012026	965087	47
CP012026	965088	47
CP012026	965089	48
CP012026	965090	48
CP012026	965091	48
CP012026	965092	48
CP012026	965093	48
CP012026	965094	48
CP012026	965095	48
CP012026	965096	46
CP012026	965097	46
CP012026	965098	46
CP012026	965099	46
CP012026	965100	46
CP012026	965101	46
CP012026	965102	46
CP012026	965103	46
CP012026	965104	46
CP012026	965105	46
CP012026	965106	46
CP012026	965107	48
CP012026	965108	48
CP012026	965109	48
CP012026	965110	48
CP012026	965111	48
CP012026	965112	48
CP012026	965113	48
CP012026	965114	48
CP012026	965115	48
CP012026	965116	47
CP012026	965117	46
CP012026	965118	46
CP012026	965119	46
CP012026	965120	46
CP012026	965121	46
CP012026	965122	46
CP012026	965123	46
CP012026	965124	46
CP012026	965125	45
CP012026	965126	46
CP012026	965127	46
CP012026	965128	46
CP012026	965129	46
CP012026	965130	46
CP012026	965131	46
CP012026	965132	46
CP012026	965133	45
CP012026	965134	44
CP012026	965135	44
CP012026	965136	44
CP012026	965137	44
CP012026	965138	44
CP012026	965139	44
CP012026	965140	44
CP012026	965141	44
CP012026	965142	44
CP012026	965143	44
CP012026	965144	44
CP012026	965145	44
CP012026	965146	44
CP012026	965147	44
CP012026	965148	44
CP012026	965149	43
CP012026	965150	43
CP012026	965151	43
CP012026	965152	43
CP012026	965153	43
CP012026	965154	43
CP012026	965155	43
CP012026	965156	45
CP012026	965157	45
CP012026	965158	44
CP012026	965159	44
CP012026	965160	44
CP012026	965161	44
CP012026	965162	44
CP012026	965163	44
CP012026	965164	43
CP012026	965165	43
CP012026	965166	43
CP012026	965167	43
CP012026	965168	43
CP012026	965169	44
CP012026	965170	44
CP012026	965171	44
CP012026	965172	45
CP012026	965173	45
CP012026	965174	45
CP012026	965175	45
CP012026	965176	45
CP012026	965177	45
CP012026	965178	44
CP012026	965179	44
CP012026	965180	43
CP012026	965181	41
CP012026	965182	41
CP012026	965183	41
CP012026	965184	41
CP012026	965185	41
CP012026	965186	41
CP012026	965187	41
CP012026	965188	41
CP012026	965189	41
CP012026	965190	41
CP012026	965191	41
CP012026	965192	41
CP012026	965193	43
CP012026	965194	43
CP012026	965195	43
CP012026	965196	43
CP012026	965197	43
CP012026	965198	46
CP012026	965199	46
CP012026	965200	46
CP012026	965201	46
CP012026	965202	46
CP012026	965203	46
CP012026	965204	46
CP012026	965205	49
CP012026	965206	49
CP012026	965207	47
CP012026	965208	47
CP012026	965209	47
CP012026	965210	47
CP012026	965211	47
CP012026	965212	45
CP012026	965213	45
CP012026	965214	45
CP012026	965215	45
CP012026	965216	47
CP012026	965217	47
CP012026	965218	47
CP012026	965219	47
CP012026	965220	47
CP012026	965221	47
CP012026	965222	47
CP012026	965223	47
CP012026	965224	47
CP012026	965225	47
CP012026	965226	47
CP012026	965227	47
CP012026	965228	47
CP012026	965229	47
CP012026	965230	47
CP012026	965231	47
CP012026	965232	47
CP012026	965233	47
CP012026	965234	47
CP012026	965235	47
CP012026	965236	46
CP012026	965237	46
CP012026	965238	46
CP012026	965239	46
CP012026	965240	46
CP012026	965241	46
CP012026	965242	46
CP012026	965243	48
CP012026	965244	47
CP012026	965245	47
CP012026	965246	47
CP012026	965247	48
CP012026	965248	49
CP012026	965249	49
CP012026	965250	47
CP012026	965251	47
CP012026	965252	47
CP012026	965253	47
CP012026	965254	46
CP012026	965255	46
CP012026	965256	42
CP012026	965257	42
CP012026	965258	42
CP012026	965259	41
CP012026	965260	42
CP012026	965261	41
CP012026	965262	41
CP012026	965263	41
CP012026	965264	41
CP012026	965265	41
CP012026	965266	41
CP012026	965267	41
CP012026	965268	41
CP012026	965269	40
CP012026	965270	40
CP012026	965271	40
CP012026	965272	40
CP012026	965273	40
CP012026	965274	37
CP012026	965275	37
CP012026	965276	37
CP012026	965277	37
CP012026	965278	37
CP012026	965279	38
CP012026	965280	38
CP012026	965281	37
CP012026	965282	37
CP012026	965283	37
CP012026	965284	37
CP012026	965285	35
CP012026	965286	35
CP012026	965287	35
CP012026	965288	35
CP012026	965289	34
CP012026	965290	34
CP012026	965291	36
CP012026	965292	36
CP012026	965293	40
CP012026	965294	40
CP012026	965295	40
CP012026	965296	40
CP012026	965297	40
CP012026	965298	40
CP012026	965299	40
CP012026	965300	40
CP012026	965301	40
CP012026	965302	40
CP012026	965303	41
CP012026	965304	41
CP012026	965305	41
CP012026	965306	41
CP012026	965307	42
CP012026	965308	42
CP012026	965309	41
CP012026	965310	41
CP012026	965311	41
CP012026	965312	41
CP012026	965313	41
CP012026	965314	44
CP012026	965315	44
CP012026	965316	44
CP012026	965317	44
CP012026	965318	44
CP012026	965319	44
CP012026	965320	44
CP012026	965321	45
CP012026	965322	45
CP012026	965323	43
CP012026	965324	43
CP012026	965325	43
CP012026	965326	43
CP012026	965327	43
CP012026	965328	43
CP012026	965329	43
CP012026	965330	43
CP012026	965331	43
CP012026	965332	42
CP012026	965333	42
CP012026	965334	46
CP012026	965335	46
CP012026	965336	44
CP012026	965337	44
CP012026	965338	42
CP012026	965339	42
CP012026	965340	41
CP012026	965341	41
CP012026	965342	41
CP012026	965343	39
CP012026	965344	39
CP012026	965345	39
CP012026	965346	39
CP012026	965347	39
CP012026	965348	39
CP012026	965349	39
CP012026	965350	39
CP012026	965351	39
CP012026	965352	39
CP012026	965353	39
CP012026	965354	39
CP012026	965355	39
CP012026	965356	39
CP012026	965357	39
CP012026	965358	37
CP012026	965359	37
CP012026	965360	37
CP012026	965361	38
CP012026	965362	38
CP012026	965363	39
CP012026	965364	39
CP012026	965365	39
CP012026	965366	39
CP012026	965367	39
CP012026	965368	39
CP012026	965369	39
CP012026	965370	41
CP012026	965371	41
CP012026	965372	41
CP012026	965373	41
CP012026	965374	41
CP012026	965375	43
CP012026	965376	43
CP012026	965377	42
CP012026	965378	42
CP012026	965379	42
CP012026	965380	43
CP012026	965381	43
CP012026	965382	43
CP012026	965383	43
CP012026	965384	43
CP012026	965385	43
CP012026	965386	43
CP012026	965387	43
CP012026	965388	43
CP012026	965389	43
CP012026	965390	43
CP012026	965391	43
CP012026	965392	44
CP012026	965393	44
CP012026	965394	44
CP012026	965395	44
CP012026	965396	44
CP012026	965397	44
CP012026	965398	44
CP012026	965399	44
CP012026	965400	44
CP012026	965401	44
CP012026	965402	44
CP012026	965403	44
CP012026	965404	44
CP012026	965405	44
CP012026	965406	44
CP012026	965407	44
CP012026	965408	44
CP012026	965409	44
CP012026	965410	42
CP012026	965411	42
CP012026	965412	42
CP012026	965413	42
CP012026	965414	42
CP012026	965415	42
CP012026	965416	42
CP012026	965417	42
CP012026	965418	42
CP012026	965419	41
CP012026	965420	41
CP012026	965421	41
CP012026	965422	40
CP012026	965423	40
CP012026	965424	40
CP012026	965425	40
CP012026	965426	40
CP012026	965427	40
CP012026	965428	40
CP012026	965429	38
CP012026	965430	38
CP012026	965431	38
CP012026	965432	38
CP012026	965433	38
CP012026	965434	38
CP012026	965435	38
CP012026	965436	38
CP012026	965437	38
CP012026	965438	38
CP012026	965439	38
CP012026	965440	38
CP012026	965441	38
CP012026	965442	38
CP012026	965443	38
CP012026	965444	38
CP012026	965445	38
CP012026	965446	38
CP012026	965447	38
CP012026	965448	38
CP012026	965449	37
CP012026	965450	37
CP012026	965451	37
CP012026	965452	37
CP012026	965453	37
CP012026	965454	37
CP012026	965455	35
CP012026	965456	34
CP012026	965457	35
CP012026	965458	35
CP012026	965459	35
CP012026	965460	35
CP012026	965461	35
CP012026	965462	33
CP012026	965463	33
CP012026	965464	33
CP012026	965465	33
CP012026	965466	29
CP012026	965467	29
CP012026	965468	29
CP012026	965469	29
CP012026	965470	30
CP012026	965471	31
CP012026	965472	31
CP012026	965473	31
CP012026	965474	31
CP012026	965475	31
CP012026	965476	31
CP012026	965477	31
CP012026	965478	31
CP012026	965479	31
CP012026	965480	31
CP012026	965481	31
CP012026	965482	31
CP012026	965483	31
CP012026	965484	31
CP012026	965485	31
CP012026	965486	31
CP012026	965487	31
CP012026	965488	31
CP012026	965489	31
CP012026	965490	32
CP012026	965491	32
CP012026	965492	33
CP012026	965493	33
CP012026	965494	33
CP012026	965495	33
CP012026	965496	33
CP012026	965497	32
CP012026	965498	32
CP012026	965499	31
CP012026	965500	31
CP012026	965501	31
CP012026	965502	31
CP012026	965503	31
CP012026	965504	31
CP012026	965505	31
CP012026	965506	31
CP012026	965507	31
CP012026	965508	32
CP012026	965509	32
CP012026	965510	32
CP012026	965511	31
CP012026	965512	31
CP012026	965513	33
CP012026	965514	33
CP012026	965515	30
CP012026	965516	30
CP012026	965517	30
CP012026	965518	30
CP012026	965519	30
CP012026	965520	30
CP012026	965521	30
CP012026	965522	30
CP012026	965523	30
CP012026	965524	30
CP012026	965525	30
CP012026	965526	30
CP012026	965527	30
CP012026	965528	30
CP012026	965529	30
CP012026	965530	29
CP012026	965531	29
CP012026	965532	29
CP012026	965533	29
CP012026	965534	29
CP012026	965535	29
CP012026	965536	29
CP012026	965537	29
CP012026	965538	29
CP012026	965539	29
CP012026	965540	29
CP012026	965541	29
CP012026	965542	29
CP012026	965543	29
CP012026	965544	27
CP012026	965545	27
CP012026	965546	27
CP012026	965547	27
CP012026	965548	29
CP012026	965549	29
CP012026	965550	29
CP012026	965551	29
CP012026	965552	29
CP012026	965553	30
CP012026	965554	29
CP012026	965555	29
CP012026	965556	29
CP012026	965557	31
CP012026	965558	32
CP012026	965559	31
CP012026	965560	31
CP012026	965561	31
CP012026	965562	31
CP012026	965563	31
CP012026	965564	31
CP012026	965565	30
CP012026	965566	30
CP012026	965567	30
CP012026	965568	30
CP012026	965569	30
CP012026	965570	30
CP012026	965571	30
CP012026	965572	25
CP012026	965573	25
CP012026	965574	25
CP012026	965575	25
CP012026	965576	25
CP012026	965577	25
CP012026	965578	26
CP012026	965579	26
CP012026	965580	26
CP012026	965581	26
CP012026	965582	26
CP012026	965583	26
CP012026	965584	26
CP012026	965585	26
CP012026	965586	26
CP012026	965587	26
CP012026	965588	26
CP012026	965589	26
CP012026	965590	26
CP012026	965591	26
CP012026	965592	26
CP012026	965593	26
CP012026	965594	26
CP012026	965595	26
CP012026	965596	26
CP012026	965597	26
CP012026	965598	26
CP012026	965599	26
CP012026	965600	26
CP012026	965601	26
CP012026	965602	26
CP012026	965603	26
CP012026	965604	26
CP012026	965605	26
CP012026	965606	26
CP012026	965607	26
CP012026	965608	26
CP012026	965609	26
CP012026	965610	26
CP012026	965611	26
CP012026	965612	25
CP012026	965613	25
CP012026	965614	24
CP012026	965615	22
CP012026	965616	22
CP012026	965617	22
CP012026	965618	22
CP012026	965619	22
CP012026	965620	21
CP012026	965621	20
CP012026	965622	20
CP012026	965623	20
CP012026	965624	20
CP012026	965625	20
CP012026	965626	20
CP012026	965627	20
CP012026	965628	20
CP012026	965629	20
CP012026	965630	20
CP012026	965631	19
CP012026	965632	19
CP012026	965633	19
CP012026	965634	19
CP012026	965635	19
CP012026	965636	19
CP012026	965637	19
CP012026	965638	19
CP012026	965639	19
CP012026	965640	19
CP012026	965641	19
CP012026	965642	19
CP012026	965643	18
CP012026	965644	18
CP012026	965645	18
CP012026	965646	18
CP012026	965647	18
CP012026	965648	18
CP012026	965649	18
CP012026	965650	18
CP012026	965651	18
CP012026	965652	18
CP012026	965653	18
CP012026	965654	18
CP012026	965655	18
CP012026	965656	18
CP012026	965657	18
CP012026	965658	18
CP012026	965659	18
CP012026	965660	18
CP012026	965661	18
CP012026	965662	18
CP012026	965663	18
CP012026	965664	18
CP012026	965665	18
CP012026	965666	18
CP012026	965667	18
CP012026	965668	18
CP012026	965669	18
CP012026	965670	18
CP012026	965671	18
CP012026	965672	18
CP012026	965673	18
CP012026	965674	18
CP012026	965675	19
CP012026	965676	21
CP012026	965677	21
CP012026	965678	21
CP012026	965679	21
CP012026	965680	21
CP012026	965681	21
CP012026	965682	22
CP012026	965683	22
CP012026	965684	22
CP012026	965685	22
CP012026	965686	25
CP012026	965687	25
CP012026	965688	25
CP012026	965689	25
CP012026	965690	23
CP012026	965691	23
CP012026	965692	23
CP012026	965693	23
CP012026	965694	23
CP012026	965695	21
CP012026	965696	21
CP012026	965697	21
CP012026	965698	21
CP012026	965699	21
CP012026	965700	21
CP012026	965701	21
CP012026	965702	21
CP012026	965703	21
CP012026	965704	21
CP012026	965705	21
CP012026	965706	21
CP012026	965707	20
CP012026	965708	20
CP012026	965709	20
CP012026	965710	20
CP012026	965711	20
CP012026	965712	20
CP012026	965713	22
CP012026	965714	22
CP012026	965715	22
CP012026	965716	22
CP012026	965717	22
CP012026	965718	22
CP012026	965719	22
CP012026	965720	23
CP012026	965721	21
CP012026	965722	21
CP012026	965723	20
CP012026	965724	20
CP012026	965725	20
CP012026	965726	20
CP012026	965727	20
CP012026	965728	22
CP012026	965729	22
CP012026	965730	22
CP012026	965731	22
CP012026	965732	22
CP012026	965733	22
CP012026	965734	22
CP012026	965735	22
CP012026	965736	22
CP012026	965737	22
CP012026	965738	24
CP012026	965739	24
CP012026	965740	27
CP012026	965741	26
CP012026	965742	26
CP012026	965743	25
CP012026	965744	25
CP012026	965745	25
CP012026	965746	25
CP012026	965747	25
CP012026	965748	25
CP012026	965749	23
CP012026	965750	24
CP012026	965751	26
CP012026	965752	26
CP012026	965753	26
CP012026	965754	26
CP012026	965755	26
CP012026	965756	26
CP012026	965757	26
CP012026	965758	26
CP012026	965759	25
CP012026	965760	25
CP012026	965761	25
CP012026	965762	25
CP012026	965763	25
CP012026	965764	25
CP012026	965765	26
CP012026	965766	26
CP012026	965767	26
CP012026	965768	26
CP012026	965769	26
CP012026	965770	26
CP012026	965771	26
CP012026	965772	29
CP012026	965773	29
CP012026	965774	29
CP012026	965775	29
CP012026	965776	31
CP012026	965777	31
CP012026	965778	31
CP012026	965779	31
CP012026	965780	31
CP012026	965781	31
CP012026	965782	31
CP012026	965783	31
CP012026	965784	32
CP012026	965785	34
CP012026	965786	34
CP012026	965787	34
CP012026	965788	34
CP012026	965789	34
CP012026	965790	34
CP012026	965791	35
CP012026	965792	35
CP012026	965793	35
CP012026	965794	35
CP012026	965795	35
CP012026	965796	35
CP012026	965797	35
CP012026	965798	35
CP012026	965799	35
CP012026	965800	35
CP012026	965801	35
CP012026	965802	35
CP012026	965803	35
CP012026	965804	37
CP012026	965805	37
CP012026	965806	37
CP012026	965807	37
CP012026	965808	37
CP012026	965809	37
CP012026	965810	37
CP012026	965811	37
CP012026	965812	37
CP012026	965813	39
CP012026	965814	39
CP012026	965815	39
CP012026	965816	39
CP012026	965817	39
CP012026	965818	39
CP012026	965819	39
CP012026	965820	41
CP012026	965821	41
CP012026	965822	41
CP012026	965823	41
CP012026	965824	41
CP012026	965825	41
CP012026	965826	41
CP012026	965827	41
CP012026	965828	41
CP012026	965829	40
CP012026	965830	40
CP012026	965831	40
CP012026	965832	42
CP012026	965833	44
CP012026	965834	44
CP012026	965835	44
CP012026	965836	44
CP012026	965837	44
CP012026	965838	44
CP012026	965839	44
CP012026	965840	44
CP012026	965841	44
CP012026	965842	44
CP012026	965843	44
CP012026	965844	44
CP012026	965845	44
CP012026	965846	44
CP012026	965847	45
CP012026	965848	47
CP012026	965849	47
CP012026	965850	47
CP012026	965851	47
CP012026	965852	47
CP012026	965853	47
CP012026	965854	47
CP012026	965855	47
CP012026	965856	47
CP012026	965857	47
CP012026	965858	47
CP012026	965859	47
CP012026	965860	47
CP012026	965861	47
CP012026	965862	47
CP012026	965863	47
CP012026	965864	47
CP012026	965865	47
CP012026	965866	47
CP012026	965867	47
CP012026	965868	48
CP012026	965869	48
CP012026	965870	48
CP012026	965871	48
CP012026	965872	49
CP012026	965873	51
CP012026	965874	51
CP012026	965875	51
CP012026	965876	51
CP012026	965877	47
CP012026	965878	47
CP012026	965879	47
CP012026	965880	47
CP012026	965881	47
CP012026	965882	47
CP012026	965883	47
CP012026	965884	47
CP012026	965885	47
CP012026	965886	47
CP012026	965887	45
CP012026	965888	45
CP012026	965889	43
CP012026	965890	43
CP012026	965891	44
CP012026	965892	44
CP012026	965893	44
CP012026	965894	42
CP012026	965895	42
CP012026	965896	44
CP012026	965897	45
CP012026	965898	45
CP012026	965899	45
CP012026	965900	45
CP012026	965901	45
CP012026	965902	45
CP012026	965903	45
CP012026	965904	45
CP012026	965905	45
CP012026	965906	45
CP012026	965907	45
CP012026	965908	45
CP012026	965909	45
CP012026	965910	45
CP012026	965911	45
CP012026	965912	45
CP012026	965913	46
CP012026	965914	46
CP012026	965915	46
CP012026	965916	46
CP012026	965917	46
CP012026	965918	46
CP012026	965919	46
CP012026	965920	46
CP012026	965921	46
CP012026	965922	46
CP012026	965923	47
CP012026	965924	47
CP012026	965925	46
CP012026	965926	46
CP012026	965927	46
CP012026	965928	46
CP012026	965929	46
CP012026	965930	46
CP012026	965931	46
CP012026	965932	46
CP012026	965933	45
CP012026	965934	43
CP012026	965935	44
CP012026	965936	42
CP012026	965937	41
CP012026	965938	41
CP012026	965939	41
CP012026	965940	41
CP012026	965941	41
CP012026	965942	41
CP012026	965943	42
CP012026	965944	40
CP012026	965945	40
CP012026	965946	40
CP012026	965947	40
CP012026	965948	40
CP012026	965949	40
CP012026	965950	40
CP012026	965951	41
CP012026	965952	41
CP012026	965953	41
CP012026	965954	41
CP012026	965955	43
CP012026	965956	43
CP012026	965957	43
CP012026	965958	43
CP012026	965959	43
CP012026	965960	43
CP012026	965961	44
CP012026	965962	44
CP012026	965963	44
CP012026	965964	44
CP012026	965965	44
CP012026	965966	44
CP012026	965967	44
CP012026	965968	44
CP012026	965969	44
CP012026	965970	44
CP012026	965971	43
CP012026	965972	43
CP012026	965973	43
CP012026	965974	42
CP012026	965975	42
CP012026	965976	42
CP012026	965977	42
CP012026	965978	38
CP012026	965979	38
CP012026	965980	40
CP012026	965981	40
CP012026	965982	40
CP012026	965983	40
CP012026	965984	41
CP012026	965985	41
CP012026	965986	41
CP012026	965987	39
CP012026	965988	41
CP012026	965989	41
CP012026	965990	41
CP012026	965991	40
CP012026	965992	44
CP012026	965993	44
CP012026	965994	44
CP012026	965995	44
CP012026	965996	44
CP012026	965997	44
CP012026	965998	45
CP012026	965999	43
CP012026	966000	43
CP012026	966001	38
CP012026	966002	38
CP012026	966003	38
CP012026	966004	38
CP012026	966005	39
CP012026	966006	39
CP012026	966007	41
CP012026	966008	41
CP012026	966009	41
CP012026	966010	41
CP012026	966011	41
CP012026	966012	41
CP012026	966013	41
CP012026	993563	27
CP012026	993564	28
CP012026	993565	28
CP012026	993566	27
CP012026	993567	27
CP012026	993568	27
CP012026	993569	27
CP012026	993570	26
CP012026	993571	26
CP012026	993572	26
CP012026	993573	26
CP012026	993574	25
CP012026	993575	25
CP012026	993576	25
CP012026	993577	25
CP012026	993578	26
CP012026	993579	26
CP012026	993580	26
CP012026	993581	26
CP012026	993582	28
CP012026	993583	28
CP012026	993584	32
CP012026	993585	32
CP012026	993586	33
CP012026	993587	33
CP012026	993588	33
CP012026	993589	33
CP012026	993590	33
CP012026	993591	33
CP012026	993592	34
CP012026	993593	34
CP012026	993594	34
CP012026	993595	34
CP012026	993596	34
CP012026	993597	34
CP012026	993598	34
CP012026	993599	34
CP012026	993600	34
CP012026	993601	34
CP012026	993602	34
CP012026	993603	34
CP012026	993604	34
CP012026	993605	34
CP012026	993606	34
CP012026	993607	34
CP012026	993608	34
CP012026	993609	34
CP012026	993610	34
CP012026	993611	34
CP012026	993612	34
CP012026	993613	34
CP012026	993614	34
CP012026	993615	34
CP012026	993616	34
CP012026	993617	34
CP012026	993618	34
CP012026	993619	34
CP012026	993620	34
CP012026	993621	34
CP012026	993622	34
CP012026	993623	34
CP012026	993624	34
CP012026	993625	34
CP012026	993626	34
CP012026	993627	35
CP012026	993628	35
CP012026	993629	35
CP012026	993630	35
CP012026	993631	35
CP012026	993632	33
CP012026	993633	33
CP012026	993634	33
CP012026	993635	34
CP012026	993636	36
CP012026	993637	37
CP012026	993638	37
CP012026	993639	37
CP012026	993640	35
CP012026	993641	35
CP012026	993642	35
CP012026	993643	35
CP012026	993644	35
CP012026	993645	35
CP012026	993646	36
CP012026	993647	36
CP012026	993648	37
CP012026	993649	37
CP012026	993650	35
CP012026	993651	35
CP012026	993652	35
CP012026	993653	35
CP012026	993654	34
CP012026	993655	34
CP012026	993656	34
CP012026	993657	34
CP012026	993658	34
CP012026	993659	38
CP012026	993660	38
CP012026	993661	38
CP012026	993662	38
CP012026	993663	38
CP012026	993664	38
CP012026	993665	38
CP012026	993666	39
CP012026	993667	39
CP012026	993668	39
CP012026	993669	39
CP012026	993670	39
CP012026	993671	39
CP012026	993672	38
CP012026	993673	38
CP012026	993674	38
CP012026	993675	38
CP012026	993676	39
CP012026	993677	39
CP012026	993678	39
CP012026	993679	39
CP012026	993680	39
CP012026	993681	39
CP012026	993682	39
CP012026	993683	39
CP012026	993684	39
CP012026	993685	39
CP012026	993686	39
CP012026	993687	39
CP012026	993688	39
CP012026	993689	39
CP012026	993690	39
CP012026	993691	39
CP012026	993692	41
CP012026	993693	43
CP012026	993694	43
CP012026	993695	43
CP012026	993696	43
CP012026	993697	45
CP012026	993698	46
CP012026	993699	46
CP012026	993700	46
CP012026	993701	46
CP012026	993702	46
CP012026	993703	42
CP012026	993704	42
CP012026	993705	42
CP012026	993706	42
CP012026	993707	42
CP012026	993708	42
CP012026	993709	42
CP012026	993710	40
CP012026	993711	41
CP012026	993712	41
CP012026	993713	41
CP012026	993714	41
CP012026	993715	41
CP012026	993716	41
CP012026	993717	41
CP012026	993718	41
CP012026	993719	41
CP012026	993720	43
CP012026	993721	43
CP012026	993722	43
CP012026	993723	43
CP012026	993724	43
CP012026	993725	43
CP012026	993726	43
CP012026	993727	43
CP012026	993728	43
CP012026	993729	43
CP012026	993730	44
CP012026	993731	44
CP012026	993732	44
CP012026	993733	44
CP012026	993734	44
CP012026	993735	47
CP012026	993736	47
CP012026	993737	47
CP012026	993738	47
CP012026	993739	47
CP012026	993740	47
CP012026	993741	47
CP012026	993742	47
CP012026	993743	47
CP012026	993744	45
CP012026	993745	45
CP012026	993746	45
CP012026	993747	45
CP012026	993748	46
CP012026	993749	47
CP012026	993750	47
CP012026	993751	47
CP012026	993752	47
CP012026	993753	47
CP012026	993754	47
CP012026	993755	47
CP012026	993756	47
CP012026	993757	47
CP012026	993758	47
CP012026	993759	47
CP012026	993760	47
CP012026	993761	48
CP012026	993762	48
CP012026	993763	48
CP012026	993764	48
CP012026	993765	48
CP012026	993766	48
CP012026	993767	48
CP012026	993768	48
CP012026	993769	48
CP012026	993770	48
CP012026	993771	49
CP012026	993772	49
CP012026	993773	49
CP012026	993774	50
CP012026	993775	50
CP012026	993776	50
CP012026	993777	50
CP012026	993778	50
CP012026	993779	50
CP012026	993780	50
CP012026	993781	50
CP012026	993782	50
CP012026	993783	50
CP012026	993784	50
CP012026	993785	50
CP012026	993786	50
CP012026	993787	51
CP012026	993788	51
CP012026	993789	51
CP012026	993790	53
CP012026	993791	55
CP012026	993792	55
CP012026	993793	53
CP012026	993794	53
CP012026	993795	53
CP012026	993796	53
CP012026	993797	53
CP012026	993798	53
CP012026	993799	53
CP012026	993800	54
CP012026	993801	54
CP012026	993802	54
CP012026	993803	54
CP012026	993804	53
CP012026	993805	53
CP012026	993806	50
CP012026	993807	50
CP012026	993808	50
CP012026	993809	50
CP012026	993810	50
CP012026	993811	49
CP012026	993812	48
CP012026	993813	48
CP012026	993814	48
CP012026	993815	47
CP012026	993816	47
CP012026	993817	47
CP012026	993818	47
CP012026	993819	47
CP012026	993820	47
CP012026	993821	47
CP012026	993822	48
CP012026	993823	49
CP012026	993824	49
CP012026	993825	49
CP012026	993826	47
CP012026	993827	47
CP012026	993828	48
CP012026	993829	47
CP012026	993830	47
CP012026	993831	49
CP012026	993832	49
CP012026	993833	49
CP012026	993834	49
CP012026	993835	47
CP012026	993836	47
CP012026	993837	44
CP012026	993838	44
CP012026	993839	44
CP012026	993840	44
CP012026	993841	46
CP012026	993842	46
CP012026	993843	45
CP012026	993844	46
CP012026	993845	46
CP012026	993846	46
CP012026	993847	46
CP012026	993848	46
CP012026	993849	46
CP012026	993850	46
CP012026	993851	50
CP012026	993852	50
CP012026	993853	50
CP012026	993854	50
CP012026	993855	50
CP012026	993856	52
CP012026	993857	52
CP012026	993858	52
CP012026	993859	52
CP012026	993860	52
CP012026	993861	52
CP012026	993862	52
CP012026	993863	54
CP012026	993864	54
CP012026	993865	50
CP012026	993866	50
CP012026	993867	50
CP012026	993868	50
CP012026	993869	52
CP012026	993870	52
CP012026	993871	52
CP012026	993872	52
CP012026	993873	53
CP012026	993874	54
CP012026	993875	57
CP012026	993876	58
CP012026	993877	57
CP012026	993878	55
CP012026	993879	55
CP012026	993880	55
CP012026	993881	55
CP012026	993882	55
CP012026	993883	54
CP012026	993884	54
CP012026	993885	54
CP012026	993886	54
CP012026	993887	54
CP012026	993888	53
CP012026	993889	53
CP012026	993890	53
CP012026	993891	53
CP012026	993892	53
CP012026	993893	53
CP012026	993894	54
CP012026	993895	54
CP012026	993896	54
CP012026	993897	53
CP012026	993898	53
CP012026	993899	53
CP012026	993900	53
CP012026	993901	53
CP012026	993902	53
CP012026	993903	53
CP012026	993904	53
CP012026	993905	53
CP012026	993906	53
CP012026	993907	53
CP012026	993908	53
CP012026	993909	53
CP012026	993910	51
CP012026	993911	51
CP012026	993912	51
CP012026	993913	51
CP012026	993914	51
CP012026	993915	51
CP012026	993916	50
CP012026	993917	50
CP012026	993918	50
CP012026	993919	50
CP012026	993920	50
CP012026	993921	50
CP012026	993922	50
CP012026	993923	50
CP012026	993924	53
CP012026	993925	53
CP012026	993926	53
CP012026	993927	52
CP012026	993928	52
CP012026	993929	52
CP012026	993930	52
CP012026	993931	52
CP012026	993932	52
CP012026	993933	52
CP012026	993934	52
CP012026	993935	52
CP012026	993936	52
CP012026	993937	54
CP012026	993938	54
CP012026	993939	54
CP012026	993940	54
CP012026	993941	54
CP012026	993942	54
CP012026	993943	50
CP012026	993944	49
CP012026	993945	49
CP012026	993946	49
CP012026	993947	49
CP012026	993948	46
CP012026	993949	46
CP012026	993950	44
CP012026	993951	44
CP012026	993952	44
CP012026	993953	44
CP012026	993954	42
CP012026	993955	42
CP012026	993956	43
CP012026	993957	43
CP012026	993958	43
CP012026	993959	43
CP012026	993960	43
CP012026	993961	42
CP012026	993962	42
CP012026	993963	43
CP012026	993964	43
CP012026	993965	43
CP012026	993966	43
CP012026	993967	43
CP012026	993968	45
CP012026	993969	45
CP012026	993970	45
CP012026	993971	45
CP012026	993972	45
CP012026	993973	45
CP012026	993974	45
CP012026	993975	45
CP012026	993976	45
CP012026	993977	45
CP012026	993978	45
CP012026	993979	45
CP012026	993980	45
CP012026	993981	44
CP012026	993982	44
CP012026	993983	44
CP012026	993984	45
CP012026	993985	45
CP012026	993986	44
CP012026	993987	45
CP012026	993988	45
CP012026	993989	45
CP012026	993990	44
CP012026	993991	44
CP012026	993992	44
CP012026	993993	44
CP012026	993994	44
CP012026	993995	44
CP012026	993996	44
CP012026	993997	44
CP012026	993998	43
CP012026	993999	42
CP012026	994000	42
CP012026	994001	43
CP012026	994002	44
CP012026	994003	44
CP012026	994004	44
CP012026	994005	44
CP012026	994006	44
CP012026	994007	44
CP012026	994008	44
CP012026	994009	44
CP012026	994010	42
CP012026	994011	42
CP012026	994012	39
CP012026	994013	39
CP012026	994014	39
CP012026	994015	39
CP012026	994016	41
CP012026	994017	41
CP012026	994018	41
CP012026	994019	41
CP012026	994020	41
CP012026	994021	38
CP012026	994022	38
CP012026	994023	38
CP012026	994024	38
CP012026	994025	37
CP012026	994026	37
CP012026	994027	37
CP012026	994028	37
CP012026	994029	37
CP012026	994030	37
CP012026	994031	38
CP012026	994032	38
CP012026	994033	38
CP012026	994034	38
CP012026	994035	38
CP012026	994036	38
CP012026	994037	37
CP012026	994038	37
CP012026	994039	37
CP012026	994040	37
CP012026	994041	38
CP012026	994042	38
CP012026	994043	38
CP012026	994044	38
CP012026	994045	39
CP012026	994046	40
CP012026	994047	42
CP012026	994048	42
CP012026	994049	41
CP012026	994050	41
CP012026	994051	41
CP012026	994052	41
CP012026	994053	41
CP012026	994054	41
CP012026	994055	41
CP012026	994056	41
CP012026	994057	41
CP012026	994058	41
CP012026	994059	41
CP012026	994060	41
CP012026	994061	41
CP012026	994062	42
CP012026	994063	42
CP012026	994064	44
CP012026	994065	44
CP012026	994066	44
CP012026	994067	44
CP012026	994068	44
CP012026	994069	44
CP012026	994070	44
CP012026	994071	43
CP012026	994072	40
CP012026	994073	40
CP012026	994074	40
CP012026	994075	41
CP012026	994076	41
CP012026	994077	41
CP012026	994078	41
CP012026	994079	40
CP012026	994080	40
CP012026	994081	40
CP012026	994082	40
CP012026	994083	40
CP012026	994084	39
CP012026	994085	39
CP012026	994086	39
CP012026	994087	40
CP012026	994088	40
CP012026	994089	40
CP012026	994090	40
CP012026	994091	40
CP012026	994092	40
CP012026	994093	40
CP012026	994094	39
CP012026	994095	39
CP012026	994096	39
CP012026	994097	39
CP012026	994098	39
CP012026	994099	37
CP012026	994100	37
CP012026	994101	35
CP012026	994102	34
CP012026	994103	35
CP012026	994104	35
CP012026	994105	35
CP012026	994106	36
CP012026	994107	36
CP012026	994108	36
CP012026	994109	36
CP012026	994110	36
CP012026	994111	34
CP012026	994112	34
CP012026	994113	34
CP012026	994114	34
CP012026	994115	34
CP012026	994116	34
CP012026	994117	34
CP012026	994118	34
CP012026	994119	34
CP012026	994120	34
CP012026	994121	34
CP012026	994122	34
CP012026	994123	34
CP012026	994124	33
CP012026	994125	31
CP012026	994126	31
CP012026	994127	30
CP012026	994128	30
CP012026	994129	30
CP012026	994130	30
CP012026	994131	30
CP012026	994132	30
CP012026	994133	30
CP012026	994134	30
CP012026	994135	30
CP012026	994136	30
CP012026	994137	30
CP012026	994138	30
CP012026	994139	30
CP012026	994140	30
CP012026	994141	30
CP012026	994142	30
CP012026	994143	30
CP012026	994144	29
CP012026	994145	29
CP012026	994146	29
CP012026	994147	29
CP012026	994148	29
CP012026	994149	28
CP012026	994150	29
CP012026	994151	29
CP012026	994152	29
CP012026	994153	29
CP012026	994154	29
CP012026	994155	29
CP012026	994156	29
CP012026	994157	29
CP012026	994158	29
CP012026	994159	29
CP012026	994160	27
CP012026	994161	29
CP012026	994162	29
CP012026	994163	30
CP012026	994164	30
CP012026	994165	32
CP012026	994166	32
CP012026	994167	32
CP012026	994168	32
CP012026	994169	32
CP012026	994170	32
CP012026	994171	32
CP012026	994172	32
CP012026	994173	32
CP012026	994174	27
CP012026	994175	27
CP012026	994176	25
CP012026	994177	25
CP012026	994178	25
CP012026	994179	25
CP012026	994180	25
CP012026	994181	26
CP012026	994182	26
CP012026	994183	26
CP012026	994184	26
CP012026	994185	27
CP012026	994186	27
CP012026	994187	27
CP012026	994188	27
CP012026	994189	27
CP012026	994190	27
CP012026	994191	27
CP012026	994192	27
CP012026	994193	27
CP012026	994194	27
CP012026	994195	27
CP012026	994196	27
CP012026	994197	27
CP012026	994198	27
CP012026	994199	31
CP012026	994200	31
CP012026	994201	31
CP012026	994202	31
CP012026	994203	31
CP012026	994204	33
CP012026	994205	33
CP012026	994206	33
CP012026	994207	32
CP012026	994208	33
CP012026	994209	33
CP012026	994210	34
CP012026	994211	34
CP012026	994212	34
CP012026	994213	33
CP012026	994214	33
CP012026	994215	33
CP012026	994216	33
CP012026	994217	33
CP012026	994218	33
CP012026	994219	33
CP012026	994220	33
CP012026	994221	34
CP012026	994222	34
CP012026	994223	34
CP012026	994224	34
CP012026	994225	34
CP012026	994226	35
CP012026	994227	35
CP012026	994228	35
CP012026	994229	35
CP012026	994230	35
CP012026	994231	35
CP012026	994232	35
CP012026	994233	35
CP012026	994234	34
CP012026	994235	36
CP012026	994236	36
CP012026	994237	36
CP012026	994238	35
CP012026	994239	35
CP012026	994240	35
CP012026	994241	35
CP012026	994242	35
CP012026	994243	35
CP012026	994244	36
CP012026	994245	36
CP012026	994246	36
CP012026	994247	37
CP012026	994248	38
CP012026	994249	38
CP012026	994250	38
CP012026	994251	37
CP012026	994252	36
CP012026	994253	36
CP012026	994254	36
CP012026	994255	35
CP012026	994256	35
CP012026	994257	35
CP012026	994258	35
CP012026	994259	35
CP012026	994260	35
CP012026	994261	36
CP012026	994262	36
CP012026	994263	36
CP012026	994264	37
CP012026	994265	37
CP012026	994266	37
CP012026	994267	37
CP012026	994268	37
CP012026	994269	42
CP012026	994270	42
CP012026	994271	42
CP012026	994272	42
CP012026	994273	42
CP012026	994274	42
CP012026	994275	42
CP012026	994276	42
CP012026	994277	42
CP012026	994278	43
CP012026	994279	43
CP012026	994280	43
CP012026	994281	43
CP012026	994282	43
CP012026	994283	43
CP012026	994284	43
CP012026	994285	43
CP012026	994286	43
CP012026	994287	41
CP012026	994288	41
CP012026	994289	41
CP012026	994290	41
CP012026	994291	41
CP012026	994292	40
CP012026	994293	40
CP012026	994294	40
CP012026	994295	44
CP012026	994296	42
CP012026	994297	44
CP012026	994298	45
CP012026	994299	47
CP012026	994300	47
CP012026	994301	49
CP012026	994302	49
CP012026	994303	49
CP012026	994304	47
CP012026	994305	47
CP012026	994306	45
CP012026	994307	45
CP012026	994308	45
CP012026	994309	45
CP012026	994310	45
CP012026	994311	45
CP012026	994312	47
CP012026	994313	47
CP012026	994314	47
CP012026	994315	47
CP012026	994316	47
CP012026	994317	47
CP012026	994318	47
CP012026	994319	49
CP012026	994320	50
CP012026	994321	48
CP012026	994322	48
CP012026	994323	48
CP012026	994324	48
CP012026	994325	50
CP012026	994326	49
CP012026	994327	49
CP012026	994328	49
CP012026	994329	49
CP012026	994330	49
CP012026	994331	49
CP012026	994332	49
CP012026	994333	49
CP012026	994334	49
CP012026	994335	48
CP012026	994336	49
CP012026	994337	49
CP012026	994338	48
CP012026	994339	49
CP012026	994340	49
CP012026	994341	49
CP012026	994342	50
CP012026	994343	52
CP012026	994344	52
CP012026	994345	52
CP012026	994346	53
CP012026	994347	53
CP012026	994348	53
CP012026	994349	53
CP012026	994350	53
CP012026	994351	53
CP012026	994352	53
CP012026	994353	52
CP012026	994354	52
CP012026	994355	52
CP012026	994356	54
CP012026	994357	53
CP012026	994358	55
CP012026	994359	55
CP012026	994360	55
CP012026	994361	55
CP012026	994362	55
CP012026	994363	55
CP012026	994364	55
CP012026	994365	55
CP012026	994366	55
CP012026	994367	55
CP012026	994368	56
CP012026	994369	56
CP012026	994370	57
CP012026	994371	57
CP012026	994372	57
CP012026	994373	57
CP012026	994374	57
CP012026	994375	57
CP012026	994376	57
CP012026	994377	57
CP012026	994378	57
CP012026	994379	57
CP012026	994380	57
CP012026	994381	57
CP012026	994382	57
CP012026	994383	58
CP012026	994384	56
CP012026	994385	56
CP012026	994386	56
CP012026	994387	56
CP012026	994388	57
CP012026	994389	57
CP012026	994390	58
CP012026	994391	59
CP012026	994392	59
CP012026	994393	59
CP012026	994394	59
CP012026	994395	59
CP012026	994396	59
CP012026	994397	59
CP012026	994398	59
CP012026	994399	59
CP012026	994400	59
CP012026	994401	60
CP012026	994402	60
CP012026	994403	60
CP012026	994404	60
CP012026	994405	60
CP012026	994406	60
CP012026	994407	60
CP012026	994408	60
CP012026	994409	60
CP012026	994410	60
CP012026	994411	60
CP012026	994412	60
CP012026	994413	60
CP012026	994414	59
CP012026	994415	59
CP012026	994416	59
CP012026	994417	59
CP012026	994418	59
CP012026	994419	60
CP012026	994420	60
CP012026	994421	60
CP012026	994422	60
CP012026	994423	60
CP012026	994424	60
CP012026	994425	60
CP012026	994426	61
CP012026	994427	61
CP012026	994428	61
CP012026	994429	61
CP012026	994430	61
CP012026	994431	61
CP012026	994432	60
CP012026	994433	60
CP012026	994434	60
CP012026	994435	59
CP012026	994436	59
CP012026	994437	60
CP012026	994438	60
CP012026	994439	60
CP012026	994440	60
CP012026	994441	58
CP012026	994442	58
CP012026	994443	58
CP012026	994444	58
CP012026	994445	58
CP012026	994446	58
CP012026	994447	60
CP012026	994448	60
CP012026	994449	60
CP012026	994450	60
CP012026	994451	63
CP012026	994452	63
CP012026	994453	63
CP012026	994454	61
CP012026	994455	61
CP012026	994456	59
CP012026	994457	60
CP012026	994458	60
CP012026	994459	59
CP012026	994460	59
CP012026	994461	60
CP012026	994462	60
CP012026	994463	60
CP012026	994464	60
CP012026	994465	60
CP012026	994466	60
CP012026	994467	60
CP012026	994468	60
CP012026	994469	60
CP012026	994470	60
CP012026	994471	55
CP012026	994472	55
CP012026	994473	55
CP012026	994474	53
CP012026	994475	53
CP012026	994476	52
CP012026	994477	52
CP012026	994478	52
CP012026	994479	52
CP012026	994480	52
CP012026	994481	52
CP012026	994482	52
CP012026	994483	52
CP012026	994484	52
CP012026	994485	52
CP012026	994486	55
CP012026	994487	55
CP012026	994488	56
CP012026	994489	56
CP012026	994490	56
CP012026	994491	56
CP012026	994492	56
CP012026	994493	56
CP012026	994494	56
CP012026	994495	53
CP012026	994496	53
CP012026	994497	53
CP012026	994498	51
CP012026	994499	51
CP012026	994500	51
CP012026	994501	51
CP012026	994502	52
CP012026	994503	54
CP012026	994504	54
CP012026	994505	54
CP012026	994506	54
CP012026	994507	54
CP012026	994508	54
CP012026	994509	54
CP012026	994510	54
CP012026	994511	54
CP012026	994512	53
CP012026	994513	53
CP012026	994514	53
CP012026	994515	52
CP012026	994516	52
CP012026	994517	52
CP012026	994518	52
CP012026	994519	47
CP012026	994520	45
CP012026	994521	45
CP012026	994522	45
CP012026	994523	46
CP012026	994524	46
CP012026	994525	46
CP012026	994526	46
CP012026	994527	46
CP012026	994528	46
CP012026	994529	45
CP012026	994530	45
CP012026	994531	43
CP012026	994532	43
CP012026	994533	44
CP012026	994534	44
CP012026	994535	44
CP012026	994536	44
CP012026	994537	44
CP012026	994538	40
CP012026	994539	42
CP012026	994540	42
CP012026	994541	43
CP012026	994542	43
CP012026	994543	43
CP012026	994544	43
CP012026	994545	43
CP012026	994546	43
CP012026	994547	43
CP012026	994548	42
CP012026	994549	42
CP012026	994550	42
CP012026	994551	42
CP012026	994552	42
CP012026	994553	42
CP012026	994554	42
CP012026	994555	44
CP012026	994556	44
CP012026	994557	44
CP012026	994558	44
CP012026	994559	42
CP012026	994560	42
CP012026	994561	42
CP012026	994562	42
CP012026	994563	42
CP012026	994564	43
CP012026	994565	43
CP012026	994566	45
CP012026	994567	45
CP012026	994568	45
CP012026	994569	45
CP012026	994570	45
CP012026	994571	44
CP012026	994572	44
CP012026	994573	42
CP012026	994574	42
CP012026	994575	43
CP012026	994576	43
CP012026	994577	44
CP012026	994578	44
CP012026	994579	44
CP012026	994580	44
CP012026	994581	44
CP012026	994582	44
CP012026	994583	44
CP012026	994584	44
CP012026	994585	44
CP012026	994586	43
CP012026	994587	43
CP012026	994588	43
CP012026	994589	42
CP012026	994590	42
CP012026	994591	40
CP012026	994592	39
CP012026	994593	39
CP012026	994594	39
CP012026	994595	39
CP012026	994596	39
CP012026	994597	38
CP012026	994598	38
CP012026	994599	38
CP012026	994600	38
CP012026	994601	38
CP012026	994602	38
CP012026	994603	38
CP012026	994604	37
CP012026	994605	37
CP012026	994606	37
CP012026	994607	37
CP012026	994608	37
CP012026	994609	37
CP012026	994610	37
CP012026	994611	37
CP012026	994612	37
CP012026	994613	37
CP012026	994614	37
CP012026	994615	37
CP012026	994616	37
CP012026	994617	37
CP012026	994618	37
CP012026	994619	36
CP012026	994620	36
CP012026	994621	35
CP012026	994622	35
CP012026	994623	35
CP012026	994624	37
CP012026	994625	39
CP012026	994626	39
CP012026	994627	39
CP012026	994628	39
CP012026	994629	39
CP012026	994630	40
CP012026	994631	39
CP012026	994632	39
CP012026	994633	39
CP012026	994634	38
CP012026	994635	38
CP012026	994636	38
CP012026	994637	38
CP012026	994638	38
CP012026	994639	38
CP012026	994640	38
CP012026	994641	37
CP012026	994642	36
CP012026	994643	36
CP012026	994644	36
CP012026	994645	37
CP012026	994646	35
CP012026	994647	35
CP012026	994648	33
CP012026	994649	33
CP012026	994650	33
CP012026	994651	33
CP012026	994652	33
CP012026	994653	33
CP012026	994654	34
CP012026	994655	34
CP012026	994656	34
CP012026	994657	34
CP012026	994658	34
CP012026	994659	34
CP012026	994660	34
CP012026	994661	34
CP012026	994662	34
CP012026	994663	34
CP012026	994664	34
CP012026	994665	34
CP012026	994666	34
CP012026	994667	34
CP012026	994668	34
CP012026	994669	34
CP012026	994670	33
CP012026	994671	33
CP012026	994672	33
CP012026	994673	33
CP012026	994674	33
CP012026	994675	33
CP012026	994676	33
CP012026	994677	32
CP012026	994678	32
CP012026	994679	32
CP012026	994680	32
CP012026	994681	32
CP012026	994682	32
CP012026	994683	32
CP012026	994684	32
CP012026	994685	32
CP012026	994686	32
CP012026	994687	32
CP012026	994688	32
CP012026	994689	32
CP012026	994690	32
CP012026	994691	32
CP012026	994692	32
CP012026	994693	32
CP012026	994694	33
CP012026	994695	33
CP012026	994696	33
CP012026	994697	31
CP012026	994698	32
CP012026	994699	32
CP012026	994700	32
CP012026	994701	32
CP012026	994702	31
CP012026	994703	31
CP012026	994704	31
CP012026	994705	31
CP012026	994706	31
CP012026	994707	33
CP012026	994708	31
CP012026	994709	31
CP012026	994710	31
CP012026	994711	31
CP012026	994712	31
CP012026	994713	33
CP012026	994714	33
CP012026	994715	33
CP012026	994716	33
CP012026	994717	33
CP012026	994718	33
CP012026	994719	34
CP012026	994720	34
CP012026	994721	36
CP012026	994722	36
CP012026	994723	36
CP012026	994724	36
CP012026	994725	36
CP012026	994726	36
CP012026	994727	36
CP012026	994728	36
CP012026	994729	36
CP012026	994730	34
CP012026	994731	36
CP012026	994732	36
CP012026	994733	37
CP012026	994734	42
CP012026	994735	42
CP012026	994736	42
CP012026	994737	41
CP012026	994738	41
CP012026	994739	40
CP012026	994740	40
CP012026	994741	40
CP012026	994742	40
CP012026	994743	41
CP012026	994744	42
CP012026	994745	42
CP012026	994746	43
CP012026	994747	43
CP012026	994748	43
CP012026	994749	43
CP012026	994750	43
CP012026	994751	43
CP012026	994752	42
CP012026	994753	42
CP012026	994754	42
CP012026	994755	42
CP012026	994756	42
CP012026	994757	43
CP012026	994758	42
CP012026	994759	43
CP012026	994760	43
CP012026	994761	43
CP012026	994762	43
CP012026	994763	43
CP012026	994764	43
CP012026	994765	43
CP012026	994766	43
CP012026	994767	43
CP012026	994768	43
CP012026	994769	43
CP012026	994770	43
CP012026	994771	43
CP012026	994772	43
CP012026	994773	45
CP012026	994774	46
CP012026	994775	51
CP012026	994776	51
CP012026	994777	51
CP012026	994778	51
CP012026	994779	52
CP012026	994780	52
CP012026	994781	52
CP012026	994782	50
CP012026	994783	50
CP012026	994784	49
CP012026	994785	49
CP012026	994786	49
CP012026	994787	47
CP012026	994788	47
CP012026	994789	47
CP012026	994790	48
CP012026	994791	49
CP012026	994792	48
CP012026	994793	50
CP012026	994794	50
CP012026	994795	50
CP012026	994796	50
CP012026	994797	51
CP012026	994798	51
CP012026	994799	52
CP012026	994800	52
CP012026	994801	52
CP012026	994802	52
CP012026	994803	52
CP012026	994804	52
CP012026	994805	52
CP012026	994806	52
CP012026	994807	53
CP012026	994808	53
CP012026	994809	53
CP012026	994810	53
CP012026	994811	53
CP012026	994812	53
CP012026	994813	52
CP012026	994814	52
CP012026	994815	51
CP012026	994816	55
CP012026	994817	55
CP012026	994818	55
CP012026	994819	55
CP012026	994820	57
CP012026	994821	57
CP012026	994822	57
CP012026	994823	57
CP012026	994824	57
CP012026	994825	52
CP012026	994826	52
CP012026	994827	52
CP012026	994828	51
CP012026	994829	51
CP012026	994830	51
CP012026	994831	51
CP012026	994832	51
CP012026	994833	51
CP012026	994834	51
CP012026	994835	51
CP012026	994836	51
CP012026	994837	51
CP012026	994838	51
CP012026	994839	51
CP012026	994840	52
CP012026	994841	52
CP012026	994842	55
CP012026	994843	55
CP012026	994844	55
CP012026	994845	55
CP012026	994846	55
CP012026	994847	55
CP012026	994848	55
CP012026	994849	57
CP012026	994850	57
CP012026	994851	57
CP012026	994852	57
CP012026	994853	57
CP012026	994854	61
CP012026	994855	61
CP012026	994856	61
CP012026	994857	61
CP012026	994858	61
CP012026	994859	61
CP012026	994860	61
CP012026	994861	61
CP012026	994862	59
CP012026	994863	59
CP012026	994864	59
CP012026	994865	60
CP012026	994866	60
CP012026	994867	60
CP012026	994868	61
CP012026	994869	61
CP012026	994870	61
CP012026	994871	61
CP012026	994872	61
CP012026	994873	61
CP012026	994874	61
CP012026	994875	57
CP012026	994876	57
CP012026	994877	57
CP012026	994878	57
CP012026	994879	57
CP012026	994880	57
CP012026	994881	56
CP012026	994882	55
CP012026	994883	55
CP012026	994884	55
CP012026	994885	55
CP012026	994886	55
CP012026	994887	55
CP012026	994888	55
CP012026	994889	55
CP012026	994890	54
CP012026	994891	54
CP012026	994892	54
CP012026	994893	54
CP012026	994894	54
CP012026	994895	54
CP012026	994896	53
CP012026	994897	53
CP012026	994898	53
CP012026	994899	53
CP012026	994900	53
CP012026	994901	53
CP012026	994902	53
CP012026	994903	53
CP012026	994904	53
CP012026	994905	53
CP012026	994906	52
CP012026	994907	52
CP012026	994908	52
CP012026	994909	52
CP012026	994910	52
CP012026	994911	53
CP012026	994912	53
CP012026	994913	53
CP012026	994914	53
CP012026	994915	54
CP012026	994916	54
CP012026	994917	54
CP012026	994918	54
CP012026	994919	54
CP012026	994920	54
CP012026	994921	54
CP012026	994922	54
CP012026	994923	54
CP012026	994924	54
CP012026	994925	54
CP012026	994926	53
CP012026	994927	53
CP012026	994928	53
CP012026	994929	53
CP012026	994930	54
CP012026	994931	54
CP012026	994932	54
CP012026	994933	54
CP012026	994934	54
CP012026	994935	54
CP012026	994936	54
CP012026	994937	54
CP012026	994938	53
CP012026	994939	53
CP012026	994940	53
CP012026	994941	53
CP012026	994942	53
CP012026	994943	53
CP012026	994944	53
CP012026	994945	52
CP012026	994946	52
CP012026	994947	50
CP012026	994948	49
CP012026	994949	49
CP012026	994950	48
CP012026	994951	49
CP012026	994952	49
CP012026	994953	49
CP012026	994954	49
CP012026	994955	49
CP012026	994956	50
CP012026	994957	50
CP012026	994958	50
CP012026	994959	49
CP012026	994960	49
CP012026	994961	49
CP012026	994962	49
CP012026	994963	49
CP012026	994964	49
CP012026	994965	49
CP012026	994966	49
CP012026	994967	49
CP012026	994968	49
CP012026	994969	49
CP012026	994970	48
CP012026	994971	48
CP012026	994972	48
CP012026	994973	48
CP012026	994974	48
CP012026	994975	48
CP012026	994976	48
CP012026	994977	48
CP012026	994978	48
CP012026	994979	48
CP012026	994980	48
CP012026	994981	48
CP012026	994982	46
CP012026	994983	46
CP012026	994984	45
CP012026	994985	40
CP012026	994986	40
CP012026	994987	42
CP012026	994988	42
CP012026	994989	42
CP012026	994990	42
CP012026	994991	40
CP012026	994992	38
CP012026	994993	38
CP012026	994994	37
CP012026	994995	36
CP012026	994996	36
CP012026	994997	35
CP012026	994998	35
CP012026	994999	36
CP012026	995000	36
CP012026	995001	36
CP012026	995002	37
CP012026	995003	37
CP012026	995004	37
CP012026	995005	37
CP012026	995006	37
CP012026	995007	37
CP012026	995008	36
CP012026	995009	36
CP012026	995010	36
CP012026	995011	36
CP012026	995012	36
CP012026	995013	36
CP012026	995014	36
CP012026	995015	36
CP012026	995016	36
CP012026	995017	36
CP012026	995018	36
CP012026	995019	36
CP012026	995020	36
CP012026	995021	36
CP012026	995022	36
CP012026	995023	35
CP012026	995024	32
CP012026	995025	32
CP012026	995026	29
CP012026	995027	29
CP012026	995028	29
CP012026	995029	29
CP012026	995030	28
CP012026	995031	28
CP012026	995032	28
CP012026	995033	29
CP012026	995034	29
CP012026	995035	29
CP012026	995036	29
CP012026	995037	29
CP012026	995038	29
CP012026	995039	29
CP012026	995040	26
CP012026	995041	26
CP012026	995042	23
CP012026	995043	23
CP012026	995044	23
CP012026	995045	23
CP012026	995046	23
CP012026	995047	23
CP012026	995048	22
CP012026	995049	22
CP012026	995050	21
CP012026	995051	22
CP012026	995052	22
CP012026	995053	22
CP012026	995054	22
CP012026	995055	22
CP012026	995056	22
CP012026	995057	22
CP012026	995058	21
CP012026	995059	21
CP012026	995060	21
CP012026	995061	21
CP012026	995062	21
CP012026	995063	21
CP012026	995064	21
CP012026	995065	21
CP012026	995066	19
CP012026	995067	19
CP012026	995068	19
CP012026	995069	19
CP012026	995070	19
CP012026	995071	19
CP012026	995072	19
CP012026	995073	19
CP012026	995074	19
CP012026	995075	19
CP012026	995076	19
CP012026	995077	19
CP012026	995078	19
CP012026	995079	19
CP012026	995080	19
CP012026	995081	19
CP012026	995082	19
CP012026	995083	19
CP012026	995084	19
CP012026	995085	19
CP012026	995086	15
CP012026	995087	15
CP012026	995088	15
CP012026	995089	17
CP012026	995090	17
CP012026	995091	16
CP012026	995092	16
CP012026	995093	15
CP012026	995094	15
CP012026	995095	15
CP012026	995096	15
CP012026	995097	15
CP012026	995098	15
CP012026	995099	15
CP012026	995100	15
CP012026	995101	14
CP012026	995102	14
CP012026	995103	14
CP012026	995104	14
CP012026	995105	14
CP012026	995106	14
CP012026	995107	14
CP012026	995108	14
CP012026	995109	14
CP012026	995110	14
CP012026	995111	14
CP012026	995112	14
CP012026	995113	14
CP012026	995114	14
CP012026	995115	13
CP012026	995116	13
CP012026	995117	13
CP012026	995118	13
CP012026	995119	13
CP012026	995120	13
CP012026	995121	13
CP012026	995122	13
CP012026	995123	13
CP012026	995124	13
CP012026	995125	13
CP012026	995126	13
CP012026	995127	13
CP012026	995128	13
CP012026	995129	13
CP012026	995130	13
CP012026	995131	13
CP012026	995132	13
CP012026	995133	13
CP012026	995134	14
CP012026	995135	14
CP012026	995136	14
CP012026	995137	14
CP012026	995138	14
CP012026	995139	14
CP012026	995140	14
CP012026	995141	14
CP012026	995142	15
CP012026	995143	15
CP012026	995144	15
CP012026	995145	15
CP012026	995146	15
CP012026	995147	15
CP012026	995148	15
CP012026	995149	15
CP012026	995150	15
CP012026	995151	15
CP012026	995152	15
CP012026	995153	15
CP012026	995154	15
CP012026	995155	15
CP012026	995156	15
CP012026	995157	15
CP012026	995158	15
CP012026	995159	15
CP012026	995160	15
CP012026	995161	15
CP012026	995162	14
CP012026	995163	14
CP012026	995164	14
CP012026	995165	14
CP012026	995166	15
CP012026	995167	15
CP012026	995168	15
CP012026	995169	15
CP012026	995170	15
CP012026	995171	15
CP012026	995172	15
CP012026	995173	15
CP012026	995174	15
CP012026	995175	15
CP012026	995176	15
CP012026	995177	14
CP012026	995178	14
CP012026	995179	14
CP012026	995180	15
CP012026	995181	14
CP012026	995182	14
CP012026	995183	14
CP012026	995184	14
CP012026	995185	14
CP012026	995186	14
CP012026	995187	14
CP012026	995188	14
CP012026	995189	15
CP012026	995190	15
CP012026	995191	15
CP012026	995192	15
CP012026	995193	15
CP012026	995194	15
CP012026	995195	15
CP012026	995196	16
CP012026	995197	16
CP012026	995198	16
CP012026	995199	16
CP012026	995200	16
CP012026	995201	16
CP012026	995202	16
CP012026	995203	16
CP012026	995204	16
CP012026	995205	15
CP012026	995206	15
CP012026	995207	15
CP012026	995208	15
CP012026	995209	15
CP012026	995210	15
CP012026	995211	15
CP012026	995212	15
CP012026	995213	15
CP012026	995214	15
CP012026	995215	16
CP012026	995216	16
CP012026	995217	16
CP012026	995218	16
CP012026	995219	16
CP012026	995220	16
CP012026	995221	16
CP012026	995222	16
CP012026	995223	16
CP012026	995224	16
CP012026	995225	16
CP012026	995226	16
CP012026	995227	16
CP012026	995228	16
CP012026	995229	16
CP012026	995230	18
CP012026	995231	18
CP012026	995232	18
CP012026	995233	18
CP012026	995234	18
CP012026	995235	18
CP012026	995236	18
CP012026	995237	18
CP012026	995238	16
CP012026	995239	16
CP012026	995240	16
CP012026	995241	16
CP012026	995242	16
CP012026	995243	16
CP012026	995244	16
CP012026	995245	16
CP012026	995246	16
CP012026	995247	16
CP012026	995248	16
CP012026	995249	16
CP012026	995250	15
CP012026	995251	15
CP012026	995252	14
CP012026	995253	14
CP012026	995254	14
CP012026	995255	14
CP012026	995256	14
CP012026	995257	14
CP012026	995258	16
CP012026	995259	16
CP012026	995260	16
CP012026	995261	16
CP012026	995262	16
CP012026	995263	17
CP012026	995264	17
CP012026	995265	17
CP012026	995266	17
CP012026	995267	18
CP012026	995268	18
CP012026	995269	18
CP012026	995270	18
CP012026	995271	18
CP012026	995272	18
CP012026	995273	18
CP012026	995274	18
CP012026	995275	18
CP012026	995276	19
CP012026	995277	19
CP012026	995278	21
CP012026	995279	21
CP012026	995280	21
CP012026	995281	21
CP012026	995282	21
CP012026	995283	21
CP012026	995284	20
CP012026	995285	20
CP012026	995286	20
CP012026	995287	20
CP012026	995288	24
CP012026	995289	24
CP012026	995290	24
CP012026	995291	24
CP012026	995292	24
CP012026	995293	26
CP012026	995294	26
CP012026	995295	26
CP012026	995296	26
CP012026	995297	26
CP012026	995298	26
CP012026	995299	26
CP012026	995300	26
CP012026	995301	25
CP012026	995302	25
CP012026	995303	25
CP012026	995304	25
CP012026	995305	23
CP012026	995306	23
CP012026	995307	23
CP012026	995308	23
CP012026	995309	23
CP012026	995310	23
CP012026	995311	23
CP012026	995312	23
CP012026	995313	26
CP012026	995314	27
CP012026	995315	27
CP012026	995316	27
CP012026	995317	27
CP012026	995318	27
CP012026	995319	27
CP012026	995320	27
CP012026	995321	27
CP012026	995322	27
CP012026	995323	27
CP012026	995324	27
CP012026	995325	27
CP012026	995326	27
CP012026	995327	27
CP012026	995328	27
CP012026	995329	27
CP012026	995330	27
CP012026	995331	27
CP012026	995332	27
CP012026	995333	27
CP012026	995334	27
CP012026	995335	27
CP012026	995336	27
CP012026	995337	27
CP012026	995338	27
CP012026	995339	29
CP012026	995340	29
CP012026	995341	29
CP012026	995342	29
CP012026	995343	29
CP012026	995344	29
CP012026	995345	29
CP012026	995346	29
CP012026	995347	29
CP012026	995348	29
CP012026	995349	29
CP012026	995350	29
CP012026	995351	29
CP012026	995352	29
CP012026	995353	29
CP012026	995354	29
CP012026	995355	32
CP012026	995356	32
CP012026	995357	32
CP012026	995358	32
CP012026	995359	32
CP012026	995360	32
CP012026	995361	32
CP012026	995362	32
CP012026	995363	32
CP012026	995364	32
CP012026	995365	32
CP012026	995366	32
CP012026	995367	32
CP012026	995368	32
CP012026	995369	32
CP012026	995370	32
CP012026	995371	32
CP012026	995372	32
CP012026	995373	32
CP012026	995374	32
CP012026	995375	32
CP012026	995376	32
CP012026	995377	32
CP012026	995378	32
CP012026	995379	32
CP012026	995380	32
CP012026	995381	32
CP012026	995382	32
CP012026	995383	32
CP012026	995384	32
CP012026	995385	31
CP012026	995386	31
CP012026	995387	31
CP012026	995388	32
CP012026	995389	32
CP012026	995390	32
CP012026	995391	33
CP012026	995392	33
CP012026	995393	32
CP012026	995394	32
CP012026	995395	32
CP012026	995396	33
CP012026	995397	36
CP012026	995398	36
CP012026	995399	36
CP012026	995400	36
CP012026	995401	36
CP012026	995402	36
CP012026	995403	36
CP012026	995404	36
CP012026	995405	36
CP012026	995406	38
CP012026	995407	40
CP012026	995408	40
CP012026	995409	40
CP012026	995410	40
CP012026	995411	42
CP012026	995412	42
CP012026	995413	42
CP012026	995414	42
CP012026	995415	41
CP012026	995416	45
CP012026	995417	44
CP012026	995418	44
CP012026	995419	44
CP012026	995420	44
CP012026	995421	47
CP012026	995422	47
CP012026	995423	45
CP012026	995424	45
CP012026	995425	43
CP012026	995426	43
CP012026	995427	43
CP012026	995428	43
CP012026	995429	43
CP012026	995430	41
CP012026	995431	41
CP012026	995432	41
CP012026	995433	41
CP012026	995434	43
CP012026	995435	43
CP012026	995436	43
CP012026	995437	43
CP012026	995438	43
CP012026	995439	43
CP012026	995440	39
CP012026	995441	39
CP012026	995442	39
CP012026	995443	39
CP012026	995444	39
CP012026	995445	39
CP012026	995446	39
CP012026	995447	39
CP012026	995448	39
CP012026	995449	39
CP012026	995450	39
CP012026	995451	39
CP012026	995452	39
CP012026	995453	39
CP012026	995454	42
CP012026	995455	42
CP012026	995456	42
CP012026	995457	42
CP012026	995458	42
CP012026	995459	43
CP012026	995460	43
CP012026	995461	43
CP012026	995462	43
CP012026	995463	43
CP012026	995464	43
CP012026	995465	43
CP012026	995466	42
CP012026	995467	42
CP012026	995468	42
CP012026	995469	42
CP012026	995470	42
CP012026	995471	42
CP012026	995472	42
CP012026	995473	42
CP012026	995474	42
CP012026	995475	42
CP012026	995476	42
CP012026	995477	42
CP012026	995478	42
CP012026	995479	42
CP012026	995480	42
CP012026	995481	42
CP012026	995482	42
CP012026	995483	42
CP012026	995484	42
CP012026	995485	42
CP012026	995486	42
CP012026	995487	42
CP012026	995488	42
CP012026	995489	42
CP012026	995490	42
CP012026	995491	42
CP012026	995492	42
CP012026	995493	42
CP012026	995494	42
CP012026	995495	42
CP012026	995496	42
CP012026	995497	42
CP012026	995498	44
CP012026	995499	44
CP012026	995500	44
CP012026	995501	44
CP012026	995502	44
CP012026	995503	44
CP012026	995504	44
CP012026	995505	44
CP012026	995506	46
CP012026	995507	46
CP012026	995508	45
CP012026	995509	44
CP012026	995510	44
CP012026	995511	44
CP012026	995512	44
CP012026	995513	44
CP012026	995514	43
CP012026	995515	43
CP012026	995516	39
CP012026	995517	39
CP012026	995518	36
CP012026	995519	36
CP012026	995520	36
CP012026	995521	36
CP012026	995522	36
CP012026	995523	36
CP012026	995524	36
CP012026	995525	36
CP012026	995526	36
CP012026	995527	35
CP012026	995528	35
CP012026	995529	36
CP012026	995530	36
CP012026	995531	36
CP012026	995532	36
CP012026	995533	36
CP012026	995534	36
CP012026	995535	36
CP012026	995536	36
CP012026	995537	36
CP012026	995538	36
CP012026	995539	36
CP012026	995540	37
CP012026	995541	37
CP012026	995542	37
CP012026	995543	37
CP012026	995544	37
CP012026	995545	37
CP012026	995546	38
CP012026	995547	38
CP012026	995548	38
CP012026	995549	38
CP012026	995550	38
CP012026	995551	38
CP012026	995552	38
CP012026	995553	38
CP012026	995554	36
CP012026	995555	36
CP012026	995556	36
CP012026	995557	36
CP012026	995558	36
CP012026	995559	36
CP012026	995560	36
CP012026	995561	36
CP012026	995562	36
CP012026	995563	37
CP012026	995564	37
CP012026	995565	36
CP012026	995566	36
CP012026	995567	36
CP012026	995568	36
CP012026	995569	36
CP012026	995570	36
CP012026	995571	36
CP012026	995572	36
CP012026	995573	36
CP012026	995574	34
CP012026	995575	34
CP012026	995576	34
CP012026	995577	34
CP012026	995578	34
CP012026	995579	34
CP012026	995580	35
CP012026	995581	36
CP012026	995582	36
CP012026	995583	38
CP012026	995584	38
CP012026	995585	36
CP012026	995586	37
CP012026	995587	37
CP012026	995588	37
CP012026	995589	37
CP012026	995590	37
CP012026	995591	37
CP012026	995592	37
CP012026	995593	37
CP012026	995594	37
CP012026	995595	38
CP012026	995596	38
CP012026	995597	39
CP012026	995598	39
CP012026	995599	41
CP012026	995600	41
CP012026	995601	41
CP012026	995602	41
CP012026	995603	41
CP012026	995604	41
CP012026	995605	40
CP012026	995606	38
CP012026	995607	38
CP012026	995608	36
CP012026	995609	36
CP012026	995610	36
CP012026	995611	36
CP012026	995612	36
CP012026	995613	36
CP012026	995614	38
CP012026	995615	38
CP012026	995616	38
CP012026	995617	38
CP012026	995618	39
CP012026	995619	39
CP012026	995620	40
CP012026	995621	40
CP012026	995622	40
CP012026	995623	40
CP012026	995624	40
CP012026	995625	40
CP012026	995626	40
CP012026	995627	40
CP012026	995628	41
CP012026	995629	41
CP012026	995630	41
CP012026	995631	41
CP012026	995632	41
CP012026	995633	41
CP012026	995634	41
CP012026	995635	41
CP012026	995636	41
CP012026	995637	41
CP012026	995638	41
CP012026	995639	41
CP012026	995640	43
CP012026	995641	42
CP012026	995642	42
CP012026	995643	42
CP012026	995644	38
CP012026	995645	38
CP012026	995646	37
CP012026	995647	37
CP012026	995648	36
CP012026	995649	36
CP012026	995650	36
CP012026	995651	36
CP012026	995652	36
CP012026	995653	34
CP012026	995654	34
CP012026	995655	34
CP012026	995656	34
CP012026	995657	34
CP012026	995658	34
CP012026	995659	33
CP012026	995660	33
CP012026	995661	31
CP012026	995662	31
CP012026	995663	31
CP012026	995664	31
CP012026	995665	31
CP012026	995666	31
CP012026	995667	32
CP012026	995668	32
CP012026	995669	32
CP012026	995670	32
CP012026	995671	31
CP012026	995672	31
CP012026	995673	31
CP012026	995674	31
CP012026	995675	31
CP012026	995676	31
CP012026	995677	31
CP012026	995678	31
CP012026	995679	31
CP012026	995680	31
CP012026	995681	30
CP012026	995682	30
CP012026	995683	30
CP012026	995684	30
CP012026	995685	30
CP012026	995686	30
CP012026	995687	30
CP012026	995688	30
CP012026	995689	30
CP012026	995690	32
CP012026	995691	32
CP012026	995692	34
CP012026	995693	34
CP012026	995694	34
CP012026	995695	34
CP012026	995696	34
CP012026	995697	32
CP012026	995698	32
CP012026	995699	33
CP012026	995700	33
CP012026	995701	33
CP012026	995702	33
CP012026	995703	35
CP012026	995704	34
CP012026	995705	34
CP012026	995706	34
CP012026	995707	32
CP012026	995708	32
CP012026	995709	32
CP012026	995710	31
CP012026	995711	31
CP012026	995712	31
CP012026	995713	31
CP012026	995714	31
CP012026	995715	31
CP012026	995716	29
CP012026	995717	29
CP012026	995718	29
CP012026	995719	29
CP012026	995720	29
CP012026	995721	29
CP012026	995722	29
CP012026	995723	29
CP012026	995724	29
CP012026	995725	29
CP012026	995726	29
CP012026	995727	29
CP012026	995728	29
CP012026	995729	29
CP012026	995730	29
CP012026	995731	29
CP012026	995732	29
CP012026	995733	29
CP012026	995734	29
CP012026	995735	29
CP012026	995736	29
CP012026	995737	29
CP012026	995738	29
CP012026	995739	29
CP012026	995740	29
CP012026	995741	29
CP012026	995742	29
CP012026	995743	29
CP012026	995744	29
CP012026	995745	29
CP012026	995746	29
CP012026	995747	29
CP012026	995748	29
CP012026	995749	29
CP012026	995750	29
CP012026	995751	29
CP012026	995752	29
CP012026	995753	29
CP012026	995754	29
CP012026	995755	29
CP012026	995756	29
CP012026	995757	29
CP012026	995758	29
CP012026	995759	31
CP012026	995760	31
CP012026	995761	31
CP012026	995762	31
CP012026	995763	31
CP012026	995764	31
CP012026	995765	31
CP012026	995766	31
CP012026	995767	31
CP012026	995768	31
CP012026	995769	31
CP012026	995770	31
CP012026	995771	29
CP012026	995772	29
CP012026	995773	29
CP012026	995774	29
CP012026	995775	29
CP012026	995776	29
CP012026	995777	29
CP012026	995778	31
CP012026	995779	30
CP012026	995780	30
CP012026	995781	30
CP012026	995782	30
CP012026	995783	30
CP012026	995784	30
CP012026	995785	30
CP012026	995786	30
CP012026	995787	30
CP012026	995788	32
CP012026	995789	32
CP012026	995790	32
CP012026	995791	31
CP012026	995792	31
CP012026	995793	31
CP012026	995794	31
CP012026	995795	31
CP012026	995796	30
CP012026	995797	30
CP012026	995798	31
CP012026	995799	31
CP012026	995800	31
CP012026	995801	31
CP012026	995802	31
CP012026	995803	31
CP012026	995804	31
CP012026	995805	31
CP012026	995806	31
CP012026	995807	31
CP012026	995808	31
CP012026	995809	31
CP012026	995810	31
CP012026	995811	31
CP012026	995812	31
CP012026	995813	31
CP012026	995814	31
CP012026	995815	31
CP012026	995816	31
CP012026	995817	31
CP012026	995818	31
CP012026	995819	32
CP012026	995820	32
CP012026	995821	33
CP012026	995822	33
CP012026	995823	33
CP012026	995824	33
CP012026	995825	33
CP012026	995826	33
CP012026	995827	33
CP012026	995828	31
CP012026	995829	31
CP012026	995830	31
CP012026	995831	30
CP012026	995832	29
CP012026	995833	29
CP012026	995834	29
CP012026	995835	29
CP012026	995836	29
CP012026	995837	28
CP012026	995838	33
CP012026	995839	33
CP012026	995840	33
CP012026	995841	34
CP012026	995842	34
CP012026	995843	34
CP012026	995844	34
CP012026	995845	34
CP012026	995846	33
CP012026	995847	31
CP012026	995848	30
CP012026	995849	30
CP012026	995850	30
CP012026	995851	30
CP012026	995852	30
CP012026	995853	30
CP012026	995854	30
CP012026	995855	30
CP012026	995856	30
CP012026	995857	29
CP012026	995858	29
CP012026	995859	29
CP012026	995860	29
CP012026	995861	29
CP012026	995862	29
CP012026	995863	29
CP012026	995864	29
CP012026	995865	27
CP012026	995866	27
CP012026	1106197	29
CP012026	1106198	29
CP012026	1106199	29
CP012026	1106200	29
CP012026	1106201	28
CP012026	1106202	28
CP012026	1106203	28
CP012026	1106204	29
CP012026	1106205	29
CP012026	1106206	30
CP012026	1106207	30
CP012026	1106208	30
CP012026	1106209	30
CP012026	1106210	30
CP012026	1106211	30
CP012026	1106212	30
CP012026	1106213	30
CP012026	1106214	30
CP012026	1106215	30
CP012026	1106216	30
CP012026	1106217	30
CP012026	1106218	30
CP012026	1106219	32
CP012026	1106220	31
CP012026	1106221	31
CP012026	1106222	31
CP012026	1106223	31
CP012026	1106224	31
CP012026	1106225	31
CP012026	1106226	31
CP012026	1106227	31
CP012026	1106228	30
CP012026	1106229	30
CP012026	1106230	30
CP012026	1106231	30
CP012026	1106232	30
CP012026	1106233	30
CP012026	1106234	30
CP012026	1106235	30
CP012026	1106236	30
CP012026	1106237	30
CP012026	1106238	30
CP012026	1106239	30
CP012026	1106240	30
CP012026	1106241	30
CP012026	1106242	30
CP012026	1106243	30
CP012026	1106244	30
CP012026	1106245	30
CP012026	1106246	30
CP012026	1106247	30
CP012026	1106248	30
CP012026	1106249	30
CP012026	1106250	30
CP012026	1106251	30
CP012026	1106252	30
CP012026	1106253	30
CP012026	1106254	30
CP012026	1106255	30
CP012026	1106256	30
CP012026	1106257	30
CP012026	1106258	30
CP012026	1106259	30
CP012026	1106260	30
CP012026	1106261	30
CP012026	1106262	30
CP012026	1106263	32
CP012026	1106264	32
CP012026	1106265	32
CP012026	1106266	32
CP012026	1106267	32
CP012026	1106268	32
CP012026	1106269	32
CP012026	1106270	32
CP012026	1106271	32
CP012026	1106272	32
CP012026	1106273	32
CP012026	1106274	32
CP012026	1106275	30
CP012026	1106276	30
CP012026	1106277	30
CP012026	1106278	30
CP012026	1106279	30
CP012026	1106280	30
CP012026	1106281	30
CP012026	1106282	30
CP012026	1106283	30
CP012026	1106284	33
CP012026	1106285	33
CP012026	1106286	33
CP012026	1106287	32
CP012026	1106288	32
CP012026	1106289	32
CP012026	1106290	32
CP012026	1106291	32
CP012026	1106292	32
CP012026	1106293	32
CP012026	1106294	30
CP012026	1106295	30
CP012026	1106296	30
CP012026	1106297	30
CP012026	1106298	31
CP012026	1106299	31
CP012026	1106300	31
CP012026	1106301	31
CP012026	1106302	31
CP012026	1106303	31
CP012026	1106304	31
CP012026	1106305	31
CP012026	1106306	31
CP012026	1106307	27
CP012026	1106308	27
CP012026	1106309	25
CP012026	1106310	25
CP012026	1106311	25
CP012026	1106312	25
CP012026	1106313	25
CP012026	1106314	25
CP012026	1106315	25
CP012026	1106316	25
CP012026	1106317	25
CP012026	1106318	25
CP012026	1106319	25
CP012026	1106320	27
CP012026	1106321	27
CP012026	1106322	21
CP012026	1106323	20
CP012026	1106324	20
CP012026	1106325	20
CP012026	1106326	21
CP012026	1106327	23
CP012026	1106328	23
CP012026	1106329	21
CP012026	1106330	21
CP012026	1106331	21
CP012026	1106332	21
CP012026	1106333	21
CP012026	1106334	21
CP012026	1106335	22
CP012026	1106336	22
CP012026	1106337	22
CP012026	1106338	22
CP012026	1106339	22
CP012026	1106340	22
CP012026	1106341	22
CP012026	1106342	22
CP012026	1106343	22
CP012026	1106344	22
CP012026	1106345	21
CP012026	1106346	21
CP012026	1106347	21
CP012026	1106348	21
CP012026	1106349	20
CP012026	1106350	21
CP012026	1106351	21
CP012026	1106352	21
CP012026	1106353	21
CP012026	1106354	21
CP012026	1106355	21
CP012026	1106356	21
CP012026	1106357	21
CP012026	1106358	21
CP012026	1106359	21
CP012026	1106360	21
CP012026	1106361	21
CP012026	1106362	21
CP012026	1106363	21
CP012026	1106364	21
CP012026	1106365	19
CP012026	1106366	19
CP012026	1106367	19
CP012026	1106368	19
CP012026	1106369	19
CP012026	1106370	19
CP012026	1106371	19
CP012026	1106372	19
CP012026	1106373	19
CP012026	1106374	19
CP012026	1106375	19
CP012026	1106376	20
CP012026	1106377	20
CP012026	1106378	20
CP012026	1106379	20
CP012026	1106380	20
CP012026	1106381	20
CP012026	1106382	20
CP012026	1106383	21
CP012026	1106384	21
CP012026	1106385	21
CP012026	1106386	21
CP012026	1106387	21
CP012026	1106388	21
CP012026	1106389	20
CP012026	1106390	20
CP012026	1106391	18
CP012026	1106392	18
CP012026	1106393	18
CP012026	1106394	18
CP012026	1106395	18
CP012026	1106396	18
CP012026	1106397	18
CP012026	1106398	18
CP012026	1106399	17
CP012026	1106400	17
CP012026	1106401	17
CP012026	1106402	17
CP012026	1106403	17
CP012026	1106404	17
CP012026	1106405	17
CP012026	1106406	17
CP012026	1106407	17
CP012026	1106408	17
CP012026	1106409	17
CP012026	1106410	19
CP012026	1106411	19
CP012026	1106412	19
CP012026	1106413	19
CP012026	1106414	18
CP012026	1106415	18
CP012026	1106416	18
CP012026	1106417	18
CP012026	1106418	18
CP012026	1106419	18
CP012026	1106420	18
CP012026	1106421	18
CP012026	1106422	18
CP012026	1106423	18
CP012026	1106424	18
CP012026	1106425	18
CP012026	1106426	18
CP012026	1106427	18
CP012026	1106428	18
CP012026	1106429	18
CP012026	1106430	19
CP012026	1106431	19
CP012026	1106432	19
CP012026	1106433	19
CP012026	1106434	19
CP012026	1106435	19
CP012026	1106436	19
CP012026	1106437	19
CP012026	1106438	19
CP012026	1106439	19
CP012026	1106440	19
CP012026	1106441	19
CP012026	1106442	19
CP012026	1106443	19
CP012026	1106444	19
CP012026	1106445	19
CP012026	1106446	18
CP012026	1106447	18
CP012026	1106448	18
CP012026	1106449	18
CP012026	1106450	18
CP012026	1106451	18
CP012026	1106452	18
CP012026	1106453	18
CP012026	1106454	18
CP012026	1106455	17
CP012026	1106456	15
CP012026	1106457	14
CP012026	1106458	14
CP012026	1106459	14
CP012026	1106460	12
CP012026	1106461	12
CP012026	1106462	12
CP012026	1106463	12
CP012026	1106464	12
CP012026	1106465	12
CP012026	1106466	12
CP012026	1106467	12
CP012026	1106468	12
CP012026	1106469	12
CP012026	1106470	12
CP012026	1106471	12
CP012026	1106472	12
CP012026	1106473	12
CP012026	1106474	12
CP012026	1106475	12
CP012026	1106476	13
CP012026	1106477	14
CP012026	1106478	14
CP012026	1106479	14
CP012026	1106480	14
CP012026	1106481	14
CP012026	1106482	14
CP012026	1106483	14
CP012026	1106484	14
CP012026	1106485	14
CP012026	1106486	14
CP012026	1106487	14
CP012026	1106488	14
CP012026	1106489	14
CP012026	1106490	15
CP012026	1106491	16
CP012026	1106492	16
CP012026	1106493	16
CP012026	1106494	16
CP012026	1106495	16
CP012026	1106496	16
CP012026	1106497	16
CP012026	1106498	16
CP012026	1106499	16
CP012026	1106500	16
CP012026	1106501	16
CP012026	1106502	16
CP012026	1106503	16
CP012026	1106504	16
CP012026	1106505	16
CP012026	1106506	16
CP012026	1106507	16
CP012026	1106508	16
CP012026	1106509	16
CP012026	1106510	16
CP012026	1106511	16
CP012026	1106512	16
CP012026	1106513	16
CP012026	1106514	16
CP012026	1106515	16
CP012026	1106516	16
CP012026	1106517	16
CP012026	1106518	16
CP012026	1106519	16
CP012026	1106520	16
CP012026	1106521	16
CP012026	1106522	16
CP012026	1106523	17
CP012026	1106524	17
CP012026	1106525	15
CP012026	1106526	15
CP012026	1106527	15
CP012026	1106528	15
CP012026	1106529	15
CP012026	1106530	15
CP012026	1106531	15
CP012026	1106532	15
CP012026	1106533	15
CP012026	1106534	15
CP012026	1106535	14
CP012026	1106536	14
CP012026	1106537	14
CP012026	1106538	14
CP012026	1106539	14
CP012026	1106540	14
CP012026	1106541	14
CP012026	1106542	16
CP012026	1106543	16
CP012026	1106544	16
CP012026	1106545	16
CP012026	1106546	16
CP012026	1106547	16
CP012026	1106548	16
CP012026	1106549	15
CP012026	1106550	15
CP012026	1106551	15
CP012026	1106552	15
CP012026	1106553	15
CP012026	1106554	15
CP012026	1106555	16
CP012026	1106556	16
CP012026	1106557	16
CP012026	1106558	16
CP012026	1106559	16
CP012026	1106560	16
CP012026	1106561	16
CP012026	1106562	17
CP012026	1106563	17
CP012026	1106564	17
CP012026	1106565	17
CP012026	1106566	17
CP012026	1106567	17
CP012026	1106568	17
CP012026	1106569	17
CP012026	1106570	17
CP012026	1106571	17
CP012026	1106572	17
CP012026	1106573	17
CP012026	1106574	17
CP012026	1106575	17
CP012026	1106576	17
CP012026	1106577	16
CP012026	1106578	16
CP012026	1106579	16
CP012026	1106580	18
CP012026	1106581	20
CP012026	1106582	20
CP012026	1106583	20
CP012026	1106584	20
CP012026	1106585	19
CP012026	1106586	19
CP012026	1106587	19
CP012026	1106588	19
CP012026	1106589	19
CP012026	1106590	19
CP012026	1106591	22
CP012026	1106592	22
CP012026	1106593	24
CP012026	1106594	24
CP012026	1106595	24
CP012026	1106596	24
CP012026	1106597	24
CP012026	1106598	24
CP012026	1106599	24
CP012026	1106600	24
CP012026	1106601	23
CP012026	1106602	23
CP012026	1106603	23
CP012026	1106604	23
CP012026	1106605	23
CP012026	1106606	23
CP012026	1106607	23
CP012026	1106608	23
CP012026	1106609	23
CP012026	1106610	23
CP012026	1106611	23
CP012026	1106612	23
CP012026	1106613	23
CP012026	1106614	23
CP012026	1106615	23
CP012026	1106616	23
CP012026	1106617	23
CP012026	1106618	23
CP012026	1106619	23
CP012026	1106620	23
CP012026	1106621	23
CP012026	1106622	23
CP012026	1106623	23
CP012026	1106624	23
CP012026	1106625	23
CP012026	1106626	22
CP012026	1106627	22
CP012026	1106628	22
CP012026	1106629	22
CP012026	1106630	22
CP012026	1106631	22
CP012026	1106632	22
CP012026	1106633	21
CP012026	1106634	21
CP012026	1106635	21
CP012026	1106636	21
CP012026	1106637	21
CP012026	1106638	21
CP012026	1106639	21
CP012026	1106640	21
CP012026	1106641	21
CP012026	1106642	21
CP012026	1106643	22
CP012026	1106644	22
CP012026	1106645	22
CP012026	1106646	22
CP012026	1106647	22
CP012026	1106648	22
CP012026	1106649	23
CP012026	1106650	23
CP012026	1106651	23
CP012026	1106652	23
CP012026	1106653	23
CP012026	1106654	21
CP012026	1106655	21
CP012026	1106656	21
CP012026	1106657	21
CP012026	1106658	21
CP012026	1106659	22
CP012026	1106660	22
CP012026	1106661	22
CP012026	1106662	22
CP012026	1106663	22
CP012026	1106664	22
CP012026	1106665	22
CP012026	1106666	22
CP012026	1106667	24
CP012026	1106668	24
CP012026	1106669	24
CP012026	1106670	24
CP012026	1106671	24
CP012026	1106672	24
CP012026	1106673	24
CP012026	1106674	24
CP012026	1106675	24
CP012026	1106676	24
CP012026	1106677	24
CP012026	1106678	24
CP012026	1106679	25
CP012026	1106680	26
CP012026	1106681	26
CP012026	1106682	26
CP012026	1106683	26
CP012026	1106684	26
CP012026	1106685	26
CP012026	1106686	26
CP012026	1106687	26
CP012026	1106688	26
CP012026	1106689	29
CP012026	1106690	29
CP012026	1106691	29
CP012026	1106692	29
CP012026	1106693	30
CP012026	1106694	30
CP012026	1106695	30
CP012026	1106696	30
CP012026	1106697	30
CP012026	1106698	32
CP012026	1106699	32
CP012026	1106700	32
CP012026	1106701	32
CP012026	1106702	32
CP012026	1106703	33
CP012026	1106704	33
CP012026	1106705	33
CP012026	1106706	33
CP012026	1106707	34
CP012026	1106708	34
CP012026	1106709	34
CP012026	1106710	34
CP012026	1106711	34
CP012026	1106712	34
CP012026	1106713	34
CP012026	1106714	34
CP012026	1106715	35
CP012026	1106716	35
CP012026	1106717	35
CP012026	1106718	43
CP012026	1106719	43
CP012026	1106720	44
CP012026	1106721	44
CP012026	1106722	44
CP012026	1106723	44
CP012026	1106724	44
CP012026	1106725	45
CP012026	1106726	44
CP012026	1106727	43
CP012026	1106728	43
CP012026	1106729	45
CP012026	1106730	45
CP012026	1106731	47
CP012026	1106732	47
CP012026	1106733	47
CP012026	1106734	47
CP012026	1106735	47
CP012026	1106736	47
CP012026	1106737	47
CP012026	1106738	45
CP012026	1106739	47
CP012026	1106740	46
CP012026	1106741	46
CP012026	1106742	45
CP012026	1106743	45
CP012026	1106744	45
CP012026	1106745	45
CP012026	1106746	45
CP012026	1106747	45
CP012026	1106748	45
CP012026	1106749	45
CP012026	1106750	46
CP012026	1106751	46
CP012026	1106752	46
CP012026	1106753	46
CP012026	1106754	46
CP012026	1106755	47
CP012026	1106756	47
CP012026	1106757	47
CP012026	1106758	45
CP012026	1106759	46
CP012026	1106760	46
CP012026	1106761	44
CP012026	1106762	44
CP012026	1106763	46
CP012026	1106764	46
CP012026	1106765	46
CP012026	1106766	46
CP012026	1106767	46
CP012026	1106768	46
CP012026	1106769	46
CP012026	1106770	46
CP012026	1106771	48
CP012026	1106772	47
CP012026	1106773	47
CP012026	1106774	46
CP012026	1106775	47
CP012026	1106776	48
CP012026	1106777	48
CP012026	1106778	49
CP012026	1106779	49
CP012026	1106780	52
CP012026	1106781	52
CP012026	1106782	52
CP012026	1106783	52
CP012026	1106784	52
CP012026	1106785	52
CP012026	1106786	52
CP012026	1106787	52
CP012026	1106788	52
CP012026	1106789	52
CP012026	1106790	52
CP012026	1106791	52
CP012026	1106792	52
CP012026	1106793	50
CP012026	1106794	50
CP012026	1106795	50
CP012026	1106796	50
CP012026	1106797	51
CP012026	1106798	51
CP012026	1106799	51
CP012026	1106800	51
CP012026	1106801	52
CP012026	1106802	52
CP012026	1106803	53
CP012026	1106804	53
CP012026	1106805	54
CP012026	1106806	54
CP012026	1106807	54
CP012026	1106808	54
CP012026	1106809	54
CP012026	1106810	54
CP012026	1106811	54
CP012026	1106812	53
CP012026	1106813	53
CP012026	1106814	53
CP012026	1106815	53
CP012026	1106816	53
CP012026	1106817	53
CP012026	1106818	53
CP012026	1106819	53
CP012026	1106820	53
CP012026	1106821	57
CP012026	1106822	57
CP012026	1106823	57
CP012026	1106824	57
CP012026	1106825	61
CP012026	1106826	61
CP012026	1106827	61
CP012026	1106828	61
CP012026	1106829	61
CP012026	1106830	61
CP012026	1106831	62
CP012026	1106832	62
CP012026	1106833	62
CP012026	1106834	62
CP012026	1106835	62
CP012026	1106836	62
CP012026	1106837	62
CP012026	1106838	62
CP012026	1106839	61
CP012026	1106840	61
CP012026	1106841	64
CP012026	1106842	64
CP012026	1106843	68
CP012026	1106844	66
CP012026	1106845	66
CP012026	1106846	66
CP012026	1106847	66
CP012026	1106848	66
CP012026	1106849	66
CP012026	1106850	66
CP012026	1106851	66
CP012026	1106852	66
CP012026	1106853	66
CP012026	1106854	68
CP012026	1106855	68
CP012026	1106856	68
CP012026	1106857	68
CP012026	1106858	68
CP012026	1106859	68
CP012026	1106860	68
CP012026	1106861	68
CP012026	1106862	68
CP012026	1106863	68
CP012026	1106864	68
CP012026	1106865	68
CP012026	1106866	68
CP012026	1106867	68
CP012026	1106868	68
CP012026	1106869	68
CP012026	1106870	69
CP012026	1106871	69
CP012026	1106872	69
CP012026	1106873	69
CP012026	1106874	69
CP012026	1106875	70
CP012026	1106876	70
CP012026	1106877	70
CP012026	1106878	70
CP012026	1106879	70
CP012026	1106880	70
CP012026	1106881	70
CP012026	1106882	74
CP012026	1106883	74
CP012026	1106884	75
CP012026	1106885	75
CP012026	1106886	75
CP012026	1106887	75
CP012026	1106888	75
CP012026	1106889	75
CP012026	1106890	75
CP012026	1106891	71
CP012026	1106892	72
CP012026	1106893	71
CP012026	1106894	71
CP012026	1106895	71
CP012026	1106896	71
CP012026	1106897	71
CP012026	1106898	72
CP012026	1106899	72
CP012026	1106900	71
CP012026	1106901	71
CP012026	1106902	71
CP012026	1106903	71
CP012026	1106904	71
CP012026	1106905	71
CP012026	1106906	71
CP012026	1106907	71
CP012026	1106908	73
CP012026	1106909	72
CP012026	1106910	74
CP012026	1106911	74
CP012026	1106912	74
CP012026	1106913	74
CP012026	1106914	74
CP012026	1106915	74
CP012026	1106916	72
CP012026	1106917	72
CP012026	1106918	72
CP012026	1106919	72
CP012026	1106920	73
CP012026	1106921	73
CP012026	1106922	73
CP012026	1106923	73
CP012026	1106924	73
CP012026	1106925	73
CP012026	1106926	74
CP012026	1106927	74
CP012026	1106928	74
CP012026	1106929	74
CP012026	1106930	73
CP012026	1106931	71
CP012026	1106932	71
CP012026	1106933	71
CP012026	1106934	71
CP012026	1106935	71
CP012026	1106936	71
CP012026	1106937	71
CP012026	1106938	71
CP012026	1106939	71
CP012026	1106940	64
CP012026	1106941	64
CP012026	1106942	65
CP012026	1106943	65
CP012026	1106944	64
CP012026	1106945	64
CP012026	1106946	64
CP012026	1106947	64
CP012026	1106948	64
CP012026	1106949	64
CP012026	1106950	64
CP012026	1106951	64
CP012026	1106952	64
CP012026	1106953	64
CP012026	1106954	63
CP012026	1106955	63
CP012026	1106956	62
CP012026	1106957	62
CP012026	1106958	62
CP012026	1106959	62
CP012026	1106960	62
CP012026	1106961	62
CP012026	1106962	62
CP012026	1106963	62
CP012026	1106964	62
CP012026	1106965	55
CP012026	1106966	55
CP012026	1106967	61
CP012026	1106968	61
CP012026	1106969	61
CP012026	1106970	61
CP012026	1106971	58
CP012026	1106972	58
CP012026	1106973	58
CP012026	1106974	58
CP012026	1106975	59
CP012026	1106976	58
CP012026	1106977	58
CP012026	1106978	56
CP012026	1106979	56
CP012026	1106980	53
CP012026	1106981	53
CP012026	1106982	52
CP012026	1106983	52
CP012026	1106984	52
CP012026	1106985	52
CP012026	1106986	52
CP012026	1106987	52
CP012026	1106988	52
CP012026	1106989	52
CP012026	1106990	50
CP012026	1106991	50
CP012026	1106992	50
CP012026	1106993	50
CP012026	1106994	50
CP012026	1106995	50
CP012026	1106996	50
CP012026	1106997	49
CP012026	1106998	49
CP012026	1106999	49
CP012026	1107000	49
CP012026	1107001	48
CP012026	1107002	48
CP012026	1107003	48
CP012026	1107004	48
CP012026	1107005	48
CP012026	1107006	47
CP012026	1107007	47
CP012026	1107008	45
CP012026	1107009	45
CP012026	1107010	45
CP012026	1107011	45
CP012026	1107012	46
CP012026	1107013	46
CP012026	1107014	46
CP012026	1107015	46
CP012026	1107016	45
CP012026	1107017	45
CP012026	1107018	45
CP012026	1107019	45
CP012026	1107020	45
CP012026	1107021	45
CP012026	1107022	45
CP012026	1107023	45
CP012026	1107024	45
CP012026	1107025	44
CP012026	1107026	43
CP012026	1107027	44
CP012026	1107028	44
CP012026	1107029	44
CP012026	1107030	39
CP012026	1107031	40
CP012026	1107032	40
CP012026	1107033	40
CP012026	1107034	40
CP012026	1107035	40
CP012026	1107036	40
CP012026	1107037	40
CP012026	1107038	40
CP012026	1107039	40
CP012026	1107040	40
CP012026	1107041	40
CP012026	1107042	41
CP012026	1107043	41
CP012026	1107044	41
CP012026	1107045	41
CP012026	1107046	41
CP012026	1107047	40
CP012026	1107048	40
CP012026	1107049	40
CP012026	1107050	39
CP012026	1107051	39
CP012026	1107052	39
CP012026	1107053	39
CP012026	1107054	38
CP012026	1107055	38
CP012026	1107056	38
CP012026	1107057	38
CP012026	1107058	38
CP012026	1107059	38
CP012026	1107060	38
CP012026	1107061	38
CP012026	1107062	38
CP012026	1107063	38
CP012026	1107064	40
CP012026	1107065	40
CP012026	1107066	40
CP012026	1107067	40
CP012026	1107068	40
CP012026	1107069	40
CP012026	1107070	40
CP012026	1107071	38
CP012026	1107072	38
CP012026	1107073	36
CP012026	1107074	36
CP012026	1107075	36
CP012026	1107076	31
CP012026	1107077	31
CP012026	1107078	31
CP012026	1107079	31
CP012026	1107080	31
CP012026	1107081	31
CP012026	1107082	31
CP012026	1107083	31
CP012026	1107084	32
CP012026	1107085	32
CP012026	1107086	32
CP012026	1107087	32
CP012026	1107088	33
CP012026	1107089	33
CP012026	1107090	33
CP012026	1107091	34
CP012026	1107092	33
CP012026	1107093	34
CP012026	1107094	32
CP012026	1107095	32
CP012026	1107096	32
CP012026	1107097	32
CP012026	1107098	32
CP012026	1107099	32
CP012026	1107100	32
CP012026	1107101	32
CP012026	1107102	32
CP012026	1107103	33
CP012026	1107104	33
CP012026	1107105	33
CP012026	1107106	33
CP012026	1107107	33
CP012026	1107108	33
CP012026	1107109	33
CP012026	1107110	33
CP012026	1107111	33
CP012026	1107112	34
CP012026	1107113	35
CP012026	1107114	35
CP012026	1107115	35
CP012026	1107116	35
CP012026	1107117	35
CP012026	1107118	35
CP012026	1107119	35
CP012026	1107120	35
CP012026	1107121	34
CP012026	1107122	34
CP012026	1107123	34
CP012026	1107124	34
CP012026	1107125	34
CP012026	1107126	33
CP012026	1107127	33
CP012026	1107128	33
CP012026	1107129	33
CP012026	1107130	33
CP012026	1107131	33
CP012026	1107132	33
CP012026	1107133	31
CP012026	1107134	32
CP012026	1107135	31
CP012026	1107136	29
CP012026	1107137	29
CP012026	1107138	29
CP012026	1107139	29
CP012026	1107140	31
CP012026	1107141	32
CP012026	1107142	32
CP012026	1107143	31
CP012026	1107144	31
CP012026	1107145	31
CP012026	1107146	31
CP012026	1107147	31
CP012026	1107148	31
CP012026	1107149	30
CP012026	1107150	30
CP012026	1107151	30
CP012026	1107152	30
CP012026	1107153	31
CP012026	1107154	33
CP012026	1107155	33
CP012026	1107156	33
CP012026	1107157	35
CP012026	1107158	35
CP012026	1107159	35
CP012026	1107160	35
CP012026	1107161	33
CP012026	1107162	34
CP012026	1107163	34
CP012026	1107164	34
CP012026	1107165	32
CP012026	1107166	32
CP012026	1107167	33
CP012026	1107168	33
CP012026	1107169	33
CP012026	1107170	33
CP012026	1107171	32
CP012026	1107172	32
CP012026	1107173	32
CP012026	1107174	32
CP012026	1107175	32
CP012026	1107176	31
CP012026	1107177	29
CP012026	1107178	29
CP012026	1107179	29
CP012026	1107180	29
CP012026	1107181	29
CP012026	1107182	29
CP012026	1107183	29
CP012026	1107184	29
CP012026	1107185	30
CP012026	1107186	30
CP012026	1107187	30
CP012026	1107188	30
CP012026	1107189	30
CP012026	1107190	31
CP012026	1107191	31
CP012026	1107192	30
CP012026	1107193	30
CP012026	1107194	30
CP012026	1107195	30
CP012026	1107196	30
CP012026	1107197	30
CP012026	1107198	30
CP012026	1107199	30
CP012026	1107200	30
CP012026	1107201	30
CP012026	1107202	30
CP012026	1107203	30
CP012026	1107204	31
CP012026	1107205	31
CP012026	1107206	31
CP012026	1107207	31
CP012026	1107208	31
CP012026	1107209	31
CP012026	1107210	32
CP012026	1107211	32
CP012026	1107212	32
CP012026	1107213	30
CP012026	1107214	31
CP012026	1107215	31
CP012026	1107216	31
CP012026	1107217	31
CP012026	1107218	31
CP012026	1107219	31
CP012026	1107220	31
CP012026	1107221	31
CP012026	1107222	29
CP012026	1107223	29
CP012026	1107224	31
CP012026	1107225	31
CP012026	1107226	30
CP012026	1107227	30
CP012026	1107228	30
CP012026	1107229	30
CP012026	1107230	30
CP012026	1107231	30
CP012026	1107232	30
CP012026	1107233	30
CP012026	1107234	30
CP012026	1107235	30
CP012026	1107236	30
CP012026	1107237	30
CP012026	1107238	30
CP012026	1107239	30
CP012026	1107240	30
CP012026	1107241	30
CP012026	1107242	30
CP012026	1107243	30
CP012026	1107244	30
CP012026	1107245	30
CP012026	1107246	30
CP012026	1107247	29
CP012026	1107248	29
CP012026	1107249	29
CP012026	1107250	29
CP012026	1107251	29
CP012026	1107252	29
CP012026	1107253	29
CP012026	1107254	29
CP012026	1107255	29
CP012026	1107256	29
CP012026	1107257	29
CP012026	1107258	29
CP012026	1107259	29
CP012026	1107260	29
CP012026	1107261	29
CP012026	1107262	29
CP012026	1107263	28
CP012026	1107264	28
CP012026	1107265	28
CP012026	1107266	30
CP012026	1107267	30
CP012026	1107268	30
CP012026	1107269	31
CP012026	1107270	31
CP012026	1107271	31
CP012026	1107272	31
CP012026	1107273	31
CP012026	1107274	31
CP012026	1107275	29
CP012026	1107276	29
CP012026	1107277	29
CP012026	1107278	29
CP012026	1107279	29
CP012026	1107280	29
CP012026	1107281	29
CP012026	1107282	28
CP012026	1107283	28
CP012026	1107284	28
CP012026	1107285	28
CP012026	1107286	28
CP012026	1107287	29
CP012026	1107288	29
CP012026	1107289	29
CP012026	1107290	29
CP012026	1107291	29
CP012026	1107292	29
CP012026	1107293	28
CP012026	1107294	28
CP012026	1107295	28
CP012026	1107296	28
CP012026	1107297	28
CP012026	1107298	28
CP012026	1107299	28
CP012026	1107300	29
CP012026	1107301	29
CP012026	1107302	29
CP012026	1107303	31
CP012026	1107304	31
CP012026	1107305	31
CP012026	1107306	31
CP012026	1107307	31
CP012026	1107308	31
CP012026	1107309	31
CP012026	1107310	31
CP012026	1107311	31
CP012026	1107312	31
CP012026	1107313	31
CP012026	1107314	31
CP012026	1107315	31
CP012026	1107316	31
CP012026	1107317	31
CP012026	1107318	31
CP012026	1107319	31
CP012026	1107320	31
CP012026	1107321	31
CP012026	1107322	31
CP012026	1107323	31
CP012026	1107324	31
CP012026	1107325	31
CP012026	1107326	31
CP012026	1107327	31
CP012026	1107328	31
CP012026	1107329	31
CP012026	1107330	31
CP012026	1107331	31
CP012026	1107332	31
CP012026	1107333	31
CP012026	1107334	31
CP012026	1107335	33
CP012026	1107336	33
CP012026	1107337	33
CP012026	1107338	33
CP012026	1107339	32
CP012026	1107340	32
CP012026	1107341	32
CP012026	1107342	32
CP012026	1107343	32
CP012026	1107344	31
CP012026	1107345	31
CP012026	1107346	31
CP012026	1107347	31
CP012026	1107348	31
CP012026	1107349	31
CP012026	1107350	31
CP012026	1107351	31
CP012026	1107352	31
CP012026	1107353	30
CP012026	1107354	30
CP012026	1107355	30
CP012026	1107356	28
CP012026	1107357	28
CP012026	1107358	28
CP012026	1107359	28
CP012026	1107360	28
CP012026	1107361	28
CP012026	1107362	28
CP012026	1107363	27
CP012026	1107364	26
CP012026	1107365	26
CP012026	1107366	26
CP012026	1107367	26
CP012026	1107368	26
CP012026	1107369	26
CP012026	1107370	26
CP012026	1107371	26
CP012026	1107372	26
CP012026	1107373	26
CP012026	1107374	24
CP012026	1107375	25
CP012026	1107376	25
CP012026	1107377	25
CP012026	1107378	25
CP012026	1107379	25
CP012026	1107380	25
CP012026	1107381	25
CP012026	1107382	25
CP012026	1107383	25
CP012026	1107384	22
CP012026	1107385	22
CP012026	1107386	22
CP012026	1107387	22
CP012026	1107388	22
CP012026	1107389	22
CP012026	1107390	22
CP012026	1107391	22
CP012026	1107392	21
CP012026	1107393	21
CP012026	1107394	22
CP012026	1107395	22
CP012026	1107396	25
CP012026	1107397	25
CP012026	1107398	25
CP012026	1107399	25
CP012026	1107400	25
CP012026	1107401	28
CP012026	1107402	28
CP012026	1107403	27
CP012026	1107404	27
CP012026	1107405	27
CP012026	1107406	27
CP012026	1107407	27
CP012026	1107408	27
CP012026	1107409	27
CP012026	1107410	27
CP012026	1107411	29
CP012026	1107412	29
CP012026	1107413	28
CP012026	1107414	29
CP012026	1107415	29
CP012026	1107416	29
CP012026	1107417	29
CP012026	1107418	28
CP012026	1107419	28
CP012026	1107420	28
CP012026	1107421	28
CP012026	1107422	28
CP012026	1107423	28
CP012026	1107424	28
CP012026	1107425	28
CP012026	1107426	28
CP012026	1107427	28
CP012026	1107428	28
CP012026	1107429	28
CP012026	1107430	28
CP012026	1107431	28
CP012026	1107432	28
CP012026	1107433	30
CP012026	1107434	32
CP012026	1107435	31
CP012026	1107436	31
CP012026	1107437	31
CP012026	1107438	31
CP012026	1107439	31
CP012026	1107440	31
CP012026	1107441	30
CP012026	1107442	29
CP012026	1107443	29
CP012026	1107444	29
CP012026	1107445	29
CP012026	1107446	30
CP012026	1107447	30
CP012026	1107448	33
CP012026	1107449	33
CP012026	1107450	35
CP012026	1107451	33
CP012026	1107452	33
CP012026	1107453	33
CP012026	1107454	33
CP012026	1107455	32
CP012026	1107456	32
CP012026	1107457	32
CP012026	1107458	32
CP012026	1107459	32
CP012026	1107460	31
CP012026	1107461	31
CP012026	1107462	31
CP012026	1107463	31
CP012026	1107464	30
CP012026	1107465	30
CP012026	1107466	30
CP012026	1107467	30
CP012026	1107468	30
CP012026	1107469	30
CP012026	1107470	30
CP012026	1107471	30
CP012026	1107472	30
CP012026	1107473	30
CP012026	1107474	30
CP012026	1107475	30
CP012026	1107476	30
CP012026	1107477	30
CP012026	1107478	30
CP012026	1107479	30
CP012026	1107480	31
CP012026	1107481	31
CP012026	1107482	31
CP012026	1107483	31
CP012026	1107484	31
CP012026	1107485	31
CP012026	1107486	31
CP012026	1107487	31
CP012026	1107488	31
CP012026	1107489	31
CP012026	1107490	31
CP012026	1107491	31
CP012026	1107492	31
CP012026	1107493	31
CP012026	1107494	31
CP012026	1107495	31
CP012026	1107496	31
CP012026	1107497	31
CP012026	1107498	31
CP012026	1107499	31
CP012026	1107500	31
CP012026	1107501	31
CP012026	1107502	31
CP012026	1107503	31
CP012026	1107504	32
CP012026	1107505	32
CP012026	1107506	30
CP012026	1107507	30
CP012026	1107508	30
CP012026	1107509	30
CP012026	1107510	30
CP012026	1107511	30
CP012026	1107512	30
CP012026	1107513	30
CP012026	1107514	30
CP012026	1107515	30
CP012026	1107516	30
CP012026	1107517	30
CP012026	1107518	30
CP012026	1107519	28
CP012026	1107520	27
CP012026	1107521	27
CP012026	1107522	27
CP012026	1107523	27
CP012026	1107524	27
CP012026	1107525	27
CP012026	1107526	26
CP012026	1107527	26
CP012026	1107528	26
CP012026	1107529	27
CP012026	1107530	28
CP012026	1107531	28
CP012026	1107532	28
CP012026	1107533	28
CP012026	1107534	28
CP012026	1107535	28
CP012026	1107536	28
CP012026	1107537	27
CP012026	1107538	27
CP012026	1107539	27
CP012026	1107540	27
CP012026	1107541	27
CP012026	1107542	31
CP012026	1107543	31
CP012026	1107544	31
CP012026	1107545	31
CP012026	1107546	31
CP012026	1107547	32
CP012026	1107548	32
CP012026	1107549	30
CP012026	1107550	30
CP012026	1107551	29
CP012026	1107552	29
CP012026	1107553	29
CP012026	1107554	29
CP012026	1107555	29
CP012026	1107556	29
CP012026	1107557	29
CP012026	1107558	29
CP012026	1107559	29
CP012026	1107560	29
CP012026	1107561	29
CP012026	1107562	29
CP012026	1107563	29
CP012026	1107564	29
CP012026	1107565	29
CP012026	1107566	29
CP012026	1107567	30
CP012026	1107568	30
CP012026	1107569	30
CP012026	1107570	30
CP012026	1107571	30
CP012026	1107572	30
CP012026	1107573	30
CP012026	1107574	30
CP012026	1107575	30
CP012026	1107576	30
CP012026	1107577	30
CP012026	1107578	30
CP012026	1107579	30
CP012026	1107580	30
CP012026	1107581	30
CP012026	1107582	30
CP012026	1107583	30
CP012026	1107584	30
CP012026	1107585	30
CP012026	1107586	29
CP012026	1107587	29
CP012026	1107588	29
CP012026	1107589	29
CP012026	1107590	29
CP012026	1107591	28
CP012026	1107592	28
CP012026	1107593	28
CP012026	1107594	28
CP012026	1107595	28
CP012026	1107596	28
CP012026	1107597	28
CP012026	1107598	28
CP012026	1107599	28
CP012026	1107600	28
CP012026	1107601	28
CP012026	1107602	28
CP012026	1107603	29
CP012026	1107604	29
CP012026	1107605	29
CP012026	1107606	29
CP012026	1107607	29
CP012026	1107608	29
CP012026	1107609	29
CP012026	1107610	29
CP012026	1107611	29
CP012026	1107612	27
CP012026	1107613	27
CP012026	1107614	27
CP012026	1107615	27
CP012026	1107616	27
CP012026	1107617	27
CP012026	1107618	27
CP012026	1107619	27
CP012026	1107620	27
CP012026	1107621	27
CP012026	1107622	27
CP012026	1107623	27
CP012026	1107624	28
CP012026	1107625	28
CP012026	1107626	27
CP012026	1107627	27
CP012026	1107628	27
CP012026	1107629	27
CP012026	1107630	27
CP012026	1107631	27
CP012026	1107632	27
CP012026	1107633	27
CP012026	1107634	27
CP012026	1107635	27
CP012026	1107636	27
CP012026	1107637	27
CP012026	1107638	27
CP012026	1107639	27
CP012026	1107640	27
CP012026	1107641	27
CP012026	1107642	27
CP012026	1107643	27
CP012026	1107644	27
CP012026	1107645	26
CP012026	1107646	26
CP012026	1107647	25
CP012026	1107648	23
CP012026	1107649	23
CP012026	1107650	23
CP012026	1107651	24
CP012026	1107652	23
CP012026	1107653	23
CP012026	1107654	23
CP012026	1107655	23
CP012026	1107656	23
CP012026	1107657	26
CP012026	1107658	26
CP012026	1107659	26
CP012026	1107660	26
CP012026	1107661	26
CP012026	1107662	26
CP012026	1107663	26
CP012026	1107664	24
CP012026	1107665	23
CP012026	1107666	23
CP012026	1107667	23
CP012026	1107668	23
CP012026	1107669	25
CP012026	1107670	25
CP012026	1107671	25
CP012026	1107672	25
CP012026	1107673	25
CP012026	1107674	25
CP012026	1107675	25
CP012026	1107676	25
CP012026	1107677	25
CP012026	1107678	28
CP012026	1107679	28
CP012026	1107680	28
CP012026	1107681	28
CP012026	1107682	28
CP012026	1107683	26
CP012026	1107684	25
CP012026	1107685	24
CP012026	1107686	24
CP012026	1107687	24
CP012026	1107688	25
CP012026	1107689	25
CP012026	1107690	25
CP012026	1107691	26
CP012026	1107692	25
CP012026	1107693	26
CP012026	1107694	26
CP012026	1107695	26
CP012026	1107696	26
CP012026	1107697	23
CP012026	1107698	24
CP012026	1107699	23
CP012026	1107700	23
CP012026	1107701	23
CP012026	1107702	23
CP012026	1107703	23
CP012026	1107704	23
CP012026	1107705	23
CP012026	1107706	23
CP012026	1107707	23
CP012026	1107708	23
CP012026	1107709	23
CP012026	1107710	23
CP012026	1107711	23
CP012026	1107712	23
CP012026	1107713	23
CP012026	1107714	23
CP012026	1107715	23
CP012026	1107716	23
CP012026	1107717	23
CP012026	1107718	23
CP012026	1107719	23
CP012026	1107720	24
CP012026	1107721	24
CP012026	1107722	24
CP012026	1107723	24
CP012026	1107724	24
CP012026	1107725	24
CP012026	1107726	24
CP012026	1107727	24
CP012026	1107728	25
CP012026	1107729	25
CP012026	1107730	24
CP012026	1107731	24
CP012026	1107732	24
CP012026	1107733	24
CP012026	1107734	24
CP012026	1107735	24
CP012026	1107736	24
CP012026	1107737	24
CP012026	1107738	24
CP012026	1107739	24
CP012026	1107740	24
CP012026	1107741	24
CP012026	1107742	24
CP012026	1107743	24
CP012026	1107744	24
CP012026	1107745	24
CP012026	1107746	24
CP012026	1107747	24
CP012026	1107748	24
CP012026	1107749	24
CP012026	1107750	24
CP012026	1107751	24
CP012026	1107752	26
CP012026	1107753	26
CP012026	1107754	25
CP012026	1107755	27
CP012026	1107756	27
CP012026	1107757	27
CP012026	1107758	25
CP012026	1107759	25
CP012026	1107760	27
CP012026	1107761	27
CP012026	1107762	30
CP012026	1107763	30
CP012026	1107764	30
CP012026	1107765	31
CP012026	1107766	31
CP012026	1107767	33
CP012026	1107768	33
CP012026	1107769	33
CP012026	1107770	33
CP012026	1107771	33
CP012026	1107772	33
CP012026	1107773	33
CP012026	1107774	33
CP012026	1107775	33
CP012026	1107776	33
CP012026	1107777	35
CP012026	1107778	36
CP012026	1107779	36
CP012026	1107780	34
CP012026	1107781	34
CP012026	1107782	35
CP012026	1107783	35
CP012026	1107784	35
CP012026	1107785	35
CP012026	1107786	35
CP012026	1107787	35
CP012026	1107788	35
CP012026	1107789	36
CP012026	1107790	36
CP012026	1107791	36
CP012026	1107792	36
CP012026	1107793	34
CP012026	1107794	34
CP012026	1107795	34
CP012026	1107796	34
CP012026	1107797	34
CP012026	1107798	34
CP012026	1107799	34
CP012026	1107800	34
CP012026	1107801	34
CP012026	1107802	34
CP012026	1107803	34
CP012026	1107804	34
CP012026	1107805	34
CP012026	1107806	34
CP012026	1107807	34
CP012026	1107808	34
CP012026	1107809	34
CP012026	1107810	34
CP012026	1107811	34
CP012026	1107812	34
CP012026	1107813	34
CP012026	1107814	34
CP012026	1107815	34
CP012026	1107816	34
CP012026	1107817	35
CP012026	1107818	34
CP012026	1107819	34
CP012026	1107820	34
CP012026	1107821	34
CP012026	1107822	34
CP012026	1107823	34
CP012026	1107824	34
CP012026	1107825	38
CP012026	1107826	38
CP012026	1107827	38
CP012026	1107828	40
CP012026	1107829	40
CP012026	1107830	40
CP012026	1107831	40
CP012026	1107832	41
CP012026	1107833	41
CP012026	1107834	41
CP012026	1107835	41
CP012026	1107836	42
CP012026	1107837	42
CP012026	1107838	42
CP012026	1107839	42
CP012026	1107840	42
CP012026	1107841	42
CP012026	1107842	42
CP012026	1107843	42
CP012026	1107844	42
CP012026	1107845	42
CP012026	1107846	42
CP012026	1107847	42
CP012026	1107848	42
CP012026	1107849	42
CP012026	1107850	42
CP012026	1107851	42
CP012026	1107852	42
CP012026	1107853	42
CP012026	1107854	41
CP012026	1107855	41
CP012026	1107856	41
CP012026	1107857	41
CP012026	1107858	41
CP012026	1107859	41
CP012026	1107860	41
CP012026	1107861	41
CP012026	1107862	42
CP012026	1107863	42
CP012026	1107864	42
CP012026	1107865	42
CP012026	1107866	42
CP012026	1107867	42
CP012026	1107868	42
CP012026	1107869	42
CP012026	1107870	42
CP012026	1107871	44
CP012026	1107872	44
CP012026	1107873	44
CP012026	1107874	44
CP012026	1107875	43
CP012026	1107876	43
CP012026	1107877	43
CP012026	1107878	43
CP012026	1107879	44
CP012026	1107880	44
CP012026	1107881	44
CP012026	1107882	44
CP012026	1107883	44
CP012026	1107884	44
CP012026	1107885	44
CP012026	1107886	44
CP012026	1107887	45
CP012026	1107888	45
CP012026	1107889	45
CP012026	1107890	45
CP012026	1107891	45
CP012026	1107892	45
CP012026	1107893	45
CP012026	1107894	45
CP012026	1107895	45
CP012026	1107896	45
CP012026	1107897	45
CP012026	1107898	45
CP012026	1107899	47
CP012026	1107900	47
CP012026	1107901	46
CP012026	1107902	46
CP012026	1107903	46
CP012026	1107904	46
CP012026	1107905	46
CP012026	1107906	46
CP012026	1107907	46
CP012026	1107908	45
CP012026	1107909	45
CP012026	1107910	45
CP012026	1107911	47
CP012026	1107912	47
CP012026	1107913	47
CP012026	1107914	47
CP012026	1107915	47
CP012026	1107916	47
CP012026	1107917	47
CP012026	1107918	47
CP012026	1107919	47
CP012026	1107920	43
CP012026	1107921	43
CP012026	1107922	43
CP012026	1107923	43
CP012026	1107924	43
CP012026	1107925	43
CP012026	1107926	43
CP012026	1107927	43
CP012026	1107928	44
CP012026	1107929	41
CP012026	1107930	41
CP012026	1107931	41
CP012026	1107932	41
CP012026	1107933	41
CP012026	1107934	41
CP012026	1107935	41
CP012026	1107936	41
CP012026	1107937	39
CP012026	1107938	39
CP012026	1107939	38
CP012026	1107940	38
CP012026	1107941	38
CP012026	1107942	37
CP012026	1107943	37
CP012026	1107944	36
CP012026	1107945	36
CP012026	1107946	36
CP012026	1107947	36
CP012026	1107948	33
CP012026	1107949	33
CP012026	1107950	33
CP012026	1107951	33
CP012026	1107952	33
CP012026	1107953	33
CP012026	1107954	33
CP012026	1107955	33
CP012026	1107956	33
CP012026	1107957	33
CP012026	1107958	33
CP012026	1107959	33
CP012026	1107960	33
CP012026	1107961	33
CP012026	1107962	33
CP012026	1107963	33
CP012026	1107964	33
CP012026	1107965	33
CP012026	1107966	33
CP012026	1107967	33
CP012026	1107968	33
CP012026	1107969	33
CP012026	1107970	33
CP012026	1107971	32
CP012026	1107972	32
CP012026	1107973	32
CP012026	1107974	32
CP012026	1107975	32
CP012026	1107976	32
CP012026	1107977	32
CP012026	1107978	32
CP012026	1107979	29
CP012026	1107980	29
CP012026	1107981	29
CP012026	1107982	29
CP012026	1107983	29
CP012026	1107984	29
CP012026	1107985	29
CP012026	1107986	29
CP012026	1107987	29
CP012026	1107988	29
CP012026	1107989	29
CP012026	1107990	29
CP012026	1107991	29
CP012026	1107992	27
CP012026	1107993	27
CP012026	1107994	27
CP012026	1107995	27
CP012026	1107996	27
CP012026	1107997	27
CP012026	1107998	27
CP012026	1107999	27
CP012026	1108000	28
CP012026	1108001	28
CP012026	1108002	28
CP012026	1108003	24
CP012026	1108004	24
CP012026	1108005	24
CP012026	1108006	24
CP012026	1108007	24
CP012026	1108008	24
CP012026	1108009	24
CP012026	1108010	24
CP012026	1108011	18
CP012026	1108012	18
CP012026	1108013	17
CP012026	1108014	17
CP012026	1108015	17
CP012026	1108016	16
CP012026	1108017	16
CP012026	1108018	16
CP012026	1108019	16
CP012026	1108020	16
CP012026	1108021	16
CP012026	1108022	16
CP012026	1108023	16
CP012026	1108024	16
CP012026	1108025	16
CP012026	1108026	16
CP012026	1108027	16
CP012026	1108028	16
CP012026	1108029	15
CP012026	1108030	15
CP012026	1108031	15
CP012026	1108032	15
CP012026	1108033	14
CP012026	1108034	14
CP012026	1108035	14
CP012026	1108036	14
CP012026	1108037	14
CP012026	1108038	14
CP012026	1108039	14
CP012026	1108040	13
CP012026	1108041	13
CP012026	1108042	13
CP012026	1108043	13
CP012026	1108044	13
CP012026	1108045	13
CP012026	1108046	13
CP012026	1108047	13
CP012026	1108048	12
CP012026	1108049	13
CP012026	1108050	13
CP012026	1108051	13
CP012026	1108052	13
CP012026	1108053	13
CP012026	1108054	13
CP012026	1108055	13
CP012026	1108056	13
CP012026	1108057	13
CP012026	1108058	13
CP012026	1108059	13
CP012026	1108060	13
CP012026	1108061	13
CP012026	1108062	13
CP012026	1108063	13
CP012026	1108064	13
CP012026	1108065	13
CP012026	1108066	11
CP012026	1108067	12
CP012026	1108068	12
CP012026	1108069	12
CP012026	1108070	12
CP012026	1108071	13
CP012026	1108072	13
CP012026	1108073	13
CP012026	1108074	13
CP012026	1108075	14
CP012026	1108076	14
CP012026	1108077	14
CP012026	1108078	14
CP012026	1108079	14
CP012026	1108080	14
CP012026	1108081	14
CP012026	1108082	15
CP012026	1108083	14
CP012026	1108084	14
CP012026	1108085	15
CP012026	1108086	15
CP012026	1108087	15
CP012026	1108088	15
CP012026	1108089	15
CP012026	1108090	15
CP012026	1108091	15
CP012026	1108092	13
CP012026	1108093	13
CP012026	1108094	14
CP012026	1108095	14
CP012026	1108096	14
CP012026	1108097	14
CP012026	1108098	14
CP012026	1108099	14
CP012026	1108100	14
CP012026	1108101	14
CP012026	1108102	14
CP012026	1108103	14
CP012026	1108104	14
CP012026	1108105	14
CP012026	1108106	15
CP012026	1108107	15
CP012026	1108108	15
CP012026	1108109	15
CP012026	1108110	15
CP012026	1108111	15
CP012026	1108112	15
CP012026	1108113	14
CP012026	1108114	14
CP012026	1108115	14
CP012026	1108116	14
CP012026	1108117	14
CP012026	1108118	14
CP012026	1108119	14
CP012026	1108120	14
CP012026	1108121	16
CP012026	1108122	16
CP012026	1108123	16
CP012026	1108124	16
CP012026	1108125	16
CP012026	1108126	17
CP012026	1108127	17
CP012026	1108128	18
CP012026	1108129	18
CP012026	1108130	18
CP012026	1108131	18
CP012026	1108132	18
CP012026	1108133	18
CP012026	1108134	18
CP012026	1108135	18
CP012026	1108136	18
CP012026	1108137	18
CP012026	1108138	17
CP012026	1108139	17
CP012026	1108140	17
CP012026	1108141	17
CP012026	1108142	17
CP012026	1108143	17
CP012026	1108144	17
CP012026	1108145	17
CP012026	1108146	20
CP012026	1108147	20
CP012026	1108148	20
CP012026	1108149	20
CP012026	1108150	20
CP012026	1108151	20
CP012026	1108152	20
CP012026	1108153	20
CP012026	1108154	20
CP012026	1108155	20
CP012026	1108156	20
CP012026	1108157	20
CP012026	1108158	20
CP012026	1108159	20
CP012026	1108160	20
CP012026	1108161	20
CP012026	1108162	20
CP012026	1108163	20
CP012026	1108164	20
CP012026	1108165	20
CP012026	1108166	20
CP012026	1108167	20
CP012026	1108168	20
CP012026	1108169	20
CP012026	1108170	20
CP012026	1108171	20
CP012026	1108172	20
CP012026	1108173	21
CP012026	1108174	21
CP012026	1108175	21
CP012026	1108176	21
CP012026	1108177	21
CP012026	1108178	21
CP012026	1108179	20
CP012026	1108180	20
CP012026	1108181	20
CP012026	1108182	20
CP012026	1108183	20
CP012026	1108184	22
CP012026	1108185	22
CP012026	1108186	22
CP012026	1108187	22
CP012026	1108188	22
CP012026	1108189	22
CP012026	1108190	22
CP012026	1108191	22
CP012026	1108192	22
CP012026	1108193	22
CP012026	1108194	22
CP012026	1108195	22
CP012026	1108196	22
CP012026	1108197	22
CP012026	1108198	22
CP012026	1108199	23
CP012026	1108200	23
CP012026	1108201	23
CP012026	1108202	23
CP012026	1108203	23
CP012026	1108204	23
CP012026	1108205	23
CP012026	1108206	23
CP012026	1108207	23
CP012026	1108208	23
CP012026	1108209	23
CP012026	1108210	23
CP012026	1108211	23
CP012026	1108212	23
CP012026	1108213	23
CP012026	1108214	23
CP012026	1108215	23
CP012026	1108216	23
CP012026	1108217	23
CP012026	1108218	23
CP012026	1108219	23
CP012026	1108220	23
CP012026	1108221	23
CP012026	1108222	23
CP012026	1108223	23
CP012026	1108224	23
CP012026	1108225	23
CP012026	1108226	27
CP012026	1108227	27
CP012026	1108228	27
CP012026	1108229	27
CP012026	1108230	27
CP012026	1108231	27
CP012026	1108232	27
CP012026	1108233	29
CP012026	1108234	29
CP012026	1108235	30
CP012026	1108236	30
CP012026	1108237	30
CP012026	1108238	30
CP012026	1108239	30
CP012026	1108240	30
CP012026	1108241	30
CP012026	1108242	30
CP012026	1108243	30
CP012026	1108244	30
CP012026	1108245	30
CP012026	1108246	30
CP012026	1108247	32
CP012026	1108248	32
CP012026	1108249	32
CP012026	1108250	32
CP012026	1108251	31
CP012026	1108252	31
CP012026	1108253	31
CP012026	1108254	31
CP012026	1108255	31
CP012026	1108256	31
CP012026	1108257	31
CP012026	1108258	31
CP012026	1108259	31
CP012026	1108260	31
CP012026	1108261	31
CP012026	1108262	31
CP012026	1108263	31
CP012026	1108264	31
CP012026	1108265	31
CP012026	1108266	31
CP012026	1108267	31
CP012026	1108268	31
CP012026	1108269	31
CP012026	1108270	32
CP012026	1108271	32
CP012026	1108272	32
CP012026	1108273	32
CP012026	1108274	32
CP012026	1108275	32
CP012026	1108276	32
CP012026	1108277	32
CP012026	1108278	32
CP012026	1108279	32
CP012026	1108280	32
CP012026	1108281	32
CP012026	1108282	33
CP012026	1108283	33
CP012026	1108284	33
CP012026	1108285	33
CP012026	1108286	33
CP012026	1108287	33
CP012026	1108288	33
CP012026	1108289	33
CP012026	1108290	35
CP012026	1108291	35
CP012026	1108292	35
CP012026	1108293	35
CP012026	1108294	34
CP012026	1108295	34
CP012026	1108296	34
CP012026	1108297	34
CP012026	1108298	34
CP012026	1108299	34
CP012026	1108300	33
CP012026	1108301	33
CP012026	1108302	33
CP012026	1108303	33
CP012026	1108304	33
CP012026	1108305	35
CP012026	1108306	35
CP012026	1108307	35
CP012026	1108308	35
CP012026	1108309	35
CP012026	1108310	33
CP012026	1108311	33
CP012026	1108312	33
CP012026	1108313	33
CP012026	1108314	33
CP012026	1108315	33
CP012026	1108316	33
CP012026	1108317	33
CP012026	1108318	32
CP012026	1108319	31
CP012026	1108320	30
CP012026	1108321	30
CP012026	1108322	30
CP012026	1108323	30
CP012026	1108324	32
CP012026	1108325	32
CP012026	1108326	31
CP012026	1108327	31
CP012026	1108328	31
CP012026	1108329	31
CP012026	1108330	31
CP012026	1108331	31
CP012026	1108332	31
CP012026	1108333	29
CP012026	1108334	29
CP012026	1108335	29
CP012026	1108336	28
CP012026	1108337	28
CP012026	1108338	28
CP012026	1108339	28
CP012026	1108340	28
CP012026	1108341	28
CP012026	1108342	30
CP012026	1108343	30
CP012026	1108344	30
CP012026	1108345	29
CP012026	1108346	29
CP012026	1108347	29
CP012026	1108348	29
CP012026	1108349	29
CP012026	1108350	29
CP012026	1108351	29
CP012026	1108352	29
CP012026	1108353	29
CP012026	1108354	29
CP012026	1108355	29
CP012026	1108356	29
CP012026	1108357	29
CP012026	1108358	29
CP012026	1108359	29
CP012026	1108360	29
CP012026	1108361	29
CP012026	1108362	29
CP012026	1108363	29
CP012026	1108364	29
CP012026	1108365	29
CP012026	1108366	29
CP012026	1108367	29
CP012026	1108368	29
CP012026	1108369	29
CP012026	1108370	29
CP012026	1108371	29
CP012026	1108372	29
CP012026	1108373	29
CP012026	1108374	29
CP012026	1108375	31
CP012026	1108376	31
CP012026	1108377	29
CP012026	1108378	29
CP012026	1108379	29
CP012026	1108380	26
CP012026	1108381	26
CP012026	1108382	26
CP012026	1108383	26
CP012026	1108384	26
CP012026	1108385	26
CP012026	1108386	26
CP012026	1108387	26
CP012026	1108388	26
CP012026	1108389	26
CP012026	1108390	26
CP012026	1108391	26
CP012026	1108392	26
CP012026	1108393	26
CP012026	1108394	26
CP012026	1108395	26
CP012026	1108396	26
CP012026	1108397	25
CP012026	1108398	25
CP012026	1108399	25
CP012026	1108400	25
CP012026	1108401	25
CP012026	1108402	25
CP012026	1108403	25
CP012026	1108404	25
CP012026	1108405	25
CP012026	1108406	25
CP012026	1108407	25
CP012026	1108408	25
CP012026	1108409	25
CP012026	1108410	25
CP012026	1108411	25
CP012026	1108412	25
CP012026	1108413	27
CP012026	1108414	27
CP012026	1108415	27
CP012026	1108416	27
CP012026	1108417	27
CP012026	1108418	27
CP012026	1108419	27
CP012026	1108420	27
CP012026	1108421	27
CP012026	1108422	27
CP012026	1108423	27
CP012026	1108424	26
CP012026	1108425	26
CP012026	1108426	26
CP012026	1108427	27
CP012026	1108428	27
CP012026	1108429	27
CP012026	1108430	27
CP012026	1108431	27
CP012026	1108432	27
CP012026	1108433	25
CP012026	1108434	23
CP012026	1108435	23
CP012026	1108436	23
CP012026	1108437	23
CP012026	1108438	23
CP012026	1108439	23
CP012026	1108440	23
CP012026	1108441	24
CP012026	1108442	22
CP012026	1108443	22
CP012026	1108444	22
CP012026	1108445	22
CP012026	1108446	23
CP012026	1108447	23
CP012026	1108448	23
CP012026	1108449	23
CP012026	1108450	22
CP012026	1108451	20
CP012026	1108452	20
CP012026	1108453	20
CP012026	1108454	20
CP012026	1108455	20
CP012026	1108456	18
CP012026	1108457	18
CP012026	1108458	18
CP012026	1108459	19
CP012026	1108460	19
CP012026	1108461	19
CP012026	1108462	19
CP012026	1108463	19
CP012026	1108464	19
CP012026	1108465	19
CP012026	1108466	19
CP012026	1108467	19
CP012026	1108468	19
CP012026	1108469	20
CP012026	1108470	20
CP012026	1108471	20
CP012026	1108472	20
CP012026	1108473	20
CP012026	1108474	19
CP012026	1108475	19
CP012026	1108476	19
CP012026	1108477	19
CP012026	1108478	19
CP012026	1108479	19
CP012026	1108480	19
CP012026	1108481	19
CP012026	1108482	19
CP012026	1108483	19
CP012026	1108484	19
CP012026	1108485	18
CP012026	1108486	18
CP012026	1108487	18
CP012026	1108488	18
CP012026	1108489	18
CP012026	1108490	18
CP012026	1108491	18
CP012026	1108492	14
CP012026	1108493	15
CP012026	1108494	15
CP012026	1108495	15
CP012026	1108496	15
CP012026	1108497	15
CP012026	1108498	15
CP012026	1108499	15
CP012026	1108500	15
CP012026	1108501	15
CP012026	1108502	15
CP012026	1108503	15
CP012026	1108504	17
CP012026	1108505	17
CP012026	1108506	17
CP012026	1108507	17
CP012026	1108508	17
CP012026	1108509	17
CP012026	1108510	17
CP012026	1108511	17
CP012026	1108512	17
CP012026	1108513	17
CP012026	1108514	17
CP012026	1108515	17
CP012026	1108516	17
CP012026	1108517	17
CP012026	1108518	17
CP012026	1108519	17
CP012026	1108520	17
CP012026	1108521	16
CP012026	1108522	16
CP012026	1108523	16
CP012026	1108524	16
CP012026	1108525	14
CP012026	1108526	14
CP012026	1108527	14
CP012026	1108528	14
CP012026	1108529	11
CP012026	1108530	11
CP012026	1108531	11
CP012026	1108532	11
CP012026	1108533	11
CP012026	1108534	11
CP012026	1108535	11
CP012026	1108536	13
CP012026	1108537	13
CP012026	1108538	13
CP012026	1108539	13
CP012026	1108540	13
CP012026	1108541	13
CP012026	1108542	13
CP012026	1108543	13
CP012026	1108544	16
CP012026	1108545	16
CP012026	1108546	16
CP012026	1108547	17
CP012026	1108548	17
CP012026	1108549	17
CP012026	1108550	17
CP012026	1108551	17
CP012026	1108552	17
CP012026	1108553	17
CP012026	1108554	17
CP012026	1108555	17
CP012026	1108556	17
CP012026	1108557	17
CP012026	1108558	17
CP012026	1108559	17
CP012026	1108560	17
CP012026	1108561	17
CP012026	1108562	17
CP012026	1108563	17
CP012026	1108564	17
CP012026	1108565	17
CP012026	1108566	17
CP012026	1108567	17
CP012026	1108568	17
CP012026	1108569	17
CP012026	1108570	17
CP012026	1108571	17
CP012026	1108572	17
CP012026	1108573	17
CP012026	1108574	17
CP012026	1108575	17
CP012026	1108576	17
CP012026	1108577	17
CP012026	1108578	17
CP012026	1108579	17
CP012026	1108580	17
CP012026	1108581	17
CP012026	1108582	18
CP012026	1108583	18
CP012026	1108584	18
CP012026	1108585	18
CP012026	1108586	18
CP012026	1108587	18
CP012026	1108588	18
CP012026	1108589	21
CP012026	1108590	21
CP012026	1108591	21
CP012026	1108592	21
CP012026	1108593	23
CP012026	1108594	23
CP012026	1108595	23
CP012026	1108596	23
CP012026	1108597	23
CP012026	1108598	23
CP012026	1108599	23
CP012026	1108600	23
CP012026	1108601	23
CP012026	1108602	23
CP012026	1108603	24
CP012026	1108604	24
CP012026	1108605	24
CP012026	1108606	24
CP012026	1108607	24
CP012026	1108608	24
CP012026	1108609	25
CP012026	1108610	25
CP012026	1108611	25
CP012026	1108612	25
CP012026	1108613	25
CP012026	1108614	25
CP012026	1108615	25
CP012026	1108616	27
CP012026	1108617	27
CP012026	1108618	27
CP012026	1108619	27
CP012026	1108620	27
CP012026	1108621	27
CP012026	1108622	27
CP012026	1108623	27
CP012026	1108624	27
CP012026	1108625	27
CP012026	1108626	27
CP012026	1108627	27
CP012026	1108628	27
CP012026	1108629	28
CP012026	1108630	28
CP012026	1108631	28
CP012026	1108632	28
CP012026	1108633	28
CP012026	1108634	28
CP012026	1108635	28
CP012026	1108636	28
CP012026	1108637	28
CP012026	1108638	28
CP012026	1108639	28
CP012026	1108640	28
CP012026	1108641	28
CP012026	1108642	28
CP012026	1108643	28
CP012026	1108644	28
CP012026	1108645	28
CP012026	1108646	28
CP012026	1108647	28
CP012026	1108648	28
CP012026	1108649	28
CP012026	1108650	28
CP012026	1108651	28
CP012026	1108652	28
CP012026	1108653	26
CP012026	1108654	26
CP012026	1108655	26
CP012026	1108656	28
CP012026	1108657	28
CP012026	1108658	28
CP012026	1108659	28
CP012026	1108660	28
CP012026	1108661	28
CP012026	1108662	28
CP012026	1108663	28
CP012026	1108664	26
CP012026	1108665	26
CP012026	1108666	26
CP012026	1108667	26
CP012026	1108668	26
CP012026	1108669	26
CP012026	1108670	26
CP012026	1108671	26
CP012026	1108672	26
CP012026	1108673	27
CP012026	1108674	27
CP012026	1108675	27
CP012026	1108676	27
CP012026	1108677	27
CP012026	1108678	26
CP012026	1108679	26
CP012026	1108680	27
CP012026	1108681	27
CP012026	1108682	27
CP012026	1108683	27
CP012026	1108684	27
CP012026	1108685	27
CP012026	1108686	27
CP012026	1108687	27
CP012026	1108688	27
CP012026	1108689	27
CP012026	1108690	27
CP012026	1108691	27
CP012026	1108692	27
CP012026	1108693	27
CP012026	1108694	27
CP012026	1108695	26
CP012026	1108696	26
CP012026	1108697	26
CP012026	1108698	26
CP012026	1108699	26
CP012026	1108700	26
CP012026	1108701	26
CP012026	1108702	26
CP012026	1108703	26
CP012026	1108704	26
CP012026	1108705	26
CP012026	1108706	26
CP012026	1108707	26
CP012026	1108708	26
CP012026	1108709	26
CP012026	1108710	25
CP012026	1108711	23
CP012026	1108712	23
CP012026	1108713	23
CP012026	1108714	23
CP012026	1108715	23
CP012026	1108716	23
CP012026	1108717	23
CP012026	1108718	23
CP012026	1108719	23
CP012026	1108720	22
CP012026	1108721	22
CP012026	1108722	22
CP012026	1108723	21
CP012026	1108724	21
CP012026	1108725	21
CP012026	1108726	21
CP012026	1108727	21
CP012026	1108728	21
CP012026	1108729	21
CP012026	1108730	21
CP012026	1108731	21
CP012026	1108732	21
CP012026	1108733	21
CP012026	1108734	21
CP012026	1108735	21
CP012026	1108736	21
CP012026	1108737	21
CP012026	1108738	21
CP012026	1108739	21
CP012026	1108740	21
CP012026	1108741	21
CP012026	1108742	21
CP012026	1108743	21
CP012026	1108744	20
CP012026	1108745	20
CP012026	1108746	20
CP012026	1108747	20
CP012026	1108748	20
CP012026	1108749	18
CP012026	1108750	18
CP012026	1108751	18
CP012026	1108752	18
CP012026	1108753	18
CP012026	1108754	18
CP012026	1108755	18
CP012026	1108756	18
CP012026	1108757	18
CP012026	1108758	18
CP012026	1108759	18
CP012026	1108760	18
CP012026	1108761	18
CP012026	1108762	18
CP012026	1108763	18
CP012026	1108764	18
CP012026	1108765	22
CP012026	1108766	22
CP012026	1108767	22
CP012026	1108768	22
CP012026	1108769	22
CP012026	1108770	22
CP012026	1108771	22
CP012026	1108772	22
CP012026	1108773	22
CP012026	1108774	21
CP012026	1108775	21
CP012026	1108776	21
CP012026	1108777	21
CP012026	1108778	21
CP012026	1108779	21
CP012026	1108780	19
CP012026	1108781	19
CP012026	1108782	19
CP012026	1108783	19
CP012026	1108784	19
CP012026	1108785	19
CP012026	1108786	19
CP012026	1108787	19
CP012026	1108788	19
CP012026	1108789	19
CP012026	1108790	19
CP012026	1108791	19
CP012026	1108792	19
CP012026	1108793	19
CP012026	1108794	19
CP012026	1108795	18
CP012026	1108796	18
CP012026	1108797	17
CP012026	1108798	17
CP012026	1108799	19
CP012026	1108800	19
CP012026	1108801	19
CP012026	1108802	19
CP012026	1108803	19
CP012026	1108804	19
CP012026	1108805	19
CP012026	1108806	19
CP012026	1108807	19
CP012026	1108808	19
CP012026	1108809	19
CP012026	1108810	19
CP012026	1108811	19
CP012026	1108812	19
CP012026	1108813	19
CP012026	1108814	19
CP012026	1108815	19
CP012026	1108816	20
CP012026	1108817	21
CP012026	1108818	21
CP012026	1108819	21
CP012026	1108820	21
CP012026	1108821	21
CP012026	1108822	21
CP012026	1108823	21
CP012026	1108824	21
CP012026	1108825	21
CP012026	1108826	21
CP012026	1108827	21
CP012026	1108828	21
CP012026	1108829	21
CP012026	1108830	21
CP012026	1108831	21
CP012026	1108832	21
CP012026	1108833	20
CP012026	1108834	21
CP012026	1108835	21
CP012026	1108836	21
CP012026	1108837	21
CP012026	1108838	21
CP012026	1108839	21
CP012026	1108840	20
CP012026	1108841	20
CP012026	1108842	19
CP012026	1108843	18
CP012026	1108844	23
CP012026	1108845	23
CP012026	1108846	23
CP012026	1108847	23
CP012026	1108848	23
CP012026	1108849	23
CP012026	1108850	23
CP012026	1108851	23
CP012026	1108852	23
CP012026	1108853	22
CP012026	1108854	22
CP012026	1108855	22
CP012026	1108856	22
CP012026	1108857	22
CP012026	1108858	22
CP012026	1108859	22
CP012026	1108860	21
CP012026	1108861	21
CP012026	1108862	21
CP012026	1108863	21
CP012026	1108864	21
CP012026	1108865	21
CP012026	1108866	21
CP012026	1108867	21
CP012026	1108868	21
CP012026	1108869	21
CP012026	1108870	21
CP012026	1108871	21
CP012026	1108872	21
CP012026	1108873	22
CP012026	1108874	22
CP012026	1108875	22
CP012026	1108876	23
CP012026	1108877	23
CP012026	1108878	25
CP012026	1108879	25
CP012026	1108880	24
CP012026	1108881	26
CP012026	1108882	26
CP012026	1108883	26
CP012026	1108884	26
CP012026	1108885	26
CP012026	1108886	26
CP012026	1108887	26
CP012026	1108888	26
CP012026	1108889	26
CP012026	1108890	26
CP012026	1108891	26
CP012026	1108892	24
CP012026	1108893	24
CP012026	1108894	24
CP012026	1108895	24
CP012026	1108896	22
CP012026	1108897	22
CP012026	1108898	22
CP012026	1108899	22
CP012026	1108900	22
CP012026	1108901	22
CP012026	1108902	22
CP012026	1108903	22
CP012026	1108904	22
CP012026	1108905	22
CP012026	1108906	22
CP012026	1108907	22
CP012026	1108908	22
CP012026	1108909	22
CP012026	1108910	22
CP012026	1108911	22
CP012026	1108912	22
CP012026	1108913	22
CP012026	1108914	22
CP012026	1108915	24
CP012026	1108916	24
CP012026	1108917	24
CP012026	1108918	24
CP012026	1108919	24
CP012026	1108920	24
CP012026	1108921	24
CP012026	1108922	28
CP012026	1108923	28
CP012026	1108924	27
CP012026	1108925	27
CP012026	1108926	25
CP012026	1108927	25
CP012026	1108928	25
CP012026	1108929	25
CP012026	1108930	25
CP012026	1108931	24
CP012026	1108932	27
CP012026	1108933	27
CP012026	1108934	27
CP012026	1108935	27
CP012026	1108936	27
CP012026	1108937	27
CP012026	1108938	27
CP012026	1108939	27
CP012026	1108940	27
CP012026	1108941	26
CP012026	1108942	26
CP012026	1108943	26
CP012026	1108944	26
CP012026	1108945	26
CP012026	1108946	26
CP012026	1108947	26
CP012026	1108948	26
CP012026	1108949	26
CP012026	1108950	26
CP012026	1108951	26
CP012026	1108952	26
CP012026	1108953	26
CP012026	1108954	26
CP012026	1108955	26
CP012026	1108956	26
CP012026	1108957	26
CP012026	1108958	26
CP012026	1108959	27
CP012026	1108960	28
CP012026	1108961	28
CP012026	1108962	30
CP012026	1108963	31
CP012026	1108964	31
CP012026	1108965	31
CP012026	1108966	31
CP012026	1108967	31
CP012026	1108968	31
CP012026	1108969	29
CP012026	1108970	29
CP012026	1108971	29
CP012026	1108972	29
CP012026	1108973	29
CP012026	1108974	29
CP012026	1108975	29
CP012026	1108976	29
CP012026	1108977	31
CP012026	1108978	34
CP012026	1108979	35
CP012026	1108980	36
CP012026	1108981	36
CP012026	1108982	37
CP012026	1108983	37
CP012026	1108984	37
CP012026	1108985	37
CP012026	1108986	37
CP012026	1108987	39
CP012026	1108988	39
CP012026	1108989	39
CP012026	1108990	39
CP012026	1108991	39
CP012026	1108992	39
CP012026	1108993	39
CP012026	1108994	40
CP012026	1108995	40
CP012026	1108996	40
CP012026	1108997	40
CP012026	1108998	40
CP012026	1108999	40
CP012026	1109000	40
CP012026	1109001	38
CP012026	1109002	38
CP012026	1109003	38
CP012026	1109004	38
CP012026	1109005	38
CP012026	1109006	38
CP012026	1109007	38
CP012026	1109008	38
CP012026	1109009	38
CP012026	1109010	38
CP012026	1109011	38
CP012026	1109012	38
CP012026	1109013	39
CP012026	1109014	39
CP012026	1109015	37
CP012026	1109016	38
CP012026	1109017	38
CP012026	1109018	38
CP012026	1109019	38
CP012026	1109020	38
CP012026	1109021	38
CP012026	1109022	38
CP012026	1109023	38
CP012026	1109024	37
CP012026	1109025	37
CP012026	1109026	37
CP012026	1109027	38
CP012026	1109028	39
CP012026	1109029	39
CP012026	1109030	39
CP012026	1109031	39
CP012026	1109032	39
CP012026	1109033	39
CP012026	1109034	39
CP012026	1109035	39
CP012026	1109036	39
CP012026	1109037	39
CP012026	1109038	39
CP012026	1109039	41
CP012026	1109040	39
CP012026	1109041	39
CP012026	1109042	39
CP012026	1109043	40
CP012026	1109044	40
CP012026	1109045	40
CP012026	1109046	42
CP012026	1109047	42
CP012026	1109048	42
CP012026	1109049	42
CP012026	1109050	42
CP012026	1109051	42
CP012026	1109052	42
CP012026	1109053	42
CP012026	1109054	42
CP012026	1109055	42
CP012026	1109056	42
CP012026	1109057	42
CP012026	1109058	42
CP012026	1109059	42
CP012026	1109060	42
CP012026	1109061	42
CP012026	1109062	42
CP012026	1109063	42
CP012026	1109064	42
CP012026	1109065	42
CP012026	1109066	42
CP012026	1109067	41
CP012026	1109068	40
CP012026	1109069	40
CP012026	1109070	40
CP012026	1109071	40
CP012026	1109072	40
CP012026	1109073	40
CP012026	1109074	40
CP012026	1109075	40
CP012026	1109076	40
CP012026	1109077	40
CP012026	1109078	38
CP012026	1109079	38
CP012026	1109080	38
CP012026	1109081	38
CP012026	1109082	38
CP012026	1109083	38
CP012026	1109084	37
CP012026	1109085	37
CP012026	1109086	37
CP012026	1109087	37
CP012026	1109088	37
CP012026	1109089	37
CP012026	1109090	37
CP012026	1109091	35
CP012026	1109092	35
CP012026	1109093	35
CP012026	1109094	35
CP012026	1109095	34
CP012026	1109096	34
CP012026	1109097	34
CP012026	1109098	34
CP012026	1109099	34
CP012026	1109100	34
CP012026	1109101	34
CP012026	1109102	34
CP012026	1109103	34
CP012026	1109104	34
CP012026	1109105	34
CP012026	1109106	34
CP012026	1109107	34
CP012026	1109108	34
CP012026	1109109	34
CP012026	1109110	34
CP012026	1109111	34
CP012026	1109112	34
CP012026	1109113	34
CP012026	1109114	34
CP012026	1109115	34
CP012026	1109116	34
CP012026	1109117	32
CP012026	1109118	32
CP012026	1109119	32
CP012026	1109120	32
CP012026	1109121	32
CP012026	1109122	32
CP012026	1109123	32
CP012026	1109124	31
CP012026	1109125	31
CP012026	1109126	31
CP012026	1109127	30
CP012026	1109128	30
CP012026	1109129	28
CP012026	1109130	28
CP012026	1109131	26
CP012026	1109132	26
CP012026	1109133	26
CP012026	1109134	26
CP012026	1109135	26
CP012026	1109136	24
CP012026	1109137	24
CP012026	1109138	24
CP012026	1109139	24
CP012026	1109140	24
CP012026	1109141	24
CP012026	1109142	24
CP012026	1109143	24
CP012026	1109144	24
CP012026	1109145	24
CP012026	1109146	24
CP012026	1109147	24
CP012026	1109148	24
CP012026	1109149	24
CP012026	1109150	24
CP012026	1109151	24
CP012026	1109152	24
CP012026	1109153	24
CP012026	1109154	24
CP012026	1109155	24
CP012026	1109156	24
CP012026	1109157	24
CP012026	1109158	24
CP012026	1109159	24
CP012026	1109160	24
CP012026	1109161	24
CP012026	1109162	24
CP012026	1109163	25
CP012026	1109164	25
CP012026	1109165	25
CP012026	1109166	25
CP012026	1109167	25
CP012026	1109168	25
CP012026	1109169	25
CP012026	1109170	25
CP012026	1109171	25
CP012026	1109172	25
CP012026	1109173	24
CP012026	1109174	24
CP012026	1109175	24
CP012026	1109176	20
CP012026	1109177	20
CP012026	1109178	20
CP012026	1109179	20
CP012026	1109180	20
CP012026	1109181	19
CP012026	1109182	19
CP012026	1109183	19
CP012026	1109184	19
CP012026	1109185	19
CP012026	1109186	19
CP012026	1109187	19
CP012026	1109188	17
CP012026	1109189	18
CP012026	1109190	18
CP012026	1109191	18
CP012026	1109192	19
CP012026	1109193	19
CP012026	1109194	19
CP012026	1109195	19
CP012026	1109196	19
CP012026	1109197	19
CP012026	1109198	19
CP012026	1109199	19
CP012026	1109200	19
CP012026	1109201	19
CP012026	1109202	19
CP012026	1109203	19
CP012026	1109204	19
CP012026	1109205	19
CP012026	1109206	19
CP012026	1109207	19
CP012026	1109208	19
CP012026	1109209	18
CP012026	1109210	18
CP012026	1109211	17
CP012026	1109212	17
CP012026	1109213	17
CP012026	1109214	16
CP012026	1109215	16
CP012026	1109216	16
CP012026	1109217	16
CP012026	1109218	16
CP012026	1109219	16
CP012026	1109220	16
CP012026	1109221	16
CP012026	1109222	16
CP012026	1109223	16
CP012026	1109224	18
CP012026	1109225	18
CP012026	1109226	17
CP012026	1109227	18
CP012026	1109228	18
CP012026	1109229	17
CP012026	1109230	17
CP012026	1109231	16
CP012026	1109232	16
CP012026	1109233	15
CP012026	1109234	15
CP012026	1109235	15
CP012026	1109236	15
CP012026	1109237	15
CP012026	1109238	15
CP012026	1109239	15
CP012026	1109240	15
CP012026	1109241	15
CP012026	1109242	15
CP012026	1109243	15
CP012026	1109244	14
CP012026	1109245	15
CP012026	1109246	15
CP012026	1109247	15
CP012026	1109248	15
CP012026	1109249	15
CP012026	1109250	15
CP012026	1109251	15
CP012026	1109252	15
CP012026	1109253	15
CP012026	1109254	15
CP012026	1109255	15
CP012026	1109256	15
CP012026	1109257	15
CP012026	1109258	15
CP012026	1109259	15
CP012026	1109260	15
CP012026	1109261	15
CP012026	1109262	15
CP012026	1109263	15
CP012026	1109264	14
CP012026	1109265	14
CP012026	1109266	13
CP012026	1109267	13
CP012026	1109268	13
CP012026	1109269	13
CP012026	1109270	14
CP012026	1109271	14
CP012026	1109272	14
CP012026	1109273	15
CP012026	1109274	15
CP012026	1109275	15
CP012026	1109276	15
CP012026	1109277	14
CP012026	1109278	14
CP012026	1109279	12
CP012026	1109280	13
CP012026	1109281	13
CP012026	1109282	13
CP012026	1109283	13
CP012026	1109284	13
CP012026	1109285	13
CP012026	1109286	13
CP012026	1109287	13
CP012026	1109288	13
CP012026	1109289	13
CP012026	1109290	13
CP012026	1109291	13
CP012026	1109292	14
CP012026	1109293	14
CP012026	1109294	13
CP012026	1109295	13
CP012026	1109296	13
CP012026	1109297	13
CP012026	1109298	13
CP012026	1109299	13
CP012026	1109300	13
CP012026	1109301	13
CP012026	1109302	13
CP012026	1109303	13
CP012026	1109304	13
CP012026	1109305	13
CP012026	1109306	13
CP012026	1109307	13
CP012026	1109308	13
CP012026	1109309	14
CP012026	1109310	14
CP012026	1109311	14
CP012026	1109312	14
CP012026	1109313	15
CP012026	1109314	15
CP012026	1109315	15
CP012026	1109316	16
CP012026	1109317	16
CP012026	1109318	16
CP012026	1109319	16
CP012026	1109320	16
CP012026	1109321	16
CP012026	1109322	16
CP012026	1109323	16
CP012026	1109324	16
CP012026	1109325	16
CP012026	1109326	16
CP012026	1109327	16
CP012026	1109328	16
CP012026	1109329	16
CP012026	1109330	16
CP012026	1109331	16
CP012026	1109332	16
CP012026	1109333	16
CP012026	1109334	14
CP012026	1109335	14
CP012026	1109336	14
CP012026	1109337	14
CP012026	1109338	14
CP012026	1109339	14
CP012026	1109340	14
CP012026	1109341	14
CP012026	1109342	14
CP012026	1109343	14
CP012026	1109344	14
CP012026	1109345	14
CP012026	1109346	14
CP012026	1109347	14
CP012026	1109348	14
CP012026	1109349	14
CP012026	1109350	15
CP012026	1109351	15
CP012026	1109352	15
CP012026	1109353	15
CP012026	1109354	16
CP012026	1109355	18
CP012026	1109356	18
CP012026	1109357	18
CP012026	1109358	18
CP012026	1109359	18
CP012026	1109360	18
CP012026	1109361	18
CP012026	1109362	18
CP012026	1109363	18
CP012026	1109364	18
CP012026	1109365	20
CP012026	1109366	20
CP012026	1109367	20
CP012026	1109368	20
CP012026	1109369	24
CP012026	1109370	24
CP012026	1109371	24
CP012026	1109372	24
CP012026	1109373	24
CP012026	1109374	24
CP012026	1109375	24
CP012026	1109376	24
CP012026	1109377	24
CP012026	1109378	25
CP012026	1109379	25
CP012026	1109380	25
CP012026	1109381	25
CP012026	1109382	25
CP012026	1109383	25
CP012026	1109384	25
CP012026	1109385	25
CP012026	1109386	25
CP012026	1109387	25
CP012026	1109388	25
CP012026	1109389	26
CP012026	1109390	26
CP012026	1109391	26
CP012026	1109392	26
CP012026	1109393	26
CP012026	1109394	27
CP012026	1109395	27
CP012026	1109396	27
CP012026	1109397	27
CP012026	1109398	27
CP012026	1109399	28
CP012026	1109400	30
CP012026	1110651	22
CP012026	1110652	22
CP012026	1110653	22
CP012026	1110654	22
CP012026	1110655	22
CP012026	1110656	22
CP012026	1110657	22
CP012026	1110658	22
CP012026	1110659	23
CP012026	1110660	22
CP012026	1110661	22
CP012026	1110662	22
CP012026	1110663	22
CP012026	1110664	21
CP012026	1110665	23
CP012026	1110666	23
CP012026	1110667	23
CP012026	1110668	23
CP012026	1110669	25
CP012026	1110670	25
CP012026	1110671	25
CP012026	1110672	25
CP012026	1110673	25
CP012026	1110674	25
CP012026	1110675	25
CP012026	1110676	25
CP012026	1110677	27
CP012026	1110678	27
CP012026	1110679	29
CP012026	1110680	30
CP012026	1110681	30
CP012026	1110682	30
CP012026	1110683	30
CP012026	1110684	30
CP012026	1110685	30
CP012026	1110686	30
CP012026	1110687	30
CP012026	1110688	30
CP012026	1110689	30
CP012026	1110690	30
CP012026	1110691	30
CP012026	1110692	30
CP012026	1110693	32
CP012026	1110694	32
CP012026	1110695	32
CP012026	1110696	32
CP012026	1110697	32
CP012026	1110698	32
CP012026	1110699	32
CP012026	1110700	32
CP012026	1110701	32
CP012026	1110702	32
CP012026	1110703	32
CP012026	1110704	34
CP012026	1110705	34
CP012026	1110706	34
CP012026	1110707	32
CP012026	1110708	32
CP012026	1110709	32
CP012026	1110710	32
CP012026	1110711	32
CP012026	1110712	32
CP012026	1110713	32
CP012026	1110714	32
CP012026	1110715	32
CP012026	1110716	31
CP012026	1110717	31
CP012026	1110718	31
CP012026	1110719	31
CP012026	1110720	31
CP012026	1110721	31
CP012026	1110722	33
CP012026	1110723	33
CP012026	1110724	33
CP012026	1110725	33
CP012026	1110726	32
CP012026	1110727	32
CP012026	1110728	32
CP012026	1110729	32
CP012026	1110730	32
CP012026	1110731	32
CP012026	1110732	33
CP012026	1110733	35
CP012026	1110734	35
CP012026	1110735	35
CP012026	1110736	35
CP012026	1110737	37
CP012026	1110738	37
CP012026	1110739	37
CP012026	1110740	37
CP012026	1110741	36
CP012026	1110742	36
CP012026	1110743	37
CP012026	1110744	36
CP012026	1110745	37
CP012026	1110746	37
CP012026	1110747	37
CP012026	1110748	37
CP012026	1110749	35
CP012026	1110750	35
CP012026	1110751	35
CP012026	1110752	35
CP012026	1110753	35
CP012026	1110754	35
CP012026	1110755	35
CP012026	1110756	35
CP012026	1110757	35
CP012026	1110758	35
CP012026	1110759	35
CP012026	1110760	35
CP012026	1110761	35
CP012026	1110762	35
CP012026	1110763	35
CP012026	1110764	35
CP012026	1110765	35
CP012026	1110766	36
CP012026	1110767	36
CP012026	1110768	36
CP012026	1110769	37
CP012026	1110770	35
CP012026	1110771	35
CP012026	1110772	35
CP012026	1110773	34
CP012026	1110774	34
CP012026	1110775	34
CP012026	1110776	34
CP012026	1110777	32
CP012026	1110778	29
CP012026	1110779	29
CP012026	1110780	29
CP012026	1110781	29
CP012026	1110782	29
CP012026	1110783	29
CP012026	1110784	29
CP012026	1110785	29
CP012026	1110786	29
CP012026	1110787	29
CP012026	1110788	30
CP012026	1110789	30
CP012026	1110790	30
CP012026	1110791	30
CP012026	1110792	30
CP012026	1110793	30
CP012026	1110794	30
CP012026	1110795	30
CP012026	1110796	30
CP012026	1110797	30
CP012026	1110798	30
CP012026	1110799	30
CP012026	1110800	31
CP012026	1110801	31
CP012026	1110802	31
CP012026	1110803	31
CP012026	1110804	31
CP012026	1110805	31
CP012026	1110806	31
CP012026	1110807	31
CP012026	1110808	29
CP012026	1110809	27
CP012026	1110810	27
CP012026	1110811	27
CP012026	1110812	27
CP012026	1110813	27
CP012026	1110814	27
CP012026	1110815	27
CP012026	1110816	27
CP012026	1110817	27
CP012026	1110818	27
CP012026	1110819	31
CP012026	1110820	31
CP012026	1110821	31
CP012026	1110822	32
CP012026	1110823	34
CP012026	1110824	36
CP012026	1110825	36
CP012026	1110826	36
CP012026	1110827	36
CP012026	1110828	36
CP012026	1110829	35
CP012026	1110830	35
CP012026	1110831	35
CP012026	1110832	33
CP012026	1110833	33
CP012026	1110834	33
CP012026	1110835	32
CP012026	1110836	32
CP012026	1110837	33
CP012026	1110838	33
CP012026	1110839	33
CP012026	1110840	33
CP012026	1110841	37
CP012026	1110842	37
CP012026	1110843	37
CP012026	1110844	37
CP012026	1110845	37
CP012026	1110846	37
CP012026	1110847	37
CP012026	1110848	37
CP012026	1110849	39
CP012026	1110850	39
CP012026	1110851	39
CP012026	1110852	39
CP012026	1110853	39
CP012026	1110854	39
CP012026	1110855	39
CP012026	1110856	39
CP012026	1110857	39
CP012026	1110858	39
CP012026	1110859	39
CP012026	1110860	39
CP012026	1110861	40
CP012026	1110862	40
CP012026	1110863	41
CP012026	1110864	39
CP012026	1110865	40
CP012026	1110866	40
CP012026	1110867	40
CP012026	1110868	40
CP012026	1110869	40
CP012026	1110870	40
CP012026	1110871	40
CP012026	1110872	40
CP012026	1110873	40
CP012026	1110874	40
CP012026	1110875	40
CP012026	1110876	40
CP012026	1110877	40
CP012026	1110878	41
CP012026	1110879	41
CP012026	1110880	40
CP012026	1110881	40
CP012026	1110882	40
CP012026	1110883	40
CP012026	1110884	40
CP012026	1110885	40
CP012026	1110886	40
CP012026	1110887	40
CP012026	1110888	40
CP012026	1110889	40
CP012026	1110890	40
CP012026	1110891	40
CP012026	1110892	40
CP012026	1110893	40
CP012026	1110894	41
CP012026	1110895	43
CP012026	1110896	43
CP012026	1110897	43
CP012026	1110898	43
CP012026	1110899	43
CP012026	1110900	43
CP012026	1110901	43
CP012026	1110902	43
CP012026	1110903	43
CP012026	1110904	41
CP012026	1110905	41
CP012026	1110906	41
CP012026	1110907	41
CP012026	1110908	41
CP012026	1110909	41
CP012026	1110910	41
CP012026	1110911	41
CP012026	1110912	41
CP012026	1110913	41
CP012026	1110914	42
CP012026	1110915	42
CP012026	1110916	44
CP012026	1110917	46
CP012026	1110918	47
CP012026	1110919	47
CP012026	1110920	47
CP012026	1110921	47
CP012026	1110922	47
CP012026	1110923	47
CP012026	1110924	47
CP012026	1110925	47
CP012026	1110926	47
CP012026	1110927	47
CP012026	1110928	45
CP012026	1110929	45
CP012026	1110930	45
CP012026	1110931	44
CP012026	1110932	44
CP012026	1110933	44
CP012026	1110934	45
CP012026	1110935	45
CP012026	1110936	45
CP012026	1110937	47
CP012026	1110938	47
CP012026	1110939	47
CP012026	1110940	47
CP012026	1110941	47
CP012026	1110942	47
CP012026	1110943	47
CP012026	1110944	47
CP012026	1110945	47
CP012026	1110946	47
CP012026	1110947	47
CP012026	1110948	47
CP012026	1110949	47
CP012026	1110950	43
CP012026	1110951	43
CP012026	1110952	43
CP012026	1110953	43
CP012026	1110954	43
CP012026	1110955	43
CP012026	1110956	43
CP012026	1110957	43
CP012026	1110958	43
CP012026	1110959	43
CP012026	1110960	43
CP012026	1110961	43
CP012026	1110962	43
CP012026	1110963	45
CP012026	1110964	47
CP012026	1110965	47
CP012026	1110966	47
CP012026	1110967	47
CP012026	1110968	47
CP012026	1110969	47
CP012026	1110970	47
CP012026	1110971	47
CP012026	1110972	47
CP012026	1110973	47
CP012026	1110974	47
CP012026	1110975	45
CP012026	1110976	45
CP012026	1110977	45
CP012026	1110978	45
CP012026	1110979	45
CP012026	1110980	45
CP012026	1110981	46
CP012026	1110982	44
CP012026	1110983	43
CP012026	1110984	45
CP012026	1110985	45
CP012026	1110986	45
CP012026	1110987	45
CP012026	1110988	45
CP012026	1110989	45
CP012026	1110990	46
CP012026	1110991	46
CP012026	1110992	46
CP012026	1110993	46
CP012026	1110994	43
CP012026	1110995	42
CP012026	1110996	42
CP012026	1110997	42
CP012026	1110998	42
CP012026	1110999	42
CP012026	1111000	42
CP012026	1111001	42
CP012026	1111002	42
CP012026	1111003	42
CP012026	1111004	42
CP012026	1111005	42
CP012026	1111006	42
CP012026	1111007	42
CP012026	1111008	42
CP012026	1111009	42
CP012026	1111010	42
CP012026	1111011	42
CP012026	1111012	42
CP012026	1111013	42
CP012026	1111014	42
CP012026	1111015	42
CP012026	1111016	41
CP012026	1111017	41
CP012026	1111018	41
CP012026	1111019	40
CP012026	1111020	40
CP012026	1111021	40
CP012026	1111022	40
CP012026	1111023	40
CP012026	1111024	42
CP012026	1111025	42
CP012026	1111026	42
CP012026	1111027	42
CP012026	1111028	42
CP012026	1111029	42
CP012026	1111030	42
CP012026	1111031	42
CP012026	1111032	42
CP012026	1111033	42
CP012026	1111034	42
CP012026	1111035	42
CP012026	1111036	42
CP012026	1111037	42
CP012026	1111038	42
CP012026	1111039	44
CP012026	1111040	44
CP012026	1111041	44
CP012026	1111042	44
CP012026	1111043	44
CP012026	1111044	44
CP012026	1111045	44
CP012026	1111046	44
CP012026	1111047	44
CP012026	1111048	42
CP012026	1111049	42
CP012026	1111050	37
CP012026	1111051	37
CP012026	1111052	37
CP012026	1111053	37
CP012026	1111054	37
CP012026	1111055	37
CP012026	1111056	37
CP012026	1111057	37
CP012026	1111058	37
CP012026	1111059	37
CP012026	1111060	35
CP012026	1111061	35
CP012026	1111062	35
CP012026	1111063	35
CP012026	1111064	35
CP012026	1111065	35
CP012026	1111066	35
CP012026	1111067	35
CP012026	1111068	33
CP012026	1111069	33
CP012026	1111070	31
CP012026	1111071	31
CP012026	1111072	31
CP012026	1111073	30
CP012026	1111074	30
CP012026	1111075	30
CP012026	1111076	30
CP012026	1111077	28
CP012026	1111078	28
CP012026	1111079	28
CP012026	1111080	28
CP012026	1111081	28
CP012026	1111082	28
CP012026	1111083	31
CP012026	1111084	31
CP012026	1111085	31
CP012026	1111086	31
CP012026	1111087	30
CP012026	1111088	30
CP012026	1111089	31
CP012026	1111090	31
CP012026	1111091	31
CP012026	1111092	31
CP012026	1111093	31
CP012026	1111094	31
CP012026	1111095	31
CP012026	1111096	31
CP012026	1111097	31
CP012026	1111098	31
CP012026	1111099	31
CP012026	1111100	31
CP012026	1111101	31
CP012026	1111102	31
CP012026	1111103	31
CP012026	1111104	31
CP012026	1111105	31
CP012026	1111106	31
CP012026	1111107	31
CP012026	1111108	31
CP012026	1111109	31
CP012026	1111110	31
CP012026	1111111	31
CP012026	1111112	30
CP012026	1111113	29
CP012026	1111114	28
CP012026	1111115	28
CP012026	1111116	28
CP012026	1111117	28
CP012026	1111118	28
CP012026	1111119	28
CP012026	1111120	30
CP012026	1111121	30
CP012026	1111122	30
CP012026	1111123	30
CP012026	1111124	30
CP012026	1111125	30
CP012026	1111126	30
CP012026	1111127	30
CP012026	1111128	30
CP012026	1111129	29
CP012026	1111130	29
CP012026	1111131	29
CP012026	1111132	29
CP012026	1111133	29
CP012026	1111134	29
CP012026	1111135	29
CP012026	1111136	29
CP012026	1111137	29
CP012026	1111138	29
CP012026	1111139	29
CP012026	1111140	27
CP012026	1111141	27
CP012026	1111142	27
CP012026	1111143	27
CP012026	1111144	25
CP012026	1111145	24
CP012026	1111146	24
CP012026	1111147	24
CP012026	1111148	25
CP012026	1111149	25
CP012026	1111150	25
CP012026	1111151	25
CP012026	1111152	25
CP012026	1111153	25
CP012026	1111154	25
CP012026	1111155	23
CP012026	1111156	23
CP012026	1111157	23
CP012026	1111158	23
CP012026	1111159	24
CP012026	1111160	24
CP012026	1111161	24
CP012026	1111162	24
CP012026	1111163	24
CP012026	1111164	23
CP012026	1111165	23
CP012026	1111166	24
CP012026	1111167	24
CP012026	1111168	22
CP012026	1111169	21
CP012026	1111170	21
CP012026	1111171	19
CP012026	1111172	19
CP012026	1111173	19
CP012026	1111174	19
CP012026	1111175	19
CP012026	1111176	17
CP012026	1111177	17
CP012026	1111178	17
CP012026	1111179	17
CP012026	1111180	17
CP012026	1111181	17
CP012026	1111182	17
CP012026	1111183	17
CP012026	1111184	19
CP012026	1111185	18
CP012026	1111186	18
CP012026	1111187	18
CP012026	1111188	16
CP012026	1111189	16
CP012026	1111190	16
CP012026	1111191	16
CP012026	1111192	16
CP012026	1111193	16
CP012026	1111194	16
CP012026	1111195	17
CP012026	1111196	17
CP012026	1111197	17
CP012026	1111198	17
CP012026	1111199	17
CP012026	1111200	18
CP012026	1111201	18
CP012026	1111202	20
CP012026	1111203	20
CP012026	1111204	20
CP012026	1111205	20
CP012026	1111206	20
CP012026	1111207	20
CP012026	1111208	20
CP012026	1111209	20
CP012026	1111210	20
CP012026	1111211	20
CP012026	1111212	20
CP012026	1111213	20
CP012026	1111214	18
CP012026	1111215	18
CP012026	1111216	19
CP012026	1111217	19
CP012026	1111218	19
CP012026	1111219	21
CP012026	1111220	21
CP012026	1111221	21
CP012026	1111222	21
CP012026	1111223	21
CP012026	1111224	21
CP012026	1111225	21
CP012026	1111226	21
CP012026	1111227	21
CP012026	1111228	21
CP012026	1111229	21
CP012026	1111230	21
CP012026	1111231	20
CP012026	1111232	20
CP012026	1111233	18
CP012026	1111234	18
CP012026	1111235	18
CP012026	1111236	18
CP012026	1111237	18
CP012026	1111238	18
CP012026	1111239	18
CP012026	1111240	17
CP012026	1111241	17
CP012026	1111242	18
CP012026	1111243	18
CP012026	1111244	18
CP012026	1111245	18
CP012026	1111246	18
CP012026	1111247	18
CP012026	1111248	19
CP012026	1111249	19
CP012026	1111250	19
CP012026	1111251	19
CP012026	1111252	19
CP012026	1111253	20
CP012026	1111254	20
CP012026	1111255	20
CP012026	1111256	20
CP012026	1111257	21
CP012026	1111258	21
CP012026	1111259	21
CP012026	1111260	21
CP012026	1111261	21
CP012026	1111262	21
CP012026	1111263	21
CP012026	1111264	21
CP012026	1111265	21
CP012026	1111266	21
CP012026	1111267	21
CP012026	1111268	21
CP012026	1111269	21
CP012026	1111270	21
CP012026	1111271	21
CP012026	1111272	21
CP012026	1111273	21
CP012026	1111274	21
CP012026	1111275	21
CP012026	1111276	21
CP012026	1111277	21
CP012026	1111278	21
CP012026	1111279	21
CP012026	1111280	21
CP012026	1111281	21
CP012026	1111282	19
CP012026	1111283	19
CP012026	1111284	19
CP012026	1111285	22
CP012026	1111286	22
CP012026	1111287	22
CP012026	1111288	22
CP012026	1111289	22
CP012026	1111290	21
CP012026	1111291	21
CP012026	1111292	21
CP012026	1111293	21
CP012026	1111294	21
CP012026	1111295	21
CP012026	1111296	21
CP012026	1111297	21
CP012026	1111298	21
CP012026	1111299	21
CP012026	1111300	21
CP012026	1111301	22
CP012026	1111302	21
CP012026	1111303	21
CP012026	1111304	21
CP012026	1111305	22
CP012026	1111306	22
CP012026	1111307	22
CP012026	1111308	22
CP012026	1111309	22
CP012026	1111310	22
CP012026	1111311	22
CP012026	1111312	22
CP012026	1111313	22
CP012026	1111314	22
CP012026	1111315	22
CP012026	1111316	22
CP012026	1111317	22
CP012026	1111318	22
CP012026	1111319	22
CP012026	1111320	22
CP012026	1111321	22
CP012026	1111322	22
CP012026	1111323	22
CP012026	1111324	22
CP012026	1111325	22
CP012026	1111326	22
CP012026	1111327	22
CP012026	1111328	22
CP012026	1111329	22
CP012026	1111330	22
CP012026	1111331	22
CP012026	1111332	22
CP012026	1111333	22
CP012026	1111334	21
CP012026	1111335	21
CP012026	1111336	21
CP012026	1111337	22
CP012026	1111338	22
CP012026	1111339	22
CP012026	1111340	21
CP012026	1111341	21
CP012026	1111342	22
CP012026	1111343	22
CP012026	1111344	22
CP012026	1111345	22
CP012026	1111346	22
CP012026	1111347	22
CP012026	1111348	22
CP012026	1111349	22
CP012026	1111350	22
CP012026	1111351	22
CP012026	1111352	22
CP012026	1111353	24
CP012026	1111354	25
CP012026	1111355	25
CP012026	1111356	25
CP012026	1111357	25
CP012026	1111358	25
CP012026	1111359	25
CP012026	1111360	26
CP012026	1111361	26
CP012026	1111362	26
CP012026	1111363	26
CP012026	1111364	26
CP012026	1111365	26
CP012026	1111366	26
CP012026	1111367	26
CP012026	1111368	26
CP012026	1111369	26
CP012026	1111370	26
CP012026	1111371	28
CP012026	1111372	28
CP012026	1111373	29
CP012026	1111374	29
CP012026	1111375	29
CP012026	1111376	31
CP012026	1111377	31
CP012026	1111378	31
CP012026	1111379	31
CP012026	1111380	31
CP012026	1111381	31
CP012026	1111382	31
CP012026	1111383	31
CP012026	1111384	33
CP012026	1111385	33
CP012026	1111386	33
CP012026	1111387	33
CP012026	1111388	33
CP012026	1111389	33
CP012026	1111390	33
CP012026	1111391	33
CP012026	1111392	33
CP012026	1111393	33
CP012026	1111394	33
CP012026	1111395	33
CP012026	1111396	31
CP012026	1111397	31
CP012026	1111398	31
CP012026	1111399	30
CP012026	1111400	30
CP012026	1111401	30
CP012026	1111402	30
CP012026	1111403	30
CP012026	1111404	30
CP012026	1111405	31
CP012026	1111406	31
CP012026	1111407	31
CP012026	1111408	31
CP012026	1111409	31
CP012026	1111410	30
CP012026	1111411	30
CP012026	1111412	30
CP012026	1111413	30
CP012026	1111414	30
CP012026	1111415	30
CP012026	1111416	30
CP012026	1111417	29
CP012026	1111418	29
CP012026	1111419	29
CP012026	1111420	29
CP012026	1111421	29
CP012026	1111422	29
CP012026	1111423	29
CP012026	1111424	29
CP012026	1111425	29
CP012026	1111426	29
CP012026	1111427	29
CP012026	1111428	29
CP012026	1111429	29
CP012026	1111430	29
CP012026	1111431	29
CP012026	1111432	29
CP012026	1111433	29
CP012026	1111434	29
CP012026	1111435	29
CP012026	1111436	31
CP012026	1111437	31
CP012026	1111438	31
CP012026	1111439	31
CP012026	1111440	31
CP012026	1111441	31
CP012026	1111442	31
CP012026	1111443	31
CP012026	1111444	31
CP012026	1111445	31
CP012026	1111446	30
CP012026	1111447	30
CP012026	1111448	30
CP012026	1111449	30
CP012026	1111450	30
CP012026	1111451	29
CP012026	1111452	29
CP012026	1111453	30
CP012026	1111454	30
CP012026	1111455	30
CP012026	1111456	30
CP012026	1111457	28
CP012026	1111458	29
CP012026	1111459	29
CP012026	1111460	29
CP012026	1111461	29
CP012026	1111462	29
CP012026	1111463	29
CP012026	1111464	29
CP012026	1111465	29
CP012026	1111466	29
CP012026	1111467	28
CP012026	1111468	28
CP012026	1111469	28
CP012026	1111470	28
CP012026	1111471	28
CP012026	1111472	28
CP012026	1111473	28
CP012026	1111474	28
CP012026	1111475	28
CP012026	1111476	28
CP012026	1111477	28
CP012026	1111478	28
CP012026	1111479	28
CP012026	1111480	28
CP012026	1111481	28
CP012026	1111482	28
CP012026	1111483	28
CP012026	1111484	30
CP012026	1111485	30
CP012026	1111486	31
CP012026	1111487	31
CP012026	1111488	31
CP012026	1111489	32
CP012026	1111490	32
CP012026	1111491	32
CP012026	1111492	32
CP012026	1111493	30
CP012026	1111494	32
CP012026	1111495	32
CP012026	1111496	33
CP012026	1111497	33
CP012026	1111498	32
CP012026	1111499	32
CP012026	1111500	35
CP012026	1111501	37
CP012026	1111502	37
CP012026	1111503	37
CP012026	1111504	36
CP012026	1111505	36
CP012026	1111506	36
CP012026	1111507	36
CP012026	1111508	36
CP012026	1111509	36
CP012026	1111510	36
CP012026	1111511	36
CP012026	1111512	36
CP012026	1111513	36
CP012026	1111514	36
CP012026	1111515	36
CP012026	1111516	38
CP012026	1111517	38
CP012026	1111518	38
CP012026	1111519	38
CP012026	1111520	38
CP012026	1111521	38
CP012026	1111522	39
CP012026	1111523	39
CP012026	1111524	39
CP012026	1111525	39
CP012026	1111526	39
CP012026	1111527	39
CP012026	1111528	39
CP012026	1111529	39
CP012026	1111530	39
CP012026	1111531	39
CP012026	1111532	39
CP012026	1111533	39
CP012026	1191001	28
CP012026	1191002	28
CP012026	1191003	28
CP012026	1191004	28
CP012026	1191005	28
CP012026	1191006	26
CP012026	1191007	26
CP012026	1191008	26
CP012026	1191009	26
CP012026	1191010	26
CP012026	1191011	26
CP012026	1191012	26
CP012026	1191013	26
CP012026	1191014	26
CP012026	1191015	27
CP012026	1191016	27
CP012026	1191017	28
CP012026	1191018	28
CP012026	1191019	28
CP012026	1191020	28
CP012026	1191021	28
CP012026	1191022	28
CP012026	1191023	29
CP012026	1191024	29
CP012026	1191025	29
CP012026	1191026	29
CP012026	1191027	29
CP012026	1191028	29
CP012026	1191029	26
CP012026	1191030	26
CP012026	1191031	26
CP012026	1191032	26
CP012026	1191033	25
CP012026	1191034	25
CP012026	1191035	25
CP012026	1191036	25
CP012026	1191037	27
CP012026	1191038	27
CP012026	1191039	28
CP012026	1191040	28
CP012026	1191041	28
CP012026	1191042	28
CP012026	1191043	28
CP012026	1191044	28
CP012026	1191045	28
CP012026	1191046	27
CP012026	1191047	27
CP012026	1191048	27
CP012026	1191049	27
CP012026	1191050	27
CP012026	1191051	27
CP012026	1191052	25
CP012026	1191053	25
CP012026	1191054	25
CP012026	1191055	25
CP012026	1191056	25
CP012026	1191057	25
CP012026	1191058	25
CP012026	1191059	25
CP012026	1191060	25
CP012026	1191061	25
CP012026	1191062	25
CP012026	1191063	27
CP012026	1191064	27
CP012026	1191065	27
CP012026	1191066	27
CP012026	1191067	27
CP012026	1191068	27
CP012026	1191069	27
CP012026	1191070	27
CP012026	1191071	27
CP012026	1191072	25
CP012026	1191073	25
CP012026	1191074	25
CP012026	1191075	25
CP012026	1191076	25
CP012026	1191077	30
CP012026	1191078	31
CP012026	1191079	32
CP012026	1191080	32
CP012026	1191081	31
CP012026	1191082	31
CP012026	1191083	33
CP012026	1191084	33
CP012026	1191085	33
CP012026	1191086	33
CP012026	1191087	33
CP012026	1191088	33
CP012026	1191089	33
CP012026	1191090	33
CP012026	1191091	33
CP012026	1191092	35
CP012026	1191093	35
CP012026	1191094	35
CP012026	1191095	35
CP012026	1191096	35
CP012026	1191097	35
CP012026	1191098	35
CP012026	1191099	33
CP012026	1191100	33
CP012026	1191101	33
CP012026	1191102	33
CP012026	1191103	33
CP012026	1191104	33
CP012026	1191105	33
CP012026	1191106	32
CP012026	1191107	32
CP012026	1191108	32
CP012026	1191109	32
CP012026	1191110	34
CP012026	1191111	34
CP012026	1191112	34
CP012026	1191113	36
CP012026	1191114	37
CP012026	1191115	37
CP012026	1191116	37
CP012026	1191117	37
CP012026	1191118	37
CP012026	1191119	37
CP012026	1191120	39
CP012026	1191121	39
CP012026	1191122	38
CP012026	1191123	38
CP012026	1191124	38
CP012026	1191125	38
CP012026	1191126	43
CP012026	1191127	43
CP012026	1191128	45
CP012026	1191129	45
CP012026	1191130	45
CP012026	1191131	45
CP012026	1191132	45
CP012026	1191133	45
CP012026	1191134	45
CP012026	1191135	40
CP012026	1191136	42
CP012026	1191137	42
CP012026	1191138	42
CP012026	1191139	42
CP012026	1191140	42
CP012026	1191141	42
CP012026	1191142	42
CP012026	1191143	42
CP012026	1191144	42
CP012026	1191145	40
CP012026	1191146	40
CP012026	1191147	40
CP012026	1191148	40
CP012026	1191149	40
CP012026	1191150	40
CP012026	1191151	40
CP012026	1191152	40
CP012026	1191153	40
CP012026	1191154	40
CP012026	1191155	40
CP012026	1191156	40
CP012026	1191157	40
CP012026	1191158	40
CP012026	1191159	40
CP012026	1191160	40
CP012026	1191161	40
CP012026	1191162	40
CP012026	1191163	40
CP012026	1191164	40
CP012026	1191165	40
CP012026	1191166	40
CP012026	1191167	40
CP012026	1191168	40
CP012026	1191169	40
CP012026	1191170	40
CP012026	1191171	40
CP012026	1191172	40
CP012026	1191173	40
CP012026	1191174	40
CP012026	1191175	42
CP012026	1191176	42
CP012026	1191177	42
CP012026	1191178	42
CP012026	1191179	42
CP012026	1191180	42
CP012026	1191181	42
CP012026	1191182	44
CP012026	1191183	44
CP012026	1191184	43
CP012026	1191185	43
CP012026	1191186	43
CP012026	1191187	43
CP012026	1191188	43
CP012026	1191189	43
CP012026	1191190	43
CP012026	1191191	43
CP012026	1191192	43
CP012026	1191193	43
CP012026	1191194	43
CP012026	1191195	43
CP012026	1191196	43
CP012026	1191197	43
CP012026	1191198	43
CP012026	1191199	41
CP012026	1191200	41
CP012026	1191201	41
CP012026	1191202	41
CP012026	1191203	41
CP012026	1191204	41
CP012026	1191205	43
CP012026	1191206	43
CP012026	1191207	43
CP012026	1191208	43
CP012026	1191209	43
CP012026	1191210	43
CP012026	1191211	43
CP012026	1191212	43
CP012026	1191213	43
CP012026	1191214	43
CP012026	1191215	43
CP012026	1191216	43
CP012026	1191217	44
CP012026	1191218	44
CP012026	1191219	44
CP012026	1191220	44
CP012026	1191221	44
CP012026	1191222	44
CP012026	1191223	44
CP012026	1191224	44
CP012026	1191225	48
CP012026	1191226	48
CP012026	1191227	48
CP012026	1191228	48
CP012026	1191229	49
CP012026	1191230	50
CP012026	1191231	50
CP012026	1191232	51
CP012026	1191233	51
CP012026	1191234	51
CP012026	1191235	51
CP012026	1191236	51
CP012026	1191237	50
CP012026	1191238	51
CP012026	1191239	51
CP012026	1191240	52
CP012026	1191241	53
CP012026	1191242	53
CP012026	1191243	53
CP012026	1191244	53
CP012026	1191245	53
CP012026	1191246	53
CP012026	1191247	52
CP012026	1191248	52
CP012026	1191249	52
CP012026	1191250	52
CP012026	1191251	52
CP012026	1191252	54
CP012026	1191253	54
CP012026	1191254	55
CP012026	1191255	56
CP012026	1191256	56
CP012026	1191257	56
CP012026	1191258	56
CP012026	1191259	56
CP012026	1191260	56
CP012026	1191261	56
CP012026	1191262	56
CP012026	1191263	56
CP012026	1191264	57
CP012026	1191265	57
CP012026	1191266	56
CP012026	1191267	55
CP012026	1191268	55
CP012026	1191269	45
CP012026	1191270	45
CP012026	1191271	45
CP012026	1191272	45
CP012026	1191273	45
CP012026	1191274	44
CP012026	1191275	44
CP012026	1191276	44
CP012026	1191277	44
CP012026	1191278	44
CP012026	1191279	44
CP012026	1191280	44
CP012026	1191281	44
CP012026	1191282	44
CP012026	1191283	43
CP012026	1191284	43
CP012026	1191285	43
CP012026	1191286	43
CP012026	1191287	43
CP012026	1191288	43
CP012026	1191289	43
CP012026	1191290	42
CP012026	1191291	42
CP012026	1191292	42
CP012026	1191293	42
CP012026	1191294	42
CP012026	1191295	42
CP012026	1191296	42
CP012026	1191297	42
CP012026	1191298	42
CP012026	1191299	42
CP012026	1191300	42
CP012026	1191301	42
CP012026	1191302	42
CP012026	1191303	42
CP012026	1191304	42
CP012026	1191305	42
CP012026	1191306	42
CP012026	1191307	42
CP012026	1191308	42
CP012026	1191309	42
CP012026	1191310	42
CP012026	1191311	42
CP012026	1191312	42
CP012026	1191313	42
CP012026	1191314	42
CP012026	1191315	42
CP012026	1191316	42
CP012026	1191317	42
CP012026	1191318	38
CP012026	1191319	38
CP012026	1191320	38
CP012026	1191321	38
CP012026	1191322	38
CP012026	1191323	38
CP012026	1191324	38
CP012026	1191325	38
CP012026	1191326	39
CP012026	1191327	39
CP012026	1191328	44
CP012026	1191329	43
CP012026	1191330	40
CP012026	1191331	40
CP012026	1191332	40
CP012026	1191333	36
CP012026	1191334	36
CP012026	1191335	36
CP012026	1191336	36
CP012026	1191337	32
CP012026	1191338	32
CP012026	1191339	32
CP012026	1191340	32
CP012026	1191341	32
CP012026	1191342	32
CP012026	1191343	32
CP012026	1191344	32
CP012026	1191345	32
CP012026	1191346	32
CP012026	1191347	32
CP012026	1191348	32
CP012026	1191349	32
CP012026	1191350	32
CP012026	1191351	32
CP012026	1191352	32
CP012026	1191353	32
CP012026	1191354	32
CP012026	1191355	32
CP012026	1191356	32
CP012026	1191357	32
CP012026	1191358	32
CP012026	1191359	34
CP012026	1191360	32
CP012026	1191361	32
CP012026	1191362	32
CP012026	1191363	30
CP012026	1191364	34
CP012026	1191365	33
CP012026	1191366	33
CP012026	1191367	33
CP012026	1191368	33
CP012026	1191369	33
CP012026	1191370	33
CP012026	1191371	33
CP012026	1191372	33
CP012026	1191373	33
CP012026	1191374	34
CP012026	1191375	34
CP012026	1191376	33
CP012026	1191377	33
CP012026	1191378	33
CP012026	1191379	33
CP012026	1191380	33
CP012026	1191381	33
CP012026	1191382	33
CP012026	1191383	30
CP012026	1191384	30
CP012026	1191385	31
CP012026	1191386	31
CP012026	1191387	32
CP012026	1191388	33
CP012026	1191389	33
CP012026	1191390	33
CP012026	1191391	33
CP012026	1191392	33
CP012026	1191393	33
CP012026	1191394	34
CP012026	1191395	34
CP012026	1191396	34
CP012026	1191397	34
CP012026	1191398	34
CP012026	1191399	34
CP012026	1191400	34
CP012026	1191401	35
CP012026	1191402	33
CP012026	1191403	33
CP012026	1191404	33
CP012026	1191405	33
CP012026	1191406	33
CP012026	1191407	33
CP012026	1191408	33
CP012026	1191409	33
CP012026	1191410	33
CP012026	1191411	33
CP012026	1191412	33
CP012026	1191413	33
CP012026	1191414	35
CP012026	1191415	35
CP012026	1191416	35
CP012026	1191417	35
CP012026	1191418	35
CP012026	1191419	37
CP012026	1191420	37
CP012026	1191421	37
CP012026	1191422	37
CP012026	1191423	37
CP012026	1191424	37
CP012026	1191425	37
CP012026	1191426	37
CP012026	1191427	37
CP012026	1191428	37
CP012026	1191429	37
CP012026	1191430	37
CP012026	1191431	37
CP012026	1191432	37
CP012026	1191433	37
CP012026	1191434	37
CP012026	1191435	37
CP012026	1191436	37
CP012026	1191437	37
CP012026	1191438	37
CP012026	1191439	35
CP012026	1191440	35
CP012026	1191441	35
CP012026	1191442	35
CP012026	1191443	35
CP012026	1191444	35
CP012026	1191445	35
CP012026	1191446	35
CP012026	1191447	35
CP012026	1191448	35
CP012026	1191449	35
CP012026	1191450	35
CP012026	1191451	35
CP012026	1191452	35
CP012026	1191453	35
CP012026	1191454	35
CP012026	1191455	35
CP012026	1191456	35
CP012026	1191457	35
CP012026	1191458	36
CP012026	1191459	36
CP012026	1191460	36
CP012026	1191461	36
CP012026	1191462	36
CP012026	1191463	36
CP012026	1191464	36
CP012026	1191465	36
CP012026	1191466	35
CP012026	1191467	33
CP012026	1191468	33
CP012026	1191469	33
CP012026	1191470	33
CP012026	1191471	33
CP012026	1191472	31
CP012026	1191473	32
CP012026	1191474	32
CP012026	1191475	32
CP012026	1191476	32
CP012026	1191477	32
CP012026	1191478	32
CP012026	1191479	32
CP012026	1191480	30
CP012026	1191481	30
CP012026	1191482	29
CP012026	1191483	29
CP012026	1191484	29
CP012026	1191485	29
CP012026	1191486	29
CP012026	1191487	29
CP012026	1191488	30
CP012026	1191489	29
CP012026	1191490	29
CP012026	1191491	28
CP012026	1191492	25
CP012026	1191493	25
CP012026	1191494	25
CP012026	1191495	25
CP012026	1191496	26
CP012026	1191497	26
CP012026	1191498	26
CP012026	1191499	26
CP012026	1191500	26
CP012026	1191501	26
CP012026	1191502	26
CP012026	1191503	27
CP012026	1191504	27
CP012026	1191505	28
CP012026	1191506	28
CP012026	1191507	28
CP012026	1191508	28
CP012026	1191509	28
CP012026	1191510	28
CP012026	1191511	28
CP012026	1191512	28
CP012026	1191513	28
CP012026	1191514	28
CP012026	1191515	27
CP012026	1191516	27
CP012026	1191517	27
CP012026	1191518	27
CP012026	1191519	27
CP012026	1191520	27
CP012026	1191521	27
CP012026	1191522	27
CP012026	1191523	27
CP012026	1191524	27
CP012026	1191525	27
CP012026	1191526	27
CP012026	1191527	27
CP012026	1191528	27
CP012026	1191529	27
CP012026	1191530	27
CP012026	1191531	27
CP012026	1191532	27
CP012026	1191533	27
CP012026	1191534	26
CP012026	1191535	26
CP012026	1191536	26
CP012026	1191537	26
CP012026	1191538	26
CP012026	1191539	27
CP012026	1191540	27
CP012026	1191541	27
CP012026	1191542	27
CP012026	1191543	27
CP012026	1191544	27
CP012026	1191545	27
CP012026	1191546	27
CP012026	1191547	27
CP012026	1191548	27
CP012026	1191549	27
CP012026	1191550	27
CP012026	1191551	27
CP012026	1191552	27
CP012026	1191553	27
CP012026	1191554	27
CP012026	1191555	27
CP012026	1191556	27
CP012026	1191557	27
CP012026	1191558	27
CP012026	1191559	27
CP012026	1191560	27
CP012026	1191561	27
CP012026	1191562	27
CP012026	1191563	27
CP012026	1191564	27
CP012026	1191565	27
CP012026	1191566	27
CP012026	1191567	27
CP012026	1191568	27
CP012026	1191569	27
CP012026	1191570	27
CP012026	1191571	27
CP012026	1191572	27
CP012026	1191573	28
CP012026	1191574	28
CP012026	1191575	28
CP012026	1191576	29
CP012026	1191577	29
CP012026	1191578	29
CP012026	1191579	25
CP012026	1191580	25
CP012026	1191581	25
CP012026	1191582	25
CP012026	1191583	26
CP012026	1191584	26
CP012026	1191585	26
CP012026	1191586	26
CP012026	1191587	26
CP012026	1191588	28
CP012026	1191589	28
CP012026	1191590	28
CP012026	1191591	28
CP012026	1191592	28
CP012026	1191593	28
CP012026	1191594	28
CP012026	1191595	28
CP012026	1191596	28
CP012026	1191597	28
CP012026	1191598	28
CP012026	1191599	28
CP012026	1191600	28
CP012026	1191601	28
CP012026	1191602	28
CP012026	1191603	28
CP012026	1191604	28
CP012026	1191605	28
CP012026	1191606	29
CP012026	1191607	29
CP012026	1191608	29
CP012026	1191609	30
CP012026	1191610	24
CP012026	1191611	24
CP012026	1191612	24
CP012026	1191613	24
CP012026	1191614	24
CP012026	1191615	24
CP012026	1191616	24
CP012026	1191617	24
CP012026	1191618	24
CP012026	1191619	24
CP012026	1191620	24
CP012026	1191621	24
CP012026	1191622	24
CP012026	1191623	24
CP012026	1191624	24
CP012026	1191625	23
CP012026	1191626	25
CP012026	1191627	25
CP012026	1191628	25
CP012026	1191629	27
CP012026	1191630	27
CP012026	1191631	27
CP012026	1191632	27
CP012026	1191633	27
CP012026	1191634	26
CP012026	1191635	25
CP012026	1191636	25
CP012026	1191637	24
CP012026	1191638	24
CP012026	1191639	23
CP012026	1191640	23
CP012026	1191641	23
CP012026	1191642	22
CP012026	1191643	22
CP012026	1191644	22
CP012026	1191645	22
CP012026	1191646	22
CP012026	1191647	22
CP012026	1191648	24
CP012026	1191649	24
CP012026	1191650	24
CP012026	1191651	24
CP012026	1191652	23
CP012026	1191653	23
CP012026	1191654	23
CP012026	1191655	23
CP012026	1191656	23
CP012026	1191657	23
CP012026	1191658	23
CP012026	1191659	23
CP012026	1191660	23
CP012026	1191661	23
CP012026	1191662	23
CP012026	1191663	23
CP012026	1191664	23
CP012026	1191665	23
CP012026	1191666	23
CP012026	1191667	23
CP012026	1191668	23
CP012026	1191669	23
CP012026	1191670	23
CP012026	1191671	23
CP012026	1191672	23
CP012026	1191673	23
CP012026	1191674	23
CP012026	1191675	23
CP012026	1191676	23
CP012026	1191677	23
CP012026	1191678	23
CP012026	1191679	24
CP012026	1191680	24
CP012026	1191681	24
CP012026	1191682	24
CP012026	1191683	24
CP012026	1191684	29
CP012026	1191685	29
CP012026	1191686	29
CP012026	1191687	29
CP012026	1191688	29
CP012026	1191689	29
CP012026	1191690	29
CP012026	1191691	29
CP012026	1191692	30
CP012026	1191693	30
CP012026	1191694	30
CP012026	1191695	33
CP012026	1191696	33
CP012026	1191697	35
CP012026	1191698	36
CP012026	1191699	36
CP012026	1191700	36
CP012026	1191701	36
CP012026	1191702	36
CP012026	1191703	36
CP012026	1191704	36
CP012026	1191705	38
CP012026	1191706	36
CP012026	1191707	36
CP012026	1191708	35
CP012026	1191709	35
CP012026	1191710	35
CP012026	1191711	35
CP012026	1191712	36
CP012026	1191713	36
CP012026	1191714	36
CP012026	1191715	36
CP012026	1191716	36
CP012026	1191717	36
CP012026	1191718	36
CP012026	1191719	36
CP012026	1191720	36
CP012026	1191721	36
CP012026	1191722	36
CP012026	1191723	38
CP012026	1191724	37
CP012026	1191725	37
CP012026	1191726	38
CP012026	1191727	38
CP012026	1191728	38
CP012026	1191729	38
CP012026	1191730	38
CP012026	1191731	39
CP012026	1191732	39
CP012026	1191733	39
CP012026	1191734	39
CP012026	1191735	41
CP012026	1191736	42
CP012026	1191737	42
CP012026	1191738	41
CP012026	1191739	41
CP012026	1191740	41
CP012026	1191741	41
CP012026	1191742	41
CP012026	1191743	41
CP012026	1191744	41
CP012026	1191745	41
CP012026	1191746	41
CP012026	1191747	40
CP012026	1191748	42
CP012026	1191749	42
CP012026	1191750	42
CP012026	1191751	42
CP012026	1191752	42
CP012026	1191753	42
CP012026	1191754	41
CP012026	1191755	41
CP012026	1191756	40
CP012026	1191757	40
CP012026	1191758	40
CP012026	1191759	40
CP012026	1191760	41
CP012026	1191761	41
CP012026	1191762	41
CP012026	1191763	41
CP012026	1191764	41
CP012026	1191765	41
CP012026	1191766	41
CP012026	1191767	41
CP012026	1191768	41
CP012026	1191769	43
CP012026	1191770	43
CP012026	1191771	43
CP012026	1191772	43
CP012026	1191773	43
CP012026	1191774	43
CP012026	1191775	43
CP012026	1191776	44
CP012026	1191777	44
CP012026	1191778	44
CP012026	1191779	44
CP012026	1191780	44
CP012026	1191781	44
CP012026	1191782	44
CP012026	1191783	44
CP012026	1191784	44
CP012026	1191785	42
CP012026	1191786	42
CP012026	1191787	42
CP012026	1191788	42
CP012026	1191789	42
CP012026	1191790	41
CP012026	1191791	41
CP012026	1191792	41
CP012026	1191793	41
CP012026	1191794	41
CP012026	1191795	41
CP012026	1191796	41
CP012026	1191797	42
CP012026	1191798	42
CP012026	1191799	44
CP012026	1191800	44
CP012026	1191801	44
CP012026	1191802	44
CP012026	1191803	44
CP012026	1191804	44
CP012026	1191805	44
CP012026	1191806	44
CP012026	1191807	46
CP012026	1191808	46
CP012026	1191809	46
CP012026	1191810	46
CP012026	1191811	44
CP012026	1191812	44
CP012026	1191813	44
CP012026	1191814	44
CP012026	1191815	44
CP012026	1191816	44
CP012026	1191817	44
CP012026	1191818	44
CP012026	1191819	44
CP012026	1191820	46
CP012026	1191821	47
CP012026	1191822	47
CP012026	1191823	47
CP012026	1191824	46
CP012026	1191825	49
CP012026	1191826	49
CP012026	1191827	49
CP012026	1191828	49
CP012026	1191829	50
CP012026	1191830	50
CP012026	1191831	48
CP012026	1191832	48
CP012026	1191833	48
CP012026	1191834	45
CP012026	1191835	45
CP012026	1191836	45
CP012026	1191837	45
CP012026	1191838	45
CP012026	1191839	45
CP012026	1191840	48
CP012026	1191841	48
CP012026	1191842	48
CP012026	1191843	48
CP012026	1191844	48
CP012026	1191845	48
CP012026	1191846	49
CP012026	1191847	49
CP012026	1191848	49
CP012026	1191849	49
CP012026	1191850	49
CP012026	1191851	49
CP012026	1191852	52
CP012026	1191853	51
CP012026	1191854	51
CP012026	1191855	51
CP012026	1191856	51
CP012026	1191857	51
CP012026	1191858	51
CP012026	1191859	51
CP012026	1191860	50
CP012026	1191861	50
CP012026	1191862	50
CP012026	1191863	50
CP012026	1191864	51
CP012026	1191865	51
CP012026	1191866	51
CP012026	1191867	51
CP012026	1191868	51
CP012026	1191869	51
CP012026	1191870	51
CP012026	1191871	51
CP012026	1191872	51
CP012026	1191873	51
CP012026	1191874	51
CP012026	1191875	51
CP012026	1191876	56
CP012026	1191877	56
CP012026	1191878	57
CP012026	1191879	55
CP012026	1191880	55
CP012026	1191881	55
CP012026	1191882	56
CP012026	1191883	56
CP012026	1191884	56
CP012026	1191885	54
CP012026	1191886	54
CP012026	1191887	52
CP012026	1191888	52
CP012026	1191889	52
CP012026	1191890	54
CP012026	1191891	54
CP012026	1191892	54
CP012026	1191893	54
CP012026	1191894	54
CP012026	1191895	59
CP012026	1191896	59
CP012026	1191897	57
CP012026	1191898	57
CP012026	1191899	55
CP012026	1191900	55
CP012026	1191901	55
CP012026	1191902	55
CP012026	1191903	56
CP012026	1191904	56
CP012026	1191905	57
CP012026	1191906	57
CP012026	1191907	57
CP012026	1191908	57
CP012026	1191909	57
CP012026	1191910	58
CP012026	1191911	58
CP012026	1191912	59
CP012026	1191913	59
CP012026	1191914	59
CP012026	1191915	59
CP012026	1191916	59
CP012026	1191917	59
CP012026	1191918	59
CP012026	1191919	59
CP012026	1191920	59
CP012026	1191921	59
CP012026	1191922	59
CP012026	1191923	59
CP012026	1191924	59
CP012026	1191925	59
CP012026	1191926	59
CP012026	1191927	59
CP012026	1191928	59
CP012026	1191929	59
CP012026	1191930	58
CP012026	1191931	56
CP012026	1191932	58
CP012026	1191933	58
CP012026	1191934	53
CP012026	1191935	53
CP012026	1191936	53
CP012026	1191937	53
CP012026	1191938	53
CP012026	1191939	53
CP012026	1191940	53
CP012026	1191941	53
CP012026	1191942	53
CP012026	1191943	51
CP012026	1191944	49
CP012026	1191945	51
CP012026	1191946	51
CP012026	1191947	51
CP012026	1191948	51
CP012026	1191949	50
CP012026	1191950	50
CP012026	1191951	50
CP012026	1191952	51
CP012026	1191953	51
CP012026	1191954	51
CP012026	1191955	50
CP012026	1191956	51
CP012026	1191957	51
CP012026	1191958	51
CP012026	1191959	51
CP012026	1191960	51
CP012026	1191961	51
CP012026	1191962	51
CP012026	1191963	48
CP012026	1191964	49
CP012026	1191965	49
CP012026	1191966	51
CP012026	1191967	51
CP012026	1191968	51
CP012026	1191969	51
CP012026	1191970	51
CP012026	1191971	51
CP012026	1191972	51
CP012026	1191973	50
CP012026	1191974	50
CP012026	1191975	49
CP012026	1191976	49
CP012026	1191977	48
CP012026	1191978	48
CP012026	1191979	48
CP012026	1191980	48
CP012026	1191981	47
CP012026	1191982	47
CP012026	1191983	47
CP012026	1191984	47
CP012026	1191985	47
CP012026	1191986	47
CP012026	1191987	47
CP012026	1191988	47
CP012026	1191989	45
CP012026	1191990	45
CP012026	1191991	45
CP012026	1191992	45
CP012026	1191993	45
CP012026	1191994	45
CP012026	1191995	47
CP012026	1191996	45
CP012026	1191997	47
CP012026	1191998	47
CP012026	1191999	47
CP012026	1192000	47
CP012026	1192001	49
CP012026	1192002	49
CP012026	1192003	49
CP012026	1192004	49
CP012026	1192005	49
CP012026	1192006	49
CP012026	1192007	49
CP012026	1192008	49
CP012026	1192009	49
CP012026	1192010	49
CP012026	1192011	44
CP012026	1192012	44
CP012026	1192013	44
CP012026	1192014	44
CP012026	1192015	44
CP012026	1192016	42
CP012026	1192017	42
CP012026	1192018	42
CP012026	1192019	42
CP012026	1192020	42
CP012026	1192021	44
CP012026	1192022	44
CP012026	1192023	44
CP012026	1192024	44
CP012026	1192025	44
CP012026	1192026	43
CP012026	1192027	43
CP012026	1192028	43
CP012026	1192029	43
CP012026	1192030	43
CP012026	1192031	43
CP012026	1192032	43
CP012026	1192033	43
CP012026	1192034	43
CP012026	1192035	43
CP012026	1192036	43
CP012026	1192037	43
CP012026	1192038	43
CP012026	1192039	43
CP012026	1192040	43
CP012026	1192041	43
CP012026	1192042	43
CP012026	1192043	43
CP012026	1192044	43
CP012026	1192045	44
CP012026	1192046	44
CP012026	1192047	44
CP012026	1192048	44
CP012026	1192049	43
CP012026	1192050	43
CP012026	1192051	43
CP012026	1192052	43
CP012026	1192053	43
CP012026	1192054	43
CP012026	1192055	44
CP012026	1192056	44
CP012026	1192057	44
CP012026	1192058	44
CP012026	1192059	44
CP012026	1192060	44
CP012026	1192061	45
CP012026	1192062	45
CP012026	1192063	45
CP012026	1192064	45
CP012026	1192065	45
CP012026	1192066	45
CP012026	1192067	45
CP012026	1192068	45
CP012026	1192069	45
CP012026	1192070	45
CP012026	1192071	42
CP012026	1192072	42
CP012026	1192073	42
CP012026	1192074	42
CP012026	1192075	41
CP012026	1192076	41
CP012026	1192077	41
CP012026	1192078	41
CP012026	1192079	41
CP012026	1192080	40
CP012026	1192081	40
CP012026	1192082	40
CP012026	1192083	38
CP012026	1192084	38
CP012026	1192085	38
CP012026	1192086	38
CP012026	1192087	36
CP012026	1192088	36
CP012026	1192089	32
CP012026	1192090	32
CP012026	1192091	29
CP012026	1192092	29
CP012026	1192093	29
CP012026	1192094	31
CP012026	1192095	32
CP012026	1192096	31
CP012026	1192097	31
CP012026	1192098	31
CP012026	1192099	31
CP012026	1192100	31
CP012026	1192101	31
CP012026	1192102	31
CP012026	1192103	30
CP012026	1192104	30
CP012026	1192105	30
CP012026	1192106	30
CP012026	1192107	31
CP012026	1192108	31
CP012026	1192109	31
CP012026	1192110	29
CP012026	1192111	31
CP012026	1192112	31
CP012026	1192113	31
CP012026	1192114	31
CP012026	1192115	30
CP012026	1192116	30
CP012026	1192117	30
CP012026	1192118	30
CP012026	1192119	30
CP012026	1192120	30
CP012026	1192121	30
CP012026	1192122	30
CP012026	1192123	30
CP012026	1192124	30
CP012026	1192125	30
CP012026	1192126	30
CP012026	1192127	29
CP012026	1192128	28
CP012026	1192129	28
CP012026	1192130	28
CP012026	1192131	27
CP012026	1192132	25
CP012026	1192133	25
CP012026	1192134	25
CP012026	1192135	25
CP012026	1192136	25
CP012026	1192137	25
CP012026	1192138	25
CP012026	1192139	25
CP012026	1192140	25
CP012026	1192141	25
CP012026	1192142	25
CP012026	1192143	24
CP012026	1192144	24
CP012026	1192145	24
CP012026	1192146	24
CP012026	1192147	24
CP012026	1192148	24
CP012026	1192149	25
CP012026	1192150	25
CP012026	1192151	25
CP012026	1192152	25
CP012026	1192153	24
CP012026	1192154	24
CP012026	1192155	21
CP012026	1192156	21
CP012026	1192157	21
CP012026	1192158	21
CP012026	1192159	21
CP012026	1192160	21
CP012026	1192161	20
CP012026	1192162	20
CP012026	1192163	19
CP012026	1192164	19
CP012026	1192165	19
CP012026	1192166	19
CP012026	1192167	19
CP012026	1192168	19
CP012026	1192169	19
CP012026	1192170	19
CP012026	1192171	19
CP012026	1192172	19
CP012026	1192173	19
CP012026	1192174	19
CP012026	1192175	19
CP012026	1192176	19
CP012026	1192177	19
CP012026	1192178	19
CP012026	1192179	19
CP012026	1192180	19
CP012026	1192181	19
CP012026	1192182	19
CP012026	1192183	19
CP012026	1192184	19
CP012026	1192185	19
CP012026	1192186	19
CP012026	1192187	19
CP012026	1192188	19
CP012026	1192189	19
CP012026	1192190	21
CP012026	1192191	21
CP012026	1192192	23
CP012026	1192193	23
CP012026	1192194	26
CP012026	1192195	26
CP012026	1192196	26
CP012026	1192197	26
CP012026	1192198	26
CP012026	1192199	26
CP012026	1192200	26
CP012026	1192201	26
CP012026	1192202	25
CP012026	1192203	25
CP012026	1192204	25
CP012026	1192205	25
CP012026	1192206	25
CP012026	1192207	25
CP012026	1192208	25
CP012026	1192209	25
CP012026	1192210	25
CP012026	1192211	25
CP012026	1192212	25
CP012026	1192213	25
CP012026	1192214	25
CP012026	1192215	24
CP012026	1192216	24
CP012026	1192217	24
CP012026	1192218	24
CP012026	1192219	24
CP012026	1192220	24
CP012026	1192221	24
CP012026	1192222	24
CP012026	1192223	26
CP012026	1192224	26
CP012026	1192225	26
CP012026	1192226	26
CP012026	1192227	26
CP012026	1192228	26
CP012026	1192229	26
CP012026	1192230	26
CP012026	1301424	17
CP012026	1301425	17
CP012026	1301426	17
CP012026	1301427	17
CP012026	1301428	17
CP012026	1301429	17
CP012026	1301430	17
CP012026	1301431	12
CP012026	1301432	12
CP012026	1301433	12
CP012026	1301434	12
CP012026	1301435	12
CP012026	1301436	12
CP012026	1301437	12
CP012026	1301438	12
CP012026	1301439	12
CP012026	1301440	12
CP012026	1301441	12
CP012026	1301442	12
CP012026	1301443	12
CP012026	1301444	12
CP012026	1301445	12
CP012026	1301446	12
CP012026	1301447	12
CP012026	1301448	12
CP012026	1301449	12
CP012026	1301450	12
CP012026	1301451	12
CP012026	1301452	12
CP012026	1301453	12
CP012026	1301454	12
CP012026	1301455	12
CP012026	1301456	12
CP012026	1301457	12
CP012026	1301458	12
CP012026	1301459	12
CP012026	1301460	12
CP012026	1301461	11
CP012026	1301462	11
CP012026	1301463	11
CP012026	1301464	11
CP012026	1301465	11
CP012026	1301466	11
CP012026	1301467	11
CP012026	1301468	11
CP012026	1301469	11
CP012026	1301470	11
CP012026	1301471	11
CP012026	1301472	9
CP012026	1301473	9
CP012026	1301474	8
CP012026	1301475	8
CP012026	1301476	8
CP012026	1301477	8
CP012026	1301478	8
CP012026	1301479	8
CP012026	1301480	8
CP012026	1301481	8
CP012026	1301482	8
CP012026	1301483	8
CP012026	1301484	8
CP012026	1301485	8
CP012026	1301486	8
CP012026	1301487	8
CP012026	1301488	8
CP012026	1301489	8
CP012026	1301490	8
CP012026	1301491	7
CP012026	1301492	7
CP012026	1301493	6
CP012026	1301494	6
CP012026	1301495	6
CP012026	1301496	6
CP012026	1301497	6
CP012026	1301498	6
CP012026	1301499	6
CP012026	1301500	6
CP012026	1301501	6
CP012026	1301502	6
CP012026	1301503	6
CP012026	1301504	6
CP012026	1301505	6
CP012026	1301506	6
CP012026	1301507	6
CP012026	1301508	6
CP012026	1301509	6
CP012026	1301510	6
CP012026	1301511	6
CP012026	1301512	6
CP012026	1301513	6
CP012026	1301514	6
CP012026	1301515	6
CP012026	1301516	6
CP012026	1301517	6
CP012026	1301518	6
CP012026	1301519	6
CP012026	1301520	6
CP012026	1301521	6
CP012026	1301522	6
CP012026	1301523	6
CP012026	1301524	6
CP012026	1301525	6
CP012026	1301526	6
CP012026	1301527	6
CP012026	1301528	6
CP012026	1301529	6
CP012026	1301530	6
CP012026	1301531	6
CP012026	1301532	6
CP012026	1301533	6
CP012026	1301534	6
CP012026	1301535	6
CP012026	1301536	7
CP012026	1301537	7
CP012026	1301538	7
CP012026	1301539	7
CP012026	1301540	7
CP012026	1301541	7
CP012026	1301542	7
CP012026	1301543	7
CP012026	1301544	7
CP012026	1301545	7
CP012026	1301546	7
CP012026	1301547	6
CP012026	1301548	6
CP012026	1301549	6
CP012026	1301550	6
CP012026	1301551	6
CP012026	1301552	6
CP012026	1301553	8
CP012026	1301554	8
CP012026	1301555	8
CP012026	1301556	8
CP012026	1301557	8
CP012026	1301558	8
CP012026	1301559	8
CP012026	1301560	8
CP012026	1301561	8
CP012026	1301562	8
CP012026	1301563	8
CP012026	1301564	8
CP012026	1301565	8
CP012026	1301566	8
CP012026	1301567	8
CP012026	1301568	8
CP012026	1301569	8
CP012026	1301570	8
CP012026	1301571	8
CP012026	1301572	8
CP012026	1301573	8
CP012026	1301574	8
CP012026	1301575	8
CP012026	1301576	8
CP012026	1301577	8
CP012026	1301578	8
CP012026	1301579	8
CP012026	1301580	8
CP012026	1301581	8
CP012026	1301582	8
CP012026	1301583	8
CP012026	1301584	8
CP012026	1301585	8
CP012026	1301586	8
CP012026	1301587	8
CP012026	1301588	8
CP012026	1301589	8
CP012026	1301590	8
CP012026	1301591	8
CP012026	1301592	8
CP012026	1301593	8
CP012026	1301594	8
CP012026	1301595	8
CP012026	1301596	8
CP012026	1301597	8
CP012026	1301598	8
CP012026	1301599	8
CP012026	1301600	8
CP012026	1301601	8
CP012026	1301602	8
CP012026	1301603	9
CP012026	1301604	9
CP012026	1301605	8
CP012026	1301606	8
CP012026	1301607	8
CP012026	1301608	8
CP012026	1301609	8
CP012026	1301610	9
CP012026	1301611	9
CP012026	1301612	9
CP012026	1301613	9
CP012026	1301614	9
CP012026	1301615	9
CP012026	1301616	9
CP012026	1301617	9
CP012026	1301618	9
CP012026	1301619	9
CP012026	1301620	9
CP012026	1301621	9
CP012026	1301622	9
CP012026	1301623	9
CP012026	1301624	9
CP012026	1301625	9
CP012026	1301626	9
CP012026	1301627	9
CP012026	1301628	10
CP012026	1301629	11
CP012026	1301630	11
CP012026	1301631	11
CP012026	1301632	11
CP012026	1301633	11
CP012026	1301634	11
CP012026	1301635	11
CP012026	1301636	11
CP012026	1301637	11
CP012026	1301638	11
CP012026	1301639	11
CP012026	1301640	11
CP012026	1301641	12
CP012026	1301642	13
CP012026	1301643	13
CP012026	1301644	13
CP012026	1301645	13
CP012026	1301646	13
CP012026	1301647	13
CP012026	1301648	13
CP012026	1301649	14
CP012026	1301650	16
CP012026	1301651	16
CP012026	1301652	16
CP012026	1301653	16
CP012026	1301654	16
CP012026	1301655	16
CP012026	1301656	16
CP012026	1301657	16
CP012026	1301658	16
CP012026	1301659	14
CP012026	1301660	15
CP012026	1301661	15
CP012026	1301662	15
CP012026	1301663	14
CP012026	1301664	14
CP012026	1301665	14
CP012026	1301666	14
CP012026	1301667	15
CP012026	1301668	15
CP012026	1301669	15
CP012026	1301670	15
CP012026	1301671	15
CP012026	1301672	15
CP012026	1301673	15
CP012026	1301674	15
CP012026	1301675	15
CP012026	1301676	15
CP012026	1301677	17
CP012026	1301678	17
CP012026	1301679	17
CP012026	1301680	17
CP012026	1301681	17
CP012026	1301682	17
CP012026	1301683	17
CP012026	1301684	17
CP012026	1301685	17
CP012026	1301686	17
CP012026	1301687	17
CP012026	1301688	17
CP012026	1301689	17
CP012026	1301690	17
CP012026	1301691	17
CP012026	1301692	17
CP012026	1301693	17
CP012026	1301694	17
CP012026	1301695	17
CP012026	1301696	17
CP012026	1301697	17
CP012026	1301698	17
CP012026	1301699	15
CP012026	1301700	15
CP012026	1301701	15
CP012026	1301702	15
CP012026	1301703	15
CP012026	1301704	15
CP012026	1301705	15
CP012026	1301706	15
CP012026	1301707	15
CP012026	1301708	15
CP012026	1301709	15
CP012026	1301710	15
CP012026	1301711	15
CP012026	1301712	17
CP012026	1301713	17
CP012026	1301714	17
CP012026	1301715	17
CP012026	1301716	18
CP012026	1301717	19
CP012026	1301718	19
CP012026	1301719	19
CP012026	1301720	19
CP012026	1301721	19
CP012026	1301722	19
CP012026	1301723	19
CP012026	1301724	19
CP012026	1301725	19
CP012026	1301726	20
CP012026	1301727	20
CP012026	1301728	20
CP012026	1301729	20
CP012026	1301730	20
CP012026	1301731	20
CP012026	1301732	20
CP012026	1301733	20
CP012026	1301734	20
CP012026	1301735	20
CP012026	1301736	20
CP012026	1301737	20
CP012026	1301738	20
CP012026	1301739	20
CP012026	1301740	21
CP012026	1301741	21
CP012026	1301742	21
CP012026	1301743	21
CP012026	1301744	21
CP012026	1301745	22
CP012026	1301746	22
CP012026	1301747	24
CP012026	1301748	24
CP012026	1301749	24
CP012026	1301750	24
CP012026	1301751	24
CP012026	1301752	25
CP012026	1301753	26
CP012026	1301754	26
CP012026	1301755	26
CP012026	1301756	28
CP012026	1301757	28
CP012026	1301758	28
CP012026	1301759	30
CP012026	1301760	30
CP012026	1301761	30
CP012026	1301762	31
CP012026	1301763	31
CP012026	1301764	31
CP012026	1301765	32
CP012026	1301766	32
CP012026	1301767	32
CP012026	1301768	32
CP012026	1301769	32
CP012026	1301770	32
CP012026	1301771	32
CP012026	1301772	34
CP012026	1301773	35
CP012026	1301774	35
CP012026	1301775	35
CP012026	1301776	35
CP012026	1301777	36
CP012026	1301778	36
CP012026	1301779	36
CP012026	1301780	36
CP012026	1301781	36
CP012026	1301782	36
CP012026	1301783	36
CP012026	1301784	36
CP012026	1301785	38
CP012026	1301786	38
CP012026	1301787	37
CP012026	1301788	37
CP012026	1301789	37
CP012026	1301790	37
CP012026	1301791	37
CP012026	1301792	37
CP012026	1301793	37
CP012026	1301794	37
CP012026	1301795	37
CP012026	1301796	37
CP012026	1301797	38
CP012026	1301798	38
CP012026	1301799	38
CP012026	1301800	38
CP012026	1301801	38
CP012026	1301802	38
CP012026	1301803	38
CP012026	1301804	38
CP012026	1301805	38
CP012026	1301806	38
CP012026	1301807	38
CP012026	1301808	38
CP012026	1301809	38
CP012026	1301810	39
CP012026	1301811	39
CP012026	1301812	39
CP012026	1301813	39
CP012026	1301814	39
CP012026	1301815	39
CP012026	1301816	41
CP012026	1301817	41
CP012026	1301818	42
CP012026	1301819	42
CP012026	1301820	42
CP012026	1301821	42
CP012026	1301822	42
CP012026	1301823	42
CP012026	1301824	42
CP012026	1301825	42
CP012026	1301826	42
CP012026	1301827	42
CP012026	1301828	42
CP012026	1301829	42
CP012026	1301830	42
CP012026	1301831	42
CP012026	1301832	42
CP012026	1301833	42
CP012026	1301834	42
CP012026	1301835	42
CP012026	1301836	42
CP012026	1301837	42
CP012026	1301838	42
CP012026	1301839	42
CP012026	1301840	42
CP012026	1301841	42
CP012026	1301842	42
CP012026	1301843	42
CP012026	1301844	42
CP012026	1301845	42
CP012026	1301846	42
CP012026	1301847	42
CP012026	1301848	43
CP012026	1301849	43
CP012026	1301850	43
CP012026	1301851	45
CP012026	1301852	45
CP012026	1301853	44
CP012026	1301854	44
CP012026	1301855	44
CP012026	1301856	44
CP012026	1301857	44
CP012026	1301858	44
CP012026	1301859	44
CP012026	1301860	44
CP012026	1301861	43
CP012026	1301862	43
CP012026	1301863	45
CP012026	1301864	45
CP012026	1301865	45
CP012026	1301866	45
CP012026	1301867	45
CP012026	1301868	45
CP012026	1301869	45
CP012026	1301870	45
CP012026	1301871	45
CP012026	1301872	45
CP012026	1301873	45
CP012026	1301874	46
CP012026	1301875	46
CP012026	1301876	46
CP012026	1301877	46
CP012026	1301878	45
CP012026	1301879	45
CP012026	1301880	44
CP012026	1301881	44
CP012026	1301882	44
CP012026	1301883	44
CP012026	1301884	44
CP012026	1301885	44
CP012026	1301886	44
CP012026	1301887	44
CP012026	1301888	44
CP012026	1301889	44
CP012026	1301890	45
CP012026	1301891	44
CP012026	1301892	43
CP012026	1301893	44
CP012026	1301894	46
CP012026	1301895	46
CP012026	1301896	46
CP012026	1301897	46
CP012026	1301898	46
CP012026	1301899	41
CP012026	1301900	41
CP012026	1301901	41
CP012026	1301902	42
CP012026	1301903	41
CP012026	1301904	41
CP012026	1301905	41
CP012026	1301906	43
CP012026	1301907	43
CP012026	1301908	43
CP012026	1301909	43
CP012026	1301910	43
CP012026	1301911	43
CP012026	1301912	43
CP012026	1301913	43
CP012026	1301914	43
CP012026	1301915	43
CP012026	1301916	43
CP012026	1301917	40
CP012026	1301918	40
CP012026	1301919	39
CP012026	1301920	39
CP012026	1301921	39
CP012026	1301922	41
CP012026	1301923	41
CP012026	1301924	41
CP012026	1301925	39
CP012026	1301926	39
CP012026	1301927	41
CP012026	1301928	41
CP012026	1301929	43
CP012026	1301930	43
CP012026	1301931	43
CP012026	1301932	43
CP012026	1301933	43
CP012026	1301934	43
CP012026	1301935	43
CP012026	1301936	43
CP012026	1301937	43
CP012026	1301938	43
CP012026	1301939	43
CP012026	1301940	43
CP012026	1301941	43
CP012026	1301942	43
CP012026	1301943	43
CP012026	1301944	43
CP012026	1301945	43
CP012026	1301946	43
CP012026	1301947	43
CP012026	1301948	43
CP012026	1301949	43
CP012026	1301950	43
CP012026	1301951	43
CP012026	1301952	43
CP012026	1301953	44
CP012026	1301954	44
CP012026	1301955	44
CP012026	1301956	44
CP012026	1301957	44
CP012026	1301958	44
CP012026	1301959	44
CP012026	1301960	44
CP012026	1301961	44
CP012026	1301962	44
CP012026	1301963	44
CP012026	1301964	44
CP012026	1301965	44
CP012026	1301966	43
CP012026	1301967	42
CP012026	1301968	42
CP012026	1301969	42
CP012026	1301970	42
CP012026	1301971	42
CP012026	1301972	42
CP012026	1301973	42
CP012026	1301974	42
CP012026	1301975	40
CP012026	1301976	39
CP012026	1301977	39
CP012026	1301978	39
CP012026	1301979	39
CP012026	1301980	39
CP012026	1301981	39
CP012026	1301982	39
CP012026	1301983	39
CP012026	1301984	39
CP012026	1301985	39
CP012026	1301986	39
CP012026	1301987	39
CP012026	1301988	39
CP012026	1301989	39
CP012026	1301990	39
CP012026	1301991	41
CP012026	1301992	42
CP012026	1301993	42
CP012026	1301994	42
CP012026	1301995	41
CP012026	1301996	43
CP012026	1301997	43
CP012026	1301998	43
CP012026	1301999	43
CP012026	1302000	41
CP012026	1302001	41
CP012026	1302002	40
CP012026	1302003	40
CP012026	1302004	41
CP012026	1302005	41
CP012026	1302006	41
CP012026	1302007	41
CP012026	1302008	41
CP012026	1302009	41
CP012026	1302010	41
CP012026	1302011	39
CP012026	1302012	39
CP012026	1302013	38
CP012026	1302014	38
CP012026	1302015	38
CP012026	1302016	37
CP012026	1302017	37
CP012026	1302018	37
CP012026	1302019	37
CP012026	1302020	37
CP012026	1302021	37
CP012026	1302022	37
CP012026	1302023	36
CP012026	1302024	36
CP012026	1302025	36
CP012026	1302026	36
CP012026	1302027	38
CP012026	1302028	37
CP012026	1302029	37
CP012026	1302030	37
CP012026	1302031	37
CP012026	1302032	37
CP012026	1302033	37
CP012026	1302034	37
CP012026	1302035	37
CP012026	1302036	35
CP012026	1302037	35
CP012026	1302038	37
CP012026	1302039	37
CP012026	1302040	37
CP012026	1302041	37
CP012026	1302042	37
CP012026	1302043	37
CP012026	1302044	37
CP012026	1302045	37
CP012026	1302046	37
CP012026	1302047	36
CP012026	1302048	36
CP012026	1302049	36
CP012026	1302050	36
CP012026	1302051	36
CP012026	1302052	34
CP012026	1302053	34
CP012026	1302054	34
CP012026	1302055	34
CP012026	1302056	34
CP012026	1302057	34
CP012026	1302058	34
CP012026	1302059	34
CP012026	1302060	35
CP012026	1302061	34
CP012026	1302062	34
CP012026	1302063	34
CP012026	1302064	34
CP012026	1302065	34
CP012026	1302066	34
CP012026	1302067	34
CP012026	1302068	34
CP012026	1302069	32
CP012026	1302070	32
CP012026	1302071	32
CP012026	1302072	32
CP012026	1302073	32
CP012026	1302074	32
CP012026	1302075	32
CP012026	1302076	34
CP012026	1302077	34
CP012026	1302078	34
CP012026	1302079	35
CP012026	1302080	35
CP012026	1302081	35
CP012026	1302082	35
CP012026	1302083	35
CP012026	1302084	35
CP012026	1302085	35
CP012026	1302086	35
CP012026	1302087	36
CP012026	1302088	36
CP012026	1302089	36
CP012026	1302090	38
CP012026	1302091	38
CP012026	1302092	38
CP012026	1302093	38
CP012026	1302094	38
CP012026	1302095	38
CP012026	1302096	36
CP012026	1302097	36
CP012026	1302098	36
CP012026	1302099	35
CP012026	1302100	36
CP012026	1302101	34
CP012026	1302102	34
CP012026	1302103	34
CP012026	1302104	34
CP012026	1302105	34
CP012026	1302106	34
CP012026	1302107	34
CP012026	1302108	34
CP012026	1302109	34
CP012026	1302110	34
CP012026	1302111	34
CP012026	1302112	34
CP012026	1302113	34
CP012026	1302114	32
CP012026	1302115	32
CP012026	1302116	32
CP012026	1302117	32
CP012026	1302118	33
CP012026	1302119	33
CP012026	1302120	33
CP012026	1302121	33
CP012026	1302122	33
CP012026	1302123	35
CP012026	1302124	34
CP012026	1302125	34
CP012026	1302126	34
CP012026	1302127	32
CP012026	1302128	35
CP012026	1302129	35
CP012026	1302130	35
CP012026	1302131	33
CP012026	1302132	33
CP012026	1302133	33
CP012026	1302134	33
CP012026	1302135	33
CP012026	1302136	33
CP012026	1302137	33
CP012026	1302138	36
CP012026	1302139	36
CP012026	1302140	36
CP012026	1302141	35
CP012026	1302142	36
CP012026	1302143	36
CP012026	1302144	36
CP012026	1302145	36
CP012026	1302146	36
CP012026	1302147	36
CP012026	1302148	36
CP012026	1302149	36
CP012026	1302150	35
CP012026	1302151	34
CP012026	1302152	34
CP012026	1302153	34
CP012026	1302154	34
CP012026	1302155	34
CP012026	1302156	34
CP012026	1302157	39
CP012026	1302158	38
CP012026	1302159	38
CP012026	1302160	38
CP012026	1302161	38
CP012026	1302162	38
CP012026	1302163	38
CP012026	1302164	38
CP012026	1302165	38
CP012026	1302166	38
CP012026	1302167	40
CP012026	1302168	40
CP012026	1302169	42
CP012026	1302170	42
CP012026	1302171	42
CP012026	1302172	42
CP012026	1302173	40
CP012026	1302174	40
CP012026	1302175	38
CP012026	1302176	38
CP012026	1302177	38
CP012026	1302178	34
CP012026	1302179	34
CP012026	1302180	34
CP012026	1302181	34
CP012026	1302182	34
CP012026	1302183	34
CP012026	1302184	34
CP012026	1302185	34
CP012026	1302186	34
CP012026	1302187	35
CP012026	1302188	35
CP012026	1302189	35
CP012026	1302190	35
CP012026	1302191	35
CP012026	1302192	35
CP012026	1302193	35
CP012026	1302194	36
CP012026	1302195	36
CP012026	1302196	36
CP012026	1302197	36
CP012026	1302198	36
CP012026	1302199	36
CP012026	1302200	35
CP012026	1302201	35
CP012026	1302202	35
CP012026	1302203	35
CP012026	1302204	35
CP012026	1302205	37
CP012026	1302206	37
CP012026	1302207	37
CP012026	1302208	37
CP012026	1302209	37
CP012026	1302210	37
CP012026	1302211	37
CP012026	1302212	37
CP012026	1302213	38
CP012026	1302214	38
CP012026	1302215	41
CP012026	1302216	39
CP012026	1302217	39
CP012026	1302218	39
CP012026	1302219	40
CP012026	1302220	40
CP012026	1302221	40
CP012026	1302222	40
CP012026	1302223	40
CP012026	1302224	40
CP012026	1302225	40
CP012026	1302226	40
CP012026	1302227	40
CP012026	1302228	41
CP012026	1302229	41
CP012026	1302230	41
CP012026	1302231	41
CP012026	1302232	41
CP012026	1302233	41
CP012026	1302234	41
CP012026	1302235	41
CP012026	1302236	41
CP012026	1302237	41
CP012026	1302238	41
CP012026	1302239	39
CP012026	1302240	39
CP012026	1302241	39
CP012026	1302242	39
CP012026	1302243	39
CP012026	1302244	39
CP012026	1302245	39
CP012026	1302246	39
CP012026	1302247	39
CP012026	1302248	39
CP012026	1302249	39
CP012026	1302250	39
CP012026	1302251	39
CP012026	1302252	39
CP012026	1302253	39
CP012026	1302254	39
CP012026	1302255	39
CP012026	1302256	39
CP012026	1302257	39
CP012026	1302258	39
CP012026	1302259	39
CP012026	1302260	39
CP012026	1302261	39
CP012026	1302262	40
CP012026	1302263	40
CP012026	1302264	40
CP012026	1302265	40
CP012026	1302266	40
CP012026	1302267	40
CP012026	1302268	41
CP012026	1302269	41
CP012026	1302270	41
CP012026	1302271	41
CP012026	1302272	41
CP012026	1302273	42
CP012026	1302274	44
CP012026	1302275	44
CP012026	1302276	44
CP012026	1302277	45
CP012026	1302278	45
CP012026	1302279	45
CP012026	1302280	43
CP012026	1302281	43
CP012026	1302282	43
CP012026	1302283	43
CP012026	1302284	45
CP012026	1302285	45
CP012026	1302286	45
CP012026	1302287	45
CP012026	1302288	45
CP012026	1302289	45
CP012026	1302290	45
CP012026	1302291	45
CP012026	1302292	45
CP012026	1302293	44
CP012026	1302294	42
CP012026	1302295	42
CP012026	1302296	42
CP012026	1302297	42
CP012026	1302298	42
CP012026	1302299	42
CP012026	1302300	42
CP012026	1302301	43
CP012026	1302302	43
CP012026	1302303	43
CP012026	1302304	44
CP012026	1302305	44
CP012026	1302306	44
CP012026	1302307	43
CP012026	1302308	43
CP012026	1302309	43
CP012026	1302310	43
CP012026	1302311	43
CP012026	1302312	43
CP012026	1302313	41
CP012026	1302314	41
CP012026	1302315	41
CP012026	1302316	41
CP012026	1302317	40
CP012026	1302318	38
CP012026	1302319	38
CP012026	1302320	38
CP012026	1302321	38
CP012026	1302322	38
CP012026	1302323	38
CP012026	1302324	38
CP012026	1302325	38
CP012026	1302326	38
CP012026	1302327	38
CP012026	1302328	43
CP012026	1302329	43
CP012026	1302330	43
CP012026	1302331	44
CP012026	1302332	42
CP012026	1302333	44
CP012026	1302334	44
CP012026	1302335	43
CP012026	1302336	43
CP012026	1302337	43
CP012026	1302338	43
CP012026	1302339	43
CP012026	1302340	43
CP012026	1302341	43
CP012026	1302342	43
CP012026	1302343	43
CP012026	1302344	43
CP012026	1302345	45
CP012026	1302346	45
CP012026	1302347	45
CP012026	1302348	44
CP012026	1302349	44
CP012026	1302350	44
CP012026	1302351	44
CP012026	1302352	44
CP012026	1302353	44
CP012026	1302354	44
CP012026	1302355	44
CP012026	1302356	44
CP012026	1302357	44
CP012026	1302358	44
CP012026	1302359	44
CP012026	1302360	46
CP012026	1302361	46
CP012026	1302362	46
CP012026	1302363	46
CP012026	1302364	45
CP012026	1302365	44
CP012026	1302366	44
CP012026	1302367	44
CP012026	1302368	44
CP012026	1302369	44
CP012026	1302370	44
CP012026	1302371	44
CP012026	1302372	44
CP012026	1302373	44
CP012026	1302374	44
CP012026	1302375	43
CP012026	1302376	44
CP012026	1302377	44
CP012026	1302378	44
CP012026	1302379	44
CP012026	1302380	44
CP012026	1302381	44
CP012026	1302382	44
CP012026	1302383	44
CP012026	1302384	46
CP012026	1302385	48
CP012026	1302386	47
CP012026	1302387	45
CP012026	1302388	44
CP012026	1302389	45
CP012026	1302390	45
CP012026	1302391	47
CP012026	1302392	46
CP012026	1302393	46
CP012026	1302394	46
CP012026	1302395	46
CP012026	1302396	46
CP012026	1302397	46
CP012026	1302398	46
CP012026	1302399	49
CP012026	1302400	49
CP012026	1302401	49
CP012026	1302402	49
CP012026	1302403	49
CP012026	1302404	49
CP012026	1302405	49
CP012026	1302406	49
CP012026	1302407	48
CP012026	1302408	48
CP012026	1302409	48
CP012026	1302410	48
CP012026	1302411	48
CP012026	1302412	50
CP012026	1302413	50
CP012026	1302414	50
CP012026	1302415	50
CP012026	1302416	50
CP012026	1302417	50
CP012026	1302418	48
CP012026	1302419	49
CP012026	1302420	49
CP012026	1302421	49
CP012026	1302422	49
CP012026	1302423	49
CP012026	1302424	54
CP012026	1302425	54
CP012026	1302426	54
CP012026	1302427	54
CP012026	1302428	50
CP012026	1302429	52
CP012026	1302430	52
CP012026	1302431	52
CP012026	1302432	52
CP012026	1302433	52
CP012026	1302434	52
CP012026	1302435	56
CP012026	1302436	56
CP012026	1302437	56
CP012026	1302438	54
CP012026	1302439	54
CP012026	1302440	54
CP012026	1302441	54
CP012026	1302442	54
CP012026	1302443	54
CP012026	1302444	53
CP012026	1302445	53
CP012026	1302446	53
CP012026	1302447	53
CP012026	1302448	53
CP012026	1302449	53
CP012026	1302450	53
CP012026	1302451	53
CP012026	1302452	53
CP012026	1302453	51
CP012026	1302454	51
CP012026	1302455	51
CP012026	1302456	49
CP012026	1302457	49
CP012026	1302458	49
CP012026	1302459	49
CP012026	1302460	50
CP012026	1302461	50
CP012026	1302462	50
CP012026	1302463	50
CP012026	1302464	49
CP012026	1302465	49
CP012026	1302466	48
CP012026	1302467	48
CP012026	1302468	48
CP012026	1302469	48
CP012026	1302470	47
CP012026	1302471	47
CP012026	1302472	47
CP012026	1302473	47
CP012026	1302474	47
CP012026	1302475	47
CP012026	1302476	47
CP012026	1302477	47
CP012026	1302478	47
CP012026	1302479	46
CP012026	1302480	46
CP012026	1302481	46
CP012026	1302482	46
CP012026	1302483	46
CP012026	1302484	46
CP012026	1302485	46
CP012026	1302486	47
CP012026	1302487	47
CP012026	1302488	47
CP012026	1302489	47
CP012026	1302490	47
CP012026	1302491	47
CP012026	1302492	47
CP012026	1302493	47
CP012026	1302494	47
CP012026	1302495	47
CP012026	1302496	47
CP012026	1302497	47
CP012026	1302498	47
CP012026	1302499	47
CP012026	1302500	47
CP012026	1302501	47
CP012026	1302502	47
CP012026	1302503	49
CP012026	1302504	51
CP012026	1302505	51
CP012026	1302506	52
CP012026	1302507	52
CP012026	1302508	52
CP012026	1302509	52
CP012026	1302510	52
CP012026	1302511	52
CP012026	1302512	51
CP012026	1302513	52
CP012026	1302514	52
CP012026	1302515	56
CP012026	1302516	56
CP012026	1302517	56
CP012026	1302518	59
CP012026	1302519	59
CP012026	1302520	61
CP012026	1302521	61
CP012026	1302522	60
CP012026	1302523	61
CP012026	1302524	58
CP012026	1302525	58
CP012026	1302526	58
CP012026	1302527	59
CP012026	1302528	58
CP012026	1302529	58
CP012026	1302530	58
CP012026	1302531	58
CP012026	1302532	58
CP012026	1302533	58
CP012026	1302534	58
CP012026	1302535	58
CP012026	1302536	58
CP012026	1302537	58
CP012026	1302538	58
CP012026	1302539	58
CP012026	1302540	58
CP012026	1302541	58
CP012026	1302542	58
CP012026	1302543	60
CP012026	1302544	59
CP012026	1302545	59
CP012026	1302546	59
CP012026	1302547	59
CP012026	1302548	59
CP012026	1302549	59
CP012026	1302550	60
CP012026	1302551	60
CP012026	1302552	59
CP012026	1302553	59
CP012026	1302554	58
CP012026	1302555	58
CP012026	1302556	58
CP012026	1302557	58
CP012026	1302558	60
CP012026	1302559	60
CP012026	1302560	60
CP012026	1302561	60
CP012026	1302562	60
CP012026	1302563	60
CP012026	1302564	60
CP012026	1302565	60
CP012026	1302566	60
CP012026	1302567	60
CP012026	1302568	60
CP012026	1302569	60
CP012026	1302570	60
CP012026	1302571	54
CP012026	1302572	54
CP012026	1302573	52
CP012026	1302574	51
CP012026	1302575	51
CP012026	1302576	53
CP012026	1302577	52
CP012026	1302578	52
CP012026	1302579	52
CP012026	1302580	52
CP012026	1302581	52
CP012026	1302582	53
CP012026	1302583	53
CP012026	1302584	53
CP012026	1302585	53
CP012026	1302586	53
CP012026	1302587	53
CP012026	1302588	53
CP012026	1302589	53
CP012026	1302590	53
CP012026	1302591	54
CP012026	1302592	54
CP012026	1302593	54
CP012026	1302594	52
CP012026	1302595	52
CP012026	1302596	52
CP012026	1302597	52
CP012026	1302598	52
CP012026	1302599	52
CP012026	1302600	52
CP012026	1302601	52
CP012026	1302602	52
CP012026	1302603	52
CP012026	1302604	52
CP012026	1302605	52
CP012026	1302606	52
CP012026	1302607	53
CP012026	1302608	53
CP012026	1302609	51
CP012026	1302610	51
CP012026	1302611	51
CP012026	1302612	51
CP012026	1302613	52
CP012026	1302614	51
CP012026	1302615	51
CP012026	1302616	51
CP012026	1302617	51
CP012026	1302618	51
CP012026	1302619	52
CP012026	1302620	52
CP012026	1302621	52
CP012026	1302622	52
CP012026	1302623	53
CP012026	1302624	53
CP012026	1302625	55
CP012026	1302626	55
CP012026	1302627	56
CP012026	1302628	56
CP012026	1302629	57
CP012026	1302630	57
CP012026	1302631	57
CP012026	1302632	57
CP012026	1302633	57
CP012026	1302634	57
CP012026	1302635	56
CP012026	1302636	56
CP012026	1302637	57
CP012026	1302638	53
CP012026	1302639	53
CP012026	1302640	52
CP012026	1302641	53
CP012026	1302642	51
CP012026	1302643	51
CP012026	1302644	51
CP012026	1302645	51
CP012026	1302646	51
CP012026	1302647	47
CP012026	1302648	47
CP012026	1302649	47
CP012026	1302650	46
CP012026	1302651	46
CP012026	1302652	46
CP012026	1302653	44
CP012026	1302654	44
CP012026	1302655	44
CP012026	1302656	44
CP012026	1302657	42
CP012026	1302658	42
CP012026	1302659	42
CP012026	1302660	42
CP012026	1302661	41
CP012026	1302662	43
CP012026	1302663	43
CP012026	1302664	43
CP012026	1302665	43
CP012026	1302666	43
CP012026	1302667	43
CP012026	1302668	43
CP012026	1302669	43
CP012026	1302670	42
CP012026	1302671	42
CP012026	1302672	43
CP012026	1302673	43
CP012026	1302674	43
CP012026	1302675	43
CP012026	1302676	42
CP012026	1302677	42
CP012026	1302678	42
CP012026	1302679	42
CP012026	1302680	42
CP012026	1302681	42
CP012026	1302682	42
CP012026	1302683	42
CP012026	1302684	42
CP012026	1302685	42
CP012026	1302686	42
CP012026	1302687	42
CP012026	1302688	43
CP012026	1302689	43
CP012026	1302690	43
CP012026	1302691	43
CP012026	1302692	43
CP012026	1302693	43
CP012026	1302694	43
CP012026	1302695	43
CP012026	1302696	45
CP012026	1302697	45
CP012026	1302698	45
CP012026	1302699	45
CP012026	1302700	45
CP012026	1302701	45
CP012026	1302702	45
CP012026	1302703	45
CP012026	1302704	45
CP012026	1302705	48
CP012026	1302706	50
CP012026	1302707	50
CP012026	1302708	50
CP012026	1302709	50
CP012026	1302710	50
CP012026	1302711	49
CP012026	1302712	49
CP012026	1302713	49
CP012026	1302714	49
CP012026	1302715	49
CP012026	1302716	49
CP012026	1302717	49
CP012026	1302718	49
CP012026	1302719	49
CP012026	1302720	49
CP012026	1302721	47
CP012026	1302722	47
CP012026	1302723	47
CP012026	1302724	47
CP012026	1302725	47
CP012026	1302726	47
CP012026	1302727	47
CP012026	1302728	47
CP012026	1302729	46
CP012026	1302730	46
CP012026	1302731	46
CP012026	1302732	46
CP012026	1302733	44
CP012026	1302734	44
CP012026	1302735	44
CP012026	1302736	44
CP012026	1302737	43
CP012026	1302738	43
CP012026	1302739	43
CP012026	1302740	43
CP012026	1302741	43
CP012026	1302742	43
CP012026	1302743	43
CP012026	1302744	43
CP012026	1302745	43
CP012026	1302746	43
CP012026	1302747	43
CP012026	1302748	43
CP012026	1302749	43
CP012026	1302750	43
CP012026	1302751	43
CP012026	1302752	43
CP012026	1302753	43
CP012026	1302754	43
CP012026	1302755	43
CP012026	1302756	43
CP012026	1302757	42
CP012026	1302758	42
CP012026	1302759	42
CP012026	1302760	42
CP012026	1302761	42
CP012026	1302762	42
CP012026	1302763	42
CP012026	1302764	41
CP012026	1302765	41
CP012026	1302766	41
CP012026	1302767	41
CP012026	1302768	41
CP012026	1302769	41
CP012026	1302770	41
CP012026	1302771	39
CP012026	1302772	39
CP012026	1302773	39
CP012026	1302774	39
CP012026	1302775	39
CP012026	1302776	41
CP012026	1302777	41
CP012026	1302778	38
CP012026	1302779	38
CP012026	1302780	39
CP012026	1302781	39
CP012026	1302782	39
CP012026	1302783	39
CP012026	1302784	39
CP012026	1302785	39
CP012026	1302786	37
CP012026	1302787	37
CP012026	1302788	37
CP012026	1302789	39
CP012026	1302790	39
CP012026	1302791	39
CP012026	1302792	39
CP012026	1302793	37
CP012026	1302794	37
CP012026	1302795	37
CP012026	1302796	37
CP012026	1302797	37
CP012026	1302798	37
CP012026	1302799	37
CP012026	1302800	37
CP012026	1302801	36
CP012026	1302802	36
CP012026	1302803	36
CP012026	1302804	36
CP012026	1302805	36
CP012026	1302806	36
CP012026	1302807	36
CP012026	1302808	36
CP012026	1302809	37
CP012026	1302810	37
CP012026	1302811	37
CP012026	1302812	37
CP012026	1302813	37
CP012026	1302814	37
CP012026	1302815	37
CP012026	1302816	37
CP012026	1302817	37
CP012026	1302818	35
CP012026	1302819	35
CP012026	1302820	35
CP012026	1302821	35
CP012026	1302822	35
CP012026	1302823	35
CP012026	1302824	33
CP012026	1302825	31
CP012026	1302826	31
CP012026	1302827	31
CP012026	1302828	31
CP012026	1302829	31
CP012026	1302830	31
CP012026	1302831	31
CP012026	1302832	31
CP012026	1302833	33
CP012026	1302834	33
CP012026	1302835	33
CP012026	1302836	33
CP012026	1302837	33
CP012026	1302838	33
CP012026	1302839	33
CP012026	1302840	33
CP012026	1302841	32
CP012026	1302842	32
CP012026	1302843	32
CP012026	1302844	32
CP012026	1302845	32
CP012026	1302846	32
CP012026	1302847	33
CP012026	1302848	33
CP012026	1302849	33
CP012026	1302850	33
CP012026	1302851	33
CP012026	1302852	33
CP012026	1302853	33
CP012026	1302854	33
CP012026	1302855	33
CP012026	1302856	31
CP012026	1302857	31
CP012026	1302858	30
CP012026	1302859	30
CP012026	1302860	30
CP012026	1302861	32
CP012026	1302862	32
CP012026	1302863	32
CP012026	1302864	31
CP012026	1302865	31
CP012026	1302866	31
CP012026	1302867	31
CP012026	1302868	34
CP012026	1302869	34
CP012026	1302870	33
CP012026	1302871	33
CP012026	1302872	33
CP012026	1302873	33
CP012026	1302874	32
CP012026	1302875	32
CP012026	1302876	32
CP012026	1302877	30
CP012026	1302878	30
CP012026	1302879	30
CP012026	1302880	29
CP012026	1302881	29
CP012026	1302882	29
CP012026	1302883	29
CP012026	1302884	29
CP012026	1302885	30
CP012026	1302886	30
CP012026	1302887	30
CP012026	1302888	28
CP012026	1302889	30
CP012026	1302890	29
CP012026	1302891	27
CP012026	1302892	25
CP012026	1302893	25
CP012026	1302894	25
CP012026	1302895	25
CP012026	1302896	25
CP012026	1302897	25
CP012026	1302898	25
CP012026	1302899	25
CP012026	1302900	25
CP012026	1302901	25
CP012026	1302902	27
CP012026	1302903	27
CP012026	1302904	27
CP012026	1302905	27
CP012026	1302906	27
CP012026	1302907	27
CP012026	1302908	27
CP012026	1302909	27
CP012026	1302910	27
CP012026	1302911	26
CP012026	1302912	26
CP012026	1302913	26
CP012026	1302914	27
CP012026	1302915	27
CP012026	1302916	27
CP012026	1302917	27
CP012026	1302918	27
CP012026	1302919	29
CP012026	1302920	29
CP012026	1302921	29
CP012026	1302922	28
CP012026	1302923	28
CP012026	1302924	28
CP012026	1302925	28
CP012026	1302926	28
CP012026	1302927	28
CP012026	1302928	28
CP012026	1302929	28
CP012026	1302930	28
CP012026	1302931	28
CP012026	1302932	28
CP012026	1302933	28
CP012026	1302934	28
CP012026	1302935	28
CP012026	1302936	28
CP012026	1302937	28
CP012026	1302938	28
CP012026	1302939	23
CP012026	1302940	22
CP012026	1302941	22
CP012026	1302942	22
CP012026	1302943	22
CP012026	1302944	22
CP012026	1302945	22
CP012026	1302946	22
CP012026	1302947	22
CP012026	1302948	22
CP012026	1302949	22
CP012026	1302950	22
CP012026	1302951	22
CP012026	1302952	22
CP012026	1302953	22
CP012026	1302954	21
CP012026	1302955	21
CP012026	1302956	22
CP012026	1302957	22
CP012026	1302958	22
CP012026	1302959	25
CP012026	1302960	25
CP012026	1302961	27
CP012026	1302962	27
CP012026	1302963	27
CP012026	1302964	27
CP012026	1302965	27
CP012026	1302966	27
CP012026	1302967	27
CP012026	1302968	27
CP012026	1302969	27
CP012026	1302970	27
CP012026	1302971	27
CP012026	1302972	27
CP012026	1302973	27
CP012026	1302974	27
CP012026	1302975	27
CP012026	1302976	27
CP012026	1302977	27
CP012026	1302978	27
CP012026	1302979	27
CP012026	1302980	26
CP012026	1302981	26
CP012026	1302982	26
CP012026	1302983	26
CP012026	1302984	27
CP012026	1302985	27
CP012026	1302986	27
CP012026	1302987	29
CP012026	1302988	29
CP012026	1302989	29
CP012026	1302990	30
CP012026	1302991	30
CP012026	1302992	30
CP012026	1302993	30
CP012026	1302994	30
CP012026	1302995	30
CP012026	1302996	30
CP012026	1302997	30
CP012026	1302998	30
CP012026	1302999	30
CP012026	1303000	30
CP012026	1303001	30
CP012026	1303002	30
CP012026	1303003	30
CP012026	1303004	30
CP012026	1303005	32
CP012026	1303006	33
CP012026	1303007	33
CP012026	1303008	33
CP012026	1303009	33
CP012026	1303010	33
CP012026	1303011	33
CP012026	1303012	33
CP012026	1303013	33
CP012026	1303014	33
CP012026	1303015	33
CP012026	1303016	33
CP012026	1303017	33
CP012026	1303018	33
CP012026	1303019	33
CP012026	1303020	33
CP012026	1303021	33
CP012026	1303022	33
CP012026	1303023	35
CP012026	1303024	35
CP012026	1303025	37
CP012026	1303026	37
CP012026	1303027	37
CP012026	1303028	37
CP012026	1303029	35
CP012026	1303030	34
CP012026	1303031	34
CP012026	1303032	34
CP012026	1303033	34
CP012026	1303034	34
CP012026	1303035	34
CP012026	1303036	34
CP012026	1303037	34
CP012026	1303038	34
CP012026	1303039	34
CP012026	1303040	34
CP012026	1303041	34
CP012026	1303042	34
CP012026	1303043	34
CP012026	1303044	34
CP012026	1303045	34
CP012026	1303046	35
CP012026	1303047	35
CP012026	1303048	35
CP012026	1303049	35
CP012026	1303050	35
CP012026	1303051	35
CP012026	1303052	35
CP012026	1303053	35
CP012026	1303054	35
CP012026	1303055	35
CP012026	1303056	33
CP012026	1303057	33
CP012026	1303058	35
CP012026	1303059	34
CP012026	1303060	35
CP012026	1303061	35
CP012026	1303062	33
CP012026	1303063	34
CP012026	1303064	35
CP012026	1303065	35
CP012026	1303066	35
CP012026	1303067	35
CP012026	1303068	36
CP012026	1303069	36
CP012026	1303070	36
CP012026	1303071	36
CP012026	1303072	36
CP012026	1303073	36
CP012026	1303074	36
CP012026	1303075	36
CP012026	1303076	36
CP012026	1303077	36
CP012026	1303078	36
CP012026	1303079	36
CP012026	1303080	36
CP012026	1303081	36
CP012026	1303082	36
CP012026	1303083	36
CP012026	1303084	36
CP012026	1303085	36
CP012026	1303086	36
CP012026	1303087	36
CP012026	1303088	36
CP012026	1303089	36
CP012026	1303090	36
CP012026	1303091	36
CP012026	1303092	36
CP012026	1303093	36
CP012026	1303094	36
CP012026	1303095	36
CP012026	1303096	36
CP012026	1303097	36
CP012026	1303098	35
CP012026	1303099	35
CP012026	1303100	35
CP012026	1303101	35
CP012026	1303102	35
CP012026	1303103	35
CP012026	1303104	35
CP012026	1303105	35
CP012026	1303106	35
CP012026	1303107	35
CP012026	1303108	35
CP012026	1303109	35
CP012026	1303110	35
CP012026	1303111	37
CP012026	1303112	37
CP012026	1303113	37
CP012026	1303114	37
CP012026	1303115	37
CP012026	1303116	37
CP012026	1303117	37
CP012026	1303118	36
CP012026	1303119	37
CP012026	1303120	37
CP012026	1303121	39
CP012026	1303122	39
CP012026	1303123	39
CP012026	1303124	39
CP012026	1303125	39
CP012026	1303126	39
CP012026	1303127	39
CP012026	1303128	39
CP012026	1303129	39
CP012026	1303130	39
CP012026	1303131	39
CP012026	1303132	39
CP012026	1303133	39
CP012026	1303134	38
CP012026	1303135	38
CP012026	1303136	38
CP012026	1303137	38
CP012026	1303138	38
CP012026	1303139	38
CP012026	1303140	38
CP012026	1303141	38
CP012026	1303142	38
CP012026	1303143	38
CP012026	1303144	38
CP012026	1303145	38
CP012026	1303146	38
CP012026	1303147	36
CP012026	1303148	36
CP012026	1303149	37
CP012026	1303150	38
CP012026	1303151	38
CP012026	1303152	36
CP012026	1303153	34
CP012026	1303154	32
CP012026	1303155	32
CP012026	1303156	32
CP012026	1303157	32
CP012026	1303158	32
CP012026	1303159	32
CP012026	1303160	32
CP012026	1303161	32
CP012026	1303162	32
CP012026	1303163	32
CP012026	1303164	32
CP012026	1303165	29
CP012026	1303166	31
CP012026	1303167	31
CP012026	1303168	31
CP012026	1303169	31
CP012026	1547933	42
CP012026	1547934	42
CP012026	1547935	42
CP012026	1547936	44
CP012026	1547937	42
CP012026	1547938	39
CP012026	1547939	40
CP012026	1547940	40
CP012026	1547941	40
CP012026	1547942	40
CP012026	1547943	40
CP012026	1547944	40
CP012026	1547945	41
CP012026	1547946	41
CP012026	1547947	41
CP012026	1547948	41
CP012026	1547949	42
CP012026	1547950	42
CP012026	1547951	42
CP012026	1547952	43
CP012026	1547953	43
CP012026	1547954	43
CP012026	1547955	43
CP012026	1547956	43
CP012026	1547957	43
CP012026	1547958	43
CP012026	1547959	43
CP012026	1547960	43
CP012026	1547961	43
CP012026	1547962	43
CP012026	1547963	45
CP012026	1547964	45
CP012026	1547965	45
CP012026	1547966	45
CP012026	1547967	45
CP012026	1547968	45
CP012026	1547969	45
CP012026	1547970	45
CP012026	1547971	45
CP012026	1547972	47
CP012026	1547973	47
CP012026	1547974	47
CP012026	1547975	47
CP012026	1547976	47
CP012026	1547977	47
CP012026	1547978	47
CP012026	1547979	45
CP012026	1547980	45
CP012026	1547981	48
CP012026	1547982	48
CP012026	1547983	48
CP012026	1547984	48
CP012026	1547985	48
CP012026	1547986	48
CP012026	1547987	48
CP012026	1547988	48
CP012026	1547989	48
CP012026	1547990	48
CP012026	1547991	48
CP012026	1547992	48
CP012026	1547993	48
CP012026	1547994	48
CP012026	1547995	48
CP012026	1547996	48
CP012026	1547997	46
CP012026	1547998	46
CP012026	1547999	46
CP012026	1548000	46
CP012026	1548001	46
CP012026	1548002	45
CP012026	1548003	45
CP012026	1548004	45
CP012026	1548005	45
CP012026	1548006	44
CP012026	1548007	44
CP012026	1548008	40
CP012026	1548009	39
CP012026	1548010	39
CP012026	1548011	39
CP012026	1548012	39
CP012026	1548013	39
CP012026	1548014	41
CP012026	1548015	41
CP012026	1548016	41
CP012026	1548017	43
CP012026	1548018	43
CP012026	1548019	43
CP012026	1548020	43
CP012026	1548021	43
CP012026	1548022	44
CP012026	1548023	40
CP012026	1548024	40
CP012026	1548025	40
CP012026	1548026	40
CP012026	1548027	40
CP012026	1548028	36
CP012026	1548029	36
CP012026	1548030	36
CP012026	1548031	34
CP012026	1548032	34
CP012026	1548033	34
CP012026	1548034	34
CP012026	1548035	34
CP012026	1548036	34
CP012026	1548037	34
CP012026	1548038	34
CP012026	1548039	34
CP012026	1548040	34
CP012026	1548041	34
CP012026	1548042	34
CP012026	1548043	35
CP012026	1548044	35
CP012026	1548045	35
CP012026	1548046	35
CP012026	1548047	35
CP012026	1548048	35
CP012026	1548049	35
CP012026	1548050	35
CP012026	1548051	35
CP012026	1548052	35
CP012026	1548053	35
CP012026	1548054	35
CP012026	1548055	37
CP012026	1548056	37
CP012026	1548057	37
CP012026	1548058	37
CP012026	1548059	35
CP012026	1548060	35
CP012026	1548061	29
CP012026	1548062	29
CP012026	1548063	28
CP012026	1548064	28
CP012026	1548065	28
CP012026	1548066	28
CP012026	1548067	28
CP012026	1548068	28
CP012026	1548069	28
CP012026	1548070	28
CP012026	1548071	32
CP012026	1548072	33
CP012026	1548073	35
CP012026	1548074	35
CP012026	1548075	35
CP012026	1548076	35
CP012026	1548077	35
CP012026	1548078	35
CP012026	1548079	35
CP012026	1548080	31
CP012026	1548081	31
CP012026	1548082	31
CP012026	1548083	31
CP012026	1548084	31
CP012026	1548085	31
CP012026	1548086	31
CP012026	1548087	31
CP012026	1548088	31
CP012026	1548089	31
CP012026	1548090	33
CP012026	1548091	33
CP012026	1548092	33
CP012026	1548093	35
CP012026	1548094	34
CP012026	1548095	34
CP012026	1548096	35
CP012026	1548097	35
CP012026	1548098	35
CP012026	1548099	35
CP012026	1548100	36
CP012026	1548101	36
CP012026	1548102	36
CP012026	1548103	36
CP012026	1548104	34
CP012026	1548105	34
CP012026	1548106	34
CP012026	1548107	34
CP012026	1548108	34
CP012026	1548109	34
CP012026	1548110	34
CP012026	1548111	34
CP012026	1548112	34
CP012026	1548113	34
CP012026	1548114	34
CP012026	1548115	34
CP012026	1548116	33
CP012026	1548117	34
CP012026	1548118	33
CP012026	1548119	33
CP012026	1548120	33
CP012026	1548121	33
CP012026	1548122	33
CP012026	1548123	33
CP012026	1548124	33
CP012026	1548125	33
CP012026	1548126	33
CP012026	1548127	33
CP012026	1548128	34
CP012026	1548129	36
CP012026	1548130	36
CP012026	1548131	36
CP012026	1548132	36
CP012026	1548133	36
CP012026	1548134	36
CP012026	1548135	36
CP012026	1548136	36
CP012026	1548137	36
CP012026	1548138	36
CP012026	1548139	36
CP012026	1548140	36
CP012026	1548141	36
CP012026	1548142	36
CP012026	1548143	36
CP012026	1548144	34
CP012026	1548145	34
CP012026	1548146	34
CP012026	1548147	34
CP012026	1548148	34
CP012026	1548149	34
CP012026	1548150	34
CP012026	1548151	34
CP012026	1548152	34
CP012026	1548153	34
CP012026	1548154	34
CP012026	1548155	34
CP012026	1548156	34
CP012026	1548157	34
CP012026	1548158	34
CP012026	1548159	34
CP012026	1548160	34
CP012026	1548161	34
CP012026	1548162	34
CP012026	1548163	34
CP012026	1548164	34
CP012026	1548165	34
CP012026	1548166	34
CP012026	1548167	34
CP012026	1548168	34
CP012026	1548169	34
CP012026	1548170	34
CP012026	1548171	34
CP012026	1548172	35
CP012026	1548173	35
CP012026	1548174	35
CP012026	1548175	35
CP012026	1548176	36
CP012026	1548177	36
CP012026	1548178	36
CP012026	1548179	36
CP012026	1548180	36
CP012026	1548181	36
CP012026	1548182	36
CP012026	1548183	37
CP012026	1548184	37
CP012026	1548185	35
CP012026	1548186	35
CP012026	1548187	35
CP012026	1548188	35
CP012026	1548189	34
CP012026	1548190	34
CP012026	1548191	35
CP012026	1548192	38
CP012026	1548193	38
CP012026	1548194	38
CP012026	1548195	38
CP012026	1548196	37
CP012026	1548197	37
CP012026	1548198	37
CP012026	1548199	37
CP012026	1548200	36
CP012026	1548201	34
CP012026	1548202	33
CP012026	1548203	33
CP012026	1548204	33
CP012026	1548205	33
CP012026	1548206	33
CP012026	1548207	33
CP012026	1548208	33
CP012026	1548209	33
CP012026	1548210	33
CP012026	1548211	33
CP012026	1548212	33
CP012026	1548213	35
CP012026	1548214	35
CP012026	1548215	35
CP012026	1548216	35
CP012026	1548217	35
CP012026	1548218	35
CP012026	1548219	35
CP012026	1548220	35
CP012026	1548221	36
CP012026	1548222	34
CP012026	1548223	34
CP012026	1548224	32
CP012026	1548225	32
CP012026	1548226	32
CP012026	1548227	33
CP012026	1548228	33
CP012026	1548229	33
CP012026	1548230	33
CP012026	1548231	32
CP012026	1548232	30
CP012026	1548233	32
CP012026	1548234	32
CP012026	1548235	33
CP012026	1548236	33
CP012026	1548237	34
CP012026	1548238	34
CP012026	1548239	35
CP012026	1548240	35
CP012026	1548241	35
CP012026	1548242	33
CP012026	1548243	33
CP012026	1548244	33
CP012026	1548245	33
CP012026	1548246	33
CP012026	1548247	33
CP012026	1548248	33
CP012026	1548249	34
CP012026	1548250	34
CP012026	1548251	34
CP012026	1548252	34
CP012026	1548253	34
CP012026	1548254	34
CP012026	1548255	34
CP012026	1548256	34
CP012026	1548257	34
CP012026	1548258	34
CP012026	1548259	34
CP012026	1548260	36
CP012026	1548261	36
CP012026	1548262	36
CP012026	1548263	36
CP012026	1548264	36
CP012026	1548265	36
CP012026	1548266	36
CP012026	1548267	36
CP012026	1548268	37
CP012026	1548269	37
CP012026	1548270	37
CP012026	1548271	37
CP012026	1548272	37
CP012026	1548273	36
CP012026	1548274	36
CP012026	1548275	36
CP012026	1548276	36
CP012026	1548277	38
CP012026	1548278	38
CP012026	1548279	38
CP012026	1548280	38
CP012026	1548281	38
CP012026	1548282	38
CP012026	1548283	38
CP012026	1548284	38
CP012026	1548285	38
CP012026	1548286	38
CP012026	1548287	36
CP012026	1548288	37
CP012026	1548289	37
CP012026	1548290	37
CP012026	1548291	37
CP012026	1548292	37
CP012026	1548293	34
CP012026	1548294	38
CP012026	1548295	38
CP012026	1548296	38
CP012026	1548297	38
CP012026	1548298	38
CP012026	1548299	38
CP012026	1548300	38
CP012026	1548301	38
CP012026	1548302	38
CP012026	1548303	38
CP012026	1548304	38
CP012026	1548305	38
CP012026	1548306	37
CP012026	1548307	35
CP012026	1548308	37
CP012026	1548309	37
CP012026	1548310	37
CP012026	1548311	37
CP012026	1548312	37
CP012026	1548313	37
CP012026	1548314	37
CP012026	1548315	37
CP012026	1548316	37
CP012026	1548317	37
CP012026	1548318	37
CP012026	1548319	37
CP012026	1548320	37
CP012026	1548321	37
CP012026	1548322	38
CP012026	1548323	38
CP012026	1548324	38
CP012026	1548325	38
CP012026	1548326	36
CP012026	1548327	36
CP012026	1548328	36
CP012026	1548329	36
CP012026	1548330	38
CP012026	1548331	38
CP012026	1548332	38
CP012026	1548333	38
CP012026	1548334	38
CP012026	1548335	38
CP012026	1548336	39
CP012026	1548337	39
CP012026	1548338	39
CP012026	1548339	39
CP012026	1548340	39
CP012026	1548341	39
CP012026	1548342	40
CP012026	1548343	40
CP012026	1548344	40
CP012026	1548345	39
CP012026	1548346	39
CP012026	1548347	39
CP012026	1548348	40
CP012026	1548349	40
CP012026	1548350	37
CP012026	1548351	37
CP012026	1548352	38
CP012026	1548353	38
CP012026	1548354	38
CP012026	1548355	38
CP012026	1548356	38
CP012026	1548357	39
CP012026	1548358	39
CP012026	1548359	40
CP012026	1548360	41
CP012026	1548361	41
CP012026	1548362	43
CP012026	1548363	43
CP012026	1548364	43
CP012026	1548365	43
CP012026	1548366	41
CP012026	1548367	40
CP012026	1548368	40
CP012026	1548369	40
CP012026	1548370	40
CP012026	1548371	38
CP012026	1548372	38
CP012026	1548373	39
CP012026	1548374	39
CP012026	1548375	39
CP012026	1548376	39
CP012026	1548377	39
CP012026	1548378	39
CP012026	1548379	38
CP012026	1548380	40
CP012026	1548381	43
CP012026	1548382	43
CP012026	1548383	43
CP012026	1548384	43
CP012026	1548385	43
CP012026	1548386	43
CP012026	1548387	43
CP012026	1548388	43
CP012026	1548389	43
CP012026	1548390	43
CP012026	1548391	43
CP012026	1548392	44
CP012026	1548393	44
CP012026	1548394	44
CP012026	1548395	44
CP012026	1548396	44
CP012026	1548397	44
CP012026	1548398	44
CP012026	1548399	44
CP012026	1548400	44
CP012026	1548401	44
CP012026	1548402	44
CP012026	1548403	44
CP012026	1548404	44
CP012026	1548405	44
CP012026	1548406	44
CP012026	1548407	44
CP012026	1548408	44
CP012026	1548409	44
CP012026	1548410	42
CP012026	1548411	43
CP012026	1548412	43
CP012026	1548413	46
CP012026	1548414	46
CP012026	1548415	46
CP012026	1548416	46
CP012026	1548417	46
CP012026	1548418	46
CP012026	1548419	46
CP012026	1548420	46
CP012026	1548421	46
CP012026	1548422	46
CP012026	1548423	45
CP012026	1548424	45
CP012026	1548425	45
CP012026	1548426	45
CP012026	1548427	44
CP012026	1548428	44
CP012026	1548429	46
CP012026	1548430	46
CP012026	1548431	46
CP012026	1548432	46
CP012026	1548433	49
CP012026	1548434	48
CP012026	1548435	48
CP012026	1548436	48
CP012026	1548437	48
CP012026	1548438	49
CP012026	1548439	49
CP012026	1548440	49
CP012026	1548441	49
CP012026	1548442	47
CP012026	1548443	48
CP012026	1548444	48
CP012026	1548445	48
CP012026	1548446	48
CP012026	1548447	48
CP012026	1548448	48
CP012026	1548449	48
CP012026	1548450	49
CP012026	1548451	49
CP012026	1548452	49
CP012026	1548453	49
CP012026	1548454	49
CP012026	1548455	49
CP012026	1548456	50
CP012026	1548457	50
CP012026	1548458	50
CP012026	1548459	51
CP012026	1548460	52
CP012026	1548461	52
CP012026	1548462	53
CP012026	1548463	51
CP012026	1548464	52
CP012026	1548465	52
CP012026	1548466	52
CP012026	1548467	53
CP012026	1548468	55
CP012026	1548469	55
CP012026	1548470	55
CP012026	1548471	55
CP012026	1548472	54
CP012026	1548473	54
CP012026	1548474	55
CP012026	1548475	56
CP012026	1548476	56
CP012026	1548477	57
CP012026	1548478	56
CP012026	1548479	56
CP012026	1548480	56
CP012026	1548481	57
CP012026	1548482	57
CP012026	1548483	57
CP012026	1548484	55
CP012026	1548485	55
CP012026	1548486	54
CP012026	1548487	54
CP012026	1548488	53
CP012026	1548489	55
CP012026	1548490	54
CP012026	1548491	54
CP012026	1548492	54
CP012026	1548493	54
CP012026	1548494	54
CP012026	1548495	54
CP012026	1548496	54
CP012026	1548497	54
CP012026	1548498	54
CP012026	1548499	53
CP012026	1548500	55
CP012026	1548501	56
CP012026	1548502	56
CP012026	1548503	56
CP012026	1548504	57
CP012026	1548505	57
CP012026	1548506	57
CP012026	1548507	57
CP012026	1548508	57
CP012026	1548509	57
CP012026	1548510	57
CP012026	1548511	55
CP012026	1548512	55
CP012026	1548513	55
CP012026	1548514	56
CP012026	1548515	56
CP012026	1548516	56
CP012026	1548517	56
CP012026	1548518	56
CP012026	1548519	56
CP012026	1548520	56
CP012026	1548521	56
CP012026	1548522	56
CP012026	1548523	56
CP012026	1548524	56
CP012026	1548525	56
CP012026	1548526	56
CP012026	1548527	58
CP012026	1548528	56
CP012026	1548529	56
CP012026	1548530	56
CP012026	1548531	56
CP012026	1548532	57
CP012026	1548533	57
CP012026	1548534	57
CP012026	1548535	57
CP012026	1548536	53
CP012026	1548537	53
CP012026	1548538	53
CP012026	1548539	53
CP012026	1548540	54
CP012026	1548541	54
CP012026	1548542	54
CP012026	1548543	54
CP012026	1548544	54
CP012026	1548545	54
CP012026	1548546	56
CP012026	1548547	56
CP012026	1548548	54
CP012026	1548549	54
CP012026	1548550	54
CP012026	1548551	54
CP012026	1548552	54
CP012026	1548553	54
CP012026	1548554	54
CP012026	1548555	54
CP012026	1548556	52
CP012026	1548557	53
CP012026	1548558	53
CP012026	1548559	53
CP012026	1548560	53
CP012026	1548561	53
CP012026	1548562	53
CP012026	1548563	53
CP012026	1548564	51
CP012026	1548565	51
CP012026	1548566	51
CP012026	1548567	51
CP012026	1548568	51
CP012026	1548569	51
CP012026	1548570	53
CP012026	1548571	53
CP012026	1548572	53
CP012026	1548573	52
CP012026	1548574	52
CP012026	1548575	52
CP012026	1548576	52
CP012026	1548577	52
CP012026	1548578	52
CP012026	1548579	52
CP012026	1548580	54
CP012026	1548581	52
CP012026	1548582	54
CP012026	1548583	54
CP012026	1548584	54
CP012026	1548585	56
CP012026	1548586	56
CP012026	1548587	55
CP012026	1548588	55
CP012026	1548589	55
CP012026	1548590	55
CP012026	1548591	55
CP012026	1548592	54
CP012026	1548593	55
CP012026	1548594	55
CP012026	1548595	55
CP012026	1548596	55
CP012026	1548597	55
CP012026	1548598	54
CP012026	1548599	54
CP012026	1548600	54
CP012026	1548601	54
CP012026	1548602	53
CP012026	1548603	53
CP012026	1548604	53
CP012026	1548605	53
CP012026	1548606	53
CP012026	1548607	53
CP012026	1548608	52
CP012026	1548609	51
CP012026	1548610	51
CP012026	1548611	50
CP012026	1548612	51
CP012026	1548613	51
CP012026	1548614	51
CP012026	1548615	51
CP012026	1548616	51
CP012026	1548617	53
CP012026	1548618	53
CP012026	1548619	53
CP012026	1548620	53
CP012026	1548621	53
CP012026	1548622	55
CP012026	1548623	55
CP012026	1548624	54
CP012026	1548625	54
CP012026	1548626	54
CP012026	1548627	54
CP012026	1548628	54
CP012026	1548629	54
CP012026	1548630	54
CP012026	1548631	52
CP012026	1548632	47
CP012026	1548633	47
CP012026	1548634	48
CP012026	1548635	47
CP012026	1548636	48
CP012026	1548637	48
CP012026	1548638	48
CP012026	1548639	48
CP012026	1548640	48
CP012026	1548641	48
CP012026	1548642	47
CP012026	1548643	47
CP012026	1548644	47
CP012026	1548645	47
CP012026	1548646	47
CP012026	1548647	47
CP012026	1548648	47
CP012026	1548649	47
CP012026	1548650	47
CP012026	1548651	47
CP012026	1548652	47
CP012026	1548653	47
CP012026	1548654	48
CP012026	1548655	48
CP012026	1548656	48
CP012026	1548657	48
CP012026	1548658	48
CP012026	1548659	48
CP012026	1548660	48
CP012026	1548661	49
CP012026	1548662	50
CP012026	1548663	50
CP012026	1548664	49
CP012026	1548665	49
CP012026	1548666	49
CP012026	1548667	49
CP012026	1548668	49
CP012026	1548669	49
CP012026	1548670	49
CP012026	1548671	49
CP012026	1548672	49
CP012026	1548673	49
CP012026	1548674	49
CP012026	1548675	50
CP012026	1548676	50
CP012026	1548677	50
CP012026	1548678	50
CP012026	1548679	50
CP012026	1548680	50
CP012026	1548681	50
CP012026	1548682	50
CP012026	1548683	49
CP012026	1548684	49
CP012026	1548685	50
CP012026	1548686	50
CP012026	1548687	50
CP012026	1548688	50
CP012026	1548689	49
CP012026	1548690	49
CP012026	1548691	49
CP012026	1548692	49
CP012026	1548693	49
CP012026	1548694	48
CP012026	1548695	48
CP012026	1548696	48
CP012026	1548697	48
CP012026	1548698	48
CP012026	1548699	49
CP012026	1548700	49
CP012026	1548701	48
CP012026	1548702	48
CP012026	1548703	48
CP012026	1548704	48
CP012026	1548705	48
CP012026	1548706	48
CP012026	1548707	47
CP012026	1548708	47
CP012026	1548709	47
CP012026	1548710	46
CP012026	1548711	43
CP012026	1548712	43
CP012026	1548713	42
CP012026	1548714	42
CP012026	1548715	42
CP012026	1548716	41
CP012026	1548717	41
CP012026	1548718	40
CP012026	1548719	38
CP012026	1548720	40
CP012026	1548721	40
CP012026	1548722	38
CP012026	1548723	38
CP012026	1548724	37
CP012026	1548725	36
CP012026	1548726	37
CP012026	1548727	37
CP012026	1548728	37
CP012026	1548729	37
CP012026	1548730	37
CP012026	1548731	38
CP012026	1548732	38
CP012026	1548733	38
CP012026	1548734	38
CP012026	1548735	38
CP012026	1548736	38
CP012026	1548737	38
CP012026	1548738	38
CP012026	1548739	38
CP012026	1548740	36
CP012026	1548741	36
CP012026	1548742	36
CP012026	1548743	36
CP012026	1548744	36
CP012026	1548745	36
CP012026	1548746	36
CP012026	1548747	36
CP012026	1548748	37
CP012026	1548749	37
CP012026	1548750	37
CP012026	1548751	35
CP012026	1548752	34
CP012026	1548753	35
CP012026	1548754	36
CP012026	1548755	33
CP012026	1548756	33
CP012026	1548757	33
CP012026	1548758	33
CP012026	1548759	33
CP012026	1548760	37
CP012026	1548761	37
CP012026	1548762	37
CP012026	1548763	37
CP012026	1548764	37
CP012026	1548765	34
CP012026	1548766	34
CP012026	1548767	34
CP012026	1548768	34
CP012026	1548769	33
CP012026	1548770	33
CP012026	1548771	33
CP012026	1548772	35
CP012026	1548773	35
CP012026	1548774	35
CP012026	1548775	35
CP012026	1548776	35
CP012026	1548777	35
CP012026	1548778	35
CP012026	1548779	35
CP012026	1548780	35
CP012026	1548781	35
CP012026	1548782	35
CP012026	1548783	34
CP012026	1548784	34
CP012026	1548785	34
CP012026	1548786	32
CP012026	1548787	32
CP012026	1548788	32
CP012026	1548789	31
CP012026	1548790	31
CP012026	1548791	31
CP012026	1548792	31
CP012026	1548793	31
CP012026	1548794	31
CP012026	1548795	31
CP012026	1548796	31
CP012026	1548797	31
CP012026	1548798	31
CP012026	1548799	31
CP012026	1548800	31
CP012026	1548801	31
CP012026	1548802	31
CP012026	1548803	31
CP012026	1548804	31
CP012026	1548805	31
CP012026	1548806	31
CP012026	1548807	31
CP012026	1548808	32
CP012026	1548809	32
CP012026	1548810	32
CP012026	1548811	32
CP012026	1548812	32
CP012026	1548813	32
CP012026	1548814	32
CP012026	1548815	32
CP012026	1548816	32
CP012026	1548817	32
CP012026	1548818	32
CP012026	1548819	32
CP012026	1548820	32
CP012026	1548821	32
CP012026	1548822	32
CP012026	1548823	34
CP012026	1548824	34
CP012026	1548825	34
CP012026	1548826	34
CP012026	1548827	34
CP012026	1548828	35
CP012026	1548829	35
CP012026	1548830	35
CP012026	1548831	35
CP012026	1548832	33
CP012026	1548833	33
CP012026	1548834	33
CP012026	1548835	33
CP012026	1548836	33
CP012026	1548837	35
CP012026	1548838	35
CP012026	1548839	35
CP012026	1548840	35
CP012026	1548841	35
CP012026	1548842	35
CP012026	1548843	35
CP012026	1548844	34
CP012026	1548845	34
CP012026	1548846	34
CP012026	1548847	34
CP012026	1548848	34
CP012026	1548849	34
CP012026	1548850	34
CP012026	1548851	34
CP012026	1548852	34
CP012026	1548853	34
CP012026	1548854	34
CP012026	1548855	34
CP012026	1548856	34
CP012026	1548857	34
CP012026	1548858	34
CP012026	1548859	34
CP012026	1548860	34
CP012026	1548861	34
CP012026	1548862	34
CP012026	1548863	33
CP012026	1548864	34
CP012026	1548865	34
CP012026	1548866	35
CP012026	1548867	35
CP012026	1548868	33
CP012026	1548869	33
CP012026	1548870	33
CP012026	1548871	31
CP012026	1548872	31
CP012026	1548873	31
CP012026	1548874	31
CP012026	1548875	31
CP012026	1548876	31
CP012026	1548877	31
CP012026	1548878	31
CP012026	1548879	31
CP012026	1548880	31
CP012026	1548881	31
CP012026	1548882	31
CP012026	1548883	31
CP012026	1548884	31
CP012026	1548885	30
CP012026	1548886	30
CP012026	1548887	30
CP012026	1548888	30
CP012026	1548889	30
CP012026	1548890	30
CP012026	1548891	30
CP012026	1548892	30
CP012026	1548893	30
CP012026	1548894	30
CP012026	1548895	30
CP012026	1548896	30
CP012026	1548897	30
CP012026	1548898	30
CP012026	1548899	30
CP012026	1548900	30
CP012026	1548901	30
CP012026	1548902	28
CP012026	1548903	29
CP012026	1548904	28
CP012026	1548905	28
CP012026	1548906	28
CP012026	1548907	28
CP012026	1548908	28
CP012026	1548909	28
CP012026	1548910	28
CP012026	1548911	28
CP012026	1548912	28
CP012026	1548913	27
CP012026	1548914	27
CP012026	1548915	27
CP012026	1548916	27
CP012026	1548917	27
CP012026	1548918	27
CP012026	1548919	27
CP012026	1548920	27
CP012026	1548921	27
CP012026	1548922	27
CP012026	1548923	27
CP012026	1548924	27
CP012026	1548925	26
CP012026	1548926	26
CP012026	1548927	27
CP012026	1548928	27
CP012026	1548929	27
CP012026	1548930	27
CP012026	1548931	27
CP012026	1548932	27
CP012026	1548933	27
CP012026	1548934	27
CP012026	1548935	27
CP012026	1548936	24
CP012026	1548937	24
CP012026	1548938	24
CP012026	1548939	24
CP012026	1548940	24
CP012026	1548941	24
CP012026	1548942	24
CP012026	1548943	24
CP012026	1548944	24
CP012026	1548945	22
CP012026	1548946	22
CP012026	1548947	23
CP012026	1548948	23
CP012026	1548949	23
CP012026	1548950	22
CP012026	1548951	22
CP012026	1548952	22
CP012026	1548953	22
CP012026	1548954	22
CP012026	1548955	23
CP012026	1548956	23
CP012026	1548957	23
CP012026	1548958	23
CP012026	1548959	24
CP012026	1548960	24
CP012026	1548961	24
CP012026	1548962	24
CP012026	1548963	24
CP012026	1548964	24
CP012026	1548965	24
CP012026	1548966	24
CP012026	1548967	24
CP012026	1548968	24
CP012026	1548969	24
CP012026	1548970	24
CP012026	1548971	24
CP012026	1548972	24
CP012026	1548973	24
CP012026	1548974	24
CP012026	1548975	24
CP012026	1548976	24
CP012026	1548977	23
CP012026	1548978	23
CP012026	1548979	22
CP012026	1548980	21
CP012026	1548981	21
CP012026	1548982	20
CP012026	1548983	20
CP012026	1548984	20
CP012026	1548985	20
CP012026	1548986	21
CP012026	1548987	21
CP012026	1548988	22
CP012026	1548989	22
CP012026	1548990	22
CP012026	1548991	22
CP012026	1548992	22
CP012026	1548993	24
CP012026	1548994	24
CP012026	1548995	24
CP012026	1548996	20
CP012026	1548997	20
CP012026	1548998	20
CP012026	1548999	19
CP012026	1549000	19
CP012026	1549001	19
CP012026	1549002	22
CP012026	1549003	22
CP012026	1549004	19
CP012026	1549005	18
CP012026	1549006	18
CP012026	1549007	20
CP012026	1549008	20
CP012026	1549009	20
CP012026	1549010	20
CP012026	1549011	19
CP012026	1549012	19
CP012026	1549013	19
CP012026	1549014	19
CP012026	1549015	19
CP012026	1549016	19
CP012026	1549017	19
CP012026	1549018	19
CP012026	1549019	19
CP012026	1549020	19
CP012026	1549021	19
CP012026	1549022	19
CP012026	1549023	19
CP012026	1549024	19
CP012026	1549025	19
CP012026	1549026	19
CP012026	1549027	19
CP012026	1549028	19
CP012026	1549029	19
CP012026	1549030	19
CP012026	1549031	19
CP012026	1549032	19
CP012026	1549033	19
CP012026	1549034	20
CP012026	1549035	20
CP012026	1549036	20
CP012026	1549037	20
CP012026	1549038	20
CP012026	1549039	20
CP012026	1549040	20
CP012026	1549041	20
CP012026	1549042	19
CP012026	1549043	19
CP012026	1549044	19
CP012026	1549045	19
CP012026	1549046	19
CP012026	1549047	19
CP012026	1549048	19
CP012026	1549049	19
CP012026	1549050	19
CP012026	1549051	19
CP012026	1549052	19
CP012026	1549053	19
CP012026	1549054	19
CP012026	1549055	19
CP012026	1549056	19
CP012026	1549057	19
CP012026	1549058	19
CP012026	1549059	19
CP012026	1549060	19
CP012026	1549061	19
CP012026	1549062	19
CP012026	1549063	19
CP012026	1549064	20
CP012026	1549065	20
CP012026	1549066	20
CP012026	1549067	20
CP012026	1549068	20
CP012026	1549069	20
CP012026	1549070	22
CP012026	1549071	22
CP012026	1549072	22
CP012026	1549073	22
CP012026	1549074	22
CP012026	1549075	22
CP012026	1549076	22
CP012026	1549077	22
CP012026	1549078	21
CP012026	1549079	21
CP012026	1549080	21
CP012026	1549081	21
CP012026	1549082	21
CP012026	1549083	21
CP012026	1549084	21
CP012026	1549085	23
CP012026	1549086	23
CP012026	1549087	23
CP012026	1549088	23
CP012026	1549089	23
CP012026	1549090	23
CP012026	1549091	23
CP012026	1549092	23
CP012026	1549093	23
CP012026	1549094	23
CP012026	1549095	23
CP012026	1549096	23
CP012026	1549097	23
CP012026	1549098	23
CP012026	1549099	23
CP012026	1549100	23
CP012026	1549101	23
CP012026	1549102	23
CP012026	1549103	23
CP012026	1549104	24
CP012026	1549105	24
CP012026	1549106	25
CP012026	1549107	25
CP012026	1549108	25
CP012026	1549109	25
CP012026	1549110	25
CP012026	1549111	25
CP012026	1549112	26
CP012026	1549113	25
CP012026	1549114	25
CP012026	1549115	25
CP012026	1549116	24
CP012026	1549117	24
CP012026	1549118	24
CP012026	1549119	24
CP012026	1549120	24
CP012026	1549121	24
CP012026	1549122	24
CP012026	1549123	24
CP012026	1549124	24
CP012026	1549125	24
CP012026	1549126	24
CP012026	1549127	24
CP012026	1549128	24
CP012026	1549129	25
CP012026	1549130	25
CP012026	1549131	25
CP012026	1549132	25
CP012026	1549133	25
CP012026	1549134	26
CP012026	1549135	26
CP012026	1549136	26
CP012026	1549137	26
CP012026	1549138	26
CP012026	1549139	26
CP012026	1549140	29
CP012026	1549141	29
CP012026	1549142	29
CP012026	1549143	29
CP012026	1549144	29
CP012026	1549145	29
CP012026	1549146	29
CP012026	1549147	29
CP012026	1549148	29
CP012026	1549149	29
CP012026	1549150	31
CP012026	1549151	31
CP012026	1549152	31
CP012026	1549153	30
CP012026	1549154	30
CP012026	1549155	30
CP012026	1549156	30
CP012026	1549157	30
CP012026	1549158	30
CP012026	1549159	30
CP012026	1549160	30
CP012026	1549161	30
CP012026	1549162	30
CP012026	1549163	30
CP012026	1549164	30
CP012026	1549165	30
CP012026	1549166	30
CP012026	1549167	30
CP012026	1549168	30
CP012026	1549169	31
CP012026	1549170	31
CP012026	1549171	32
CP012026	1549172	32
CP012026	1549173	32
CP012026	1549174	32
CP012026	1549175	32
CP012026	1549176	33
CP012026	1549177	33
CP012026	1549178	32
CP012026	1549179	32
CP012026	1549180	32
CP012026	1549181	32
CP012026	1549182	33
CP012026	1549183	33
CP012026	1549184	33
CP012026	1549185	33
CP012026	1549186	33
CP012026	1549187	33
CP012026	1549188	33
CP012026	1549189	33
CP012026	1549190	33
CP012026	1549191	33
CP012026	1549192	42
CP012026	1549193	42
CP012026	1549194	42
CP012026	1549195	40
CP012026	1549196	40
CP012026	1549197	41
CP012026	1549198	44
CP012026	1549199	44
CP012026	1549200	42
CP012026	1549201	42
CP012026	1549202	42
CP012026	1549203	43
CP012026	1549204	43
CP012026	1549205	41
CP012026	1549206	40
CP012026	1549207	41
CP012026	1549208	41
CP012026	1549209	41
CP012026	1549210	40
CP012026	1549211	40
CP012026	1549212	40
CP012026	1549213	40
CP012026	1549214	40
CP012026	1549215	41
CP012026	1549216	41
CP012026	1549217	41
CP012026	1549218	39
CP012026	1549219	39
CP012026	1549220	39
CP012026	1549221	40
CP012026	1549222	40
CP012026	1549223	40
CP012026	1549224	40
CP012026	1549225	40
CP012026	1549226	40
CP012026	1549227	40
CP012026	1549228	40
CP012026	1549229	40
CP012026	1549230	41
CP012026	1549231	41
CP012026	1549232	41
CP012026	1549233	41
CP012026	1549234	41
CP012026	1549235	41
CP012026	1549236	40
CP012026	1549237	40
CP012026	1549238	42
CP012026	1549239	39
CP012026	1549240	39
CP012026	1549241	39
CP012026	1549242	39
CP012026	1549243	39
CP012026	1549244	39
CP012026	1549245	39
CP012026	1549246	39
CP012026	1549247	39
CP012026	1549248	39
CP012026	1549249	39
CP012026	1549250	39
CP012026	1549251	39
CP012026	1549252	38
CP012026	1549253	38
CP012026	1549254	40
CP012026	1549255	40
CP012026	1549256	40
CP012026	1549257	40
CP012026	1549258	40
CP012026	1549259	40
CP012026	1549260	40
CP012026	1549261	40
CP012026	1549262	39
CP012026	1549263	39
CP012026	1549264	39
CP012026	1549265	39
CP012026	1549266	39
CP012026	1549267	39
CP012026	1549268	39
CP012026	1549269	39
CP012026	1549270	39
CP012026	1549271	40
CP012026	1549272	40
CP012026	1549273	40
CP012026	1549274	41
CP012026	1549275	41
CP012026	1549276	41
CP012026	1549277	41
CP012026	1549278	41
CP012026	1549279	41
CP012026	1549280	41
CP012026	1549281	41
CP012026	1549282	41
CP012026	1549283	41
CP012026	1549284	41
CP012026	1549285	40
CP012026	1549286	40
CP012026	1549287	40
CP012026	1549288	41
CP012026	1549289	41
CP012026	1549290	41
CP012026	1549291	41
CP012026	1549292	41
CP012026	1549293	41
CP012026	1549294	41
CP012026	1549295	41
CP012026	1549296	41
CP012026	1549297	41
CP012026	1549298	41
CP012026	1549299	43
CP012026	1549300	43
CP012026	1549301	43
CP012026	1549302	43
CP012026	1549303	43
CP012026	1549304	43
CP012026	1549305	43
CP012026	1549306	43
CP012026	1549307	43
CP012026	1549308	43
CP012026	1549309	43
CP012026	1549310	43
CP012026	1549311	43
CP012026	1549312	43
CP012026	1549313	43
CP012026	1549314	43
CP012026	1549315	42
CP012026	1549316	42
CP012026	1549317	42
CP012026	1549318	43
CP012026	1549319	43
CP012026	1549320	43
CP012026	1549321	43
CP012026	1549322	43
CP012026	1549323	43
CP012026	1549324	43
CP012026	1549325	43
CP012026	1549326	43
CP012026	1549327	43
CP012026	1549328	43
CP012026	1549329	43
CP012026	1549330	43
CP012026	1549331	43
CP012026	1549332	43
CP012026	1549333	43
CP012026	1549334	44
CP012026	1549335	44
CP012026	1549336	44
CP012026	1549337	44
CP012026	1549338	44
CP012026	1549339	44
CP012026	1549340	44
CP012026	1549341	42
CP012026	1549342	42
CP012026	1549343	42
CP012026	1549344	42
CP012026	1549345	42
CP012026	1549346	42
CP012026	1549347	42
CP012026	1549348	42
CP012026	1549349	42
CP012026	1549350	42
CP012026	1549351	42
CP012026	1549352	42
CP012026	1549353	42
CP012026	1549354	42
CP012026	1549355	41
CP012026	1549356	41
CP012026	1549357	40
CP012026	1549358	40
CP012026	1549359	40
CP012026	1549360	40
CP012026	1549361	39
CP012026	1549362	39
CP012026	1549363	39
CP012026	1549364	39
CP012026	1549365	41
CP012026	1549366	41
CP012026	1549367	41
CP012026	1549368	41
CP012026	1549369	41
CP012026	1549370	42
CP012026	1549371	42
CP012026	1549372	40
CP012026	1549373	40
CP012026	1549374	38
CP012026	1549375	38
CP012026	1549376	38
CP012026	1549377	38
CP012026	1549378	38
CP012026	1549379	37
CP012026	1549380	37
CP012026	1549381	37
CP012026	1549382	37
CP012026	1549383	37
CP012026	1549384	35
CP012026	1549385	35
CP012026	1549386	35
CP012026	1549387	35
CP012026	1549388	35
CP012026	1549389	35
CP012026	1549390	34
CP012026	1549391	34
CP012026	1549392	35
CP012026	1549393	36
CP012026	1549394	36
CP012026	1549395	36
CP012026	1549396	36
CP012026	1549397	36
CP012026	1549398	36
CP012026	1549399	36
CP012026	1549400	36
CP012026	1549401	36
CP012026	1549402	36
CP012026	1549403	38
CP012026	1549404	38
CP012026	1549405	38
CP012026	1549406	38
CP012026	1549407	38
CP012026	1549408	38
CP012026	1549409	38
CP012026	1549410	38
CP012026	1549411	38
CP012026	1549412	38
CP012026	1549413	36
CP012026	1549414	36
CP012026	1549415	36
CP012026	1549416	37
CP012026	1549417	37
CP012026	1549418	37
CP012026	1549419	37
CP012026	1549420	34
CP012026	1549421	33
CP012026	1549422	33
CP012026	1549423	33
CP012026	1549424	31
CP012026	1549425	31
CP012026	1549426	31
CP012026	1549427	30
CP012026	1549428	28
CP012026	1549429	28
CP012026	1549430	28
CP012026	1549431	28
CP012026	1549432	25
CP012026	1549433	25
CP012026	1549434	27
CP012026	1549435	27
CP012026	1549436	27
CP012026	1549437	27
CP012026	1549438	27
CP012026	1549439	27
CP012026	1549440	27
CP012026	1549441	28
CP012026	1549442	28
CP012026	1549443	27
CP012026	1549444	27
CP012026	1549445	27
CP012026	1549446	27
CP012026	1549447	27
CP012026	1549448	27
CP012026	1549449	28
CP012026	1549450	28
CP012026	1549451	28
CP012026	1549452	28
CP012026	1549453	28
CP012026	1549454	27
CP012026	1549455	27
CP012026	1549456	29
CP012026	1549457	29
CP012026	1549458	29
CP012026	1549459	29
CP012026	1549460	29
CP012026	1549461	29
CP012026	1549462	29
CP012026	1549463	29
CP012026	1549464	29
CP012026	1549465	28
CP012026	1549466	28
CP012026	1549467	28
CP012026	1549468	30
CP012026	1549469	31
CP012026	1549470	31
CP012026	1549471	30
CP012026	1549472	30
CP012026	1549473	30
CP012026	1549474	30
CP012026	1549475	30
CP012026	1549476	30
CP012026	1549477	30
CP012026	1549478	30
CP012026	1549479	30
CP012026	1549480	29
CP012026	1549481	29
CP012026	1549482	29
CP012026	1549483	29
CP012026	1549484	29
CP012026	1549485	29
CP012026	1549486	29
CP012026	1549487	29
CP012026	1549488	29
CP012026	1549489	28
CP012026	1549490	28
CP012026	1549491	28
CP012026	1549492	28
CP012026	1549493	28
CP012026	1549494	28
CP012026	1549495	28
CP012026	1549496	28
CP012026	1549497	28
CP012026	1549498	28
CP012026	1549499	28
CP012026	1549500	28
CP012026	1549501	28
CP012026	1549502	29
CP012026	1549503	29
CP012026	1549504	29
CP012026	1549505	29
CP012026	1549506	29
CP012026	1549507	29
CP012026	1549508	29
CP012026	1549509	27
CP012026	1549510	27
CP012026	1549511	27
CP012026	1549512	27
CP012026	1549513	27
CP012026	1549514	28
CP012026	1549515	28
CP012026	1549516	28
CP012026	1549517	28
CP012026	1549518	30
CP012026	1549519	32
CP012026	1549520	33
CP012026	1549521	34
CP012026	1549522	33
CP012026	1549523	33
CP012026	1549524	32
CP012026	1549525	32
CP012026	1549526	32
CP012026	1549527	32
CP012026	1549528	32
CP012026	1549529	32
CP012026	1549530	32
CP012026	1549531	32
CP012026	1549532	32
CP012026	1549533	32
CP012026	1549534	32
CP012026	1549535	32
CP012026	1549536	32
CP012026	1549537	32
CP012026	1549538	33
CP012026	1549539	33
CP012026	1549540	33
CP012026	1549541	33
CP012026	1549542	33
CP012026	1549543	35
CP012026	1549544	35
CP012026	1549545	35
CP012026	1549546	35
CP012026	1549547	35
CP012026	1549548	35
CP012026	1549549	35
CP012026	1549550	36
CP012026	1549551	38
CP012026	1549552	38
CP012026	1549553	38
CP012026	1549554	38
CP012026	1549555	39
CP012026	1549556	39
CP012026	1549557	39
CP012026	1549558	39
CP012026	1549559	39
CP012026	1549560	39
CP012026	1549561	39
CP012026	1549562	39
CP012026	1549563	39
CP012026	1549564	39
CP012026	1549565	39
CP012026	1549566	39
CP012026	1549567	39
CP012026	1549568	39
CP012026	1549569	38
CP012026	1549570	38
CP012026	1549571	38
CP012026	1549572	38
CP012026	1549573	37
CP012026	1549574	37
CP012026	1549575	37
CP012026	1549576	38
CP012026	1549577	38
CP012026	1549578	38
CP012026	1549579	36
CP012026	1549580	38
CP012026	1549581	38
CP012026	1549582	38
CP012026	1549583	38
CP012026	1549584	38
CP012026	1549585	37
CP012026	1549586	37
CP012026	1549587	37
CP012026	1549588	37
CP012026	1549589	37
CP012026	1549590	37
CP012026	1549591	37
CP012026	1549592	37
CP012026	1549593	37
CP012026	1549594	37
CP012026	1549595	37
CP012026	1549596	37
CP012026	1549597	37
CP012026	1549598	41
CP012026	1549599	41
CP012026	1549600	41
CP012026	1549601	41
CP012026	1549602	41
CP012026	1549603	41
CP012026	1549604	41
CP012026	1549605	41
CP012026	1549606	41
CP012026	1549607	42
CP012026	1549608	42
CP012026	1549609	42
CP012026	1549610	42
CP012026	1549611	43
CP012026	1549612	44
CP012026	1549613	44
CP012026	1549614	44
CP012026	1549615	44
CP012026	1549616	44
CP012026	1549617	44
CP012026	1549618	44
CP012026	1549619	46
CP012026	1549620	45
CP012026	1549621	45
CP012026	1549622	47
CP012026	1549623	47
CP012026	1549624	47
CP012026	1549625	49
CP012026	1549626	49
CP012026	1549627	49
CP012026	1549628	49
CP012026	1549629	49
CP012026	1549630	49
CP012026	1549631	49
CP012026	1549632	49
CP012026	1549633	49
CP012026	1549634	49
CP012026	1549635	49
CP012026	1549636	48
CP012026	1549637	48
CP012026	1549638	48
CP012026	1549639	48
CP012026	1549640	50
CP012026	1549641	50
CP012026	1549642	50
CP012026	1549643	49
CP012026	1549644	48
CP012026	1549645	48
CP012026	1549646	48
CP012026	1549647	48
CP012026	1549648	48
CP012026	1549649	48
CP012026	1549650	48
CP012026	1549651	48
CP012026	1549652	48
CP012026	1549653	48
CP012026	1549654	48
CP012026	1549655	48
CP012026	1549656	48
CP012026	1549657	48
CP012026	1549658	48
CP012026	1549659	48
CP012026	1549660	48
CP012026	1549661	48
CP012026	1549662	48
CP012026	1549663	48
CP012026	1549664	48
CP012026	1549665	50
CP012026	1549666	50
CP012026	1549667	49
CP012026	1549668	49
CP012026	1549669	49
CP012026	1549670	51
CP012026	1549671	52
CP012026	1549672	54
CP012026	1549673	55
CP012026	1549674	55
CP012026	1549675	55
CP012026	1549676	55
CP012026	1549677	55
CP012026	1549678	55
CP012026	1549679	55
CP012026	1549680	55
CP012026	1549681	55
CP012026	1549682	55
CP012026	1549683	57
CP012026	1549684	57
CP012026	1549685	57
CP012026	1549686	57
CP012026	1549687	57
CP012026	1549688	58
CP012026	1549689	58
CP012026	1549690	58
CP012026	1549691	58
CP012026	1549692	57
CP012026	1549693	59
CP012026	1549694	59
CP012026	1549695	59
CP012026	1549696	59
CP012026	1549697	57
CP012026	1549698	57
CP012026	1549699	56
CP012026	1549700	55
CP012026	1549701	55
CP012026	1549702	57
CP012026	1549703	58
CP012026	1549704	58
CP012026	1549705	58
CP012026	1549706	58
CP012026	1549707	56
CP012026	1549708	56
CP012026	1549709	54
CP012026	1549710	54
CP012026	1549711	54
CP012026	1549712	54
CP012026	1549713	55
CP012026	1549714	55
CP012026	1549715	56
CP012026	1549716	56
CP012026	1549717	56
CP012026	1549718	56
CP012026	1549719	54
CP012026	1549720	53
CP012026	1549721	53
CP012026	1549722	53
CP012026	1549723	53
CP012026	1549724	53
CP012026	1549725	53
CP012026	1549726	53
CP012026	1549727	51
CP012026	1549728	51
CP012026	1549729	51
CP012026	1549730	51
CP012026	1549731	51
CP012026	1549732	51
CP012026	1549733	51
CP012026	1549734	51
CP012026	1549735	51
CP012026	1549736	51
CP012026	1549737	51
CP012026	1549738	51
CP012026	1549739	52
CP012026	1549740	51
CP012026	1549741	51
CP012026	1549742	51
CP012026	1549743	56
CP012026	1549744	56
CP012026	1549745	56
CP012026	1549746	56
CP012026	1549747	56
CP012026	1549748	56
CP012026	1549749	56
CP012026	1549750	56
CP012026	1549751	55
CP012026	1549752	55
CP012026	1549753	55
CP012026	1549754	55
CP012026	1549755	58
CP012026	1549756	58
CP012026	1549757	58
CP012026	1549758	58
CP012026	1549759	58
CP012026	1549760	64
CP012026	1549761	64
CP012026	1549762	64
CP012026	1549763	64
CP012026	1549764	63
CP012026	1549765	63
CP012026	1549766	63
CP012026	1549767	65
CP012026	1549768	65
CP012026	1549769	61
CP012026	1549770	59
CP012026	1549771	58
CP012026	1549772	57
CP012026	1549773	57
CP012026	1549774	57
CP012026	1549775	57
CP012026	1549776	57
CP012026	1549777	58
CP012026	1549778	59
CP012026	1549779	59
CP012026	1549780	59
CP012026	1549781	60
CP012026	1549782	60
CP012026	1549783	60
CP012026	1549784	65
CP012026	1549785	65
CP012026	1549786	65
CP012026	1549787	65
CP012026	1549788	65
CP012026	1549789	65
CP012026	1549790	65
CP012026	1549791	65
CP012026	1549792	65
CP012026	1549793	65
CP012026	1549794	63
CP012026	1549795	63
CP012026	1549796	63
CP012026	1549797	63
CP012026	1549798	63
CP012026	1549799	63
CP012026	1549800	64
CP012026	1549801	62
CP012026	1549802	61
CP012026	1549803	61
CP012026	1549804	62
CP012026	1549805	62
CP012026	1549806	61
CP012026	1549807	61
CP012026	1549808	61
CP012026	1549809	61
CP012026	1549810	61
CP012026	1549811	61
CP012026	1549812	61
CP012026	1549813	61
CP012026	1549814	61
CP012026	1549815	61
CP012026	1549816	61
CP012026	1549817	61
CP012026	1549818	61
CP012026	1549819	61
CP012026	1549820	61
CP012026	1549821	62
CP012026	1549822	62
CP012026	1549823	63
CP012026	1549824	62
CP012026	1549825	62
CP012026	1549826	62
CP012026	1549827	61
CP012026	1549828	61
CP012026	1549829	61
CP012026	1549830	61
CP012026	1549831	60
CP012026	1549832	60
CP012026	1549833	60
CP012026	1549834	60
CP012026	1549835	61
CP012026	1549836	61
CP012026	1549837	61
CP012026	1549838	61
CP012026	1549839	64
CP012026	1549840	65
CP012026	1549841	65
CP012026	1549842	65
CP012026	1549843	65
CP012026	1549844	65
CP012026	1549845	65
CP012026	1549846	65
CP012026	1549847	65
CP012026	1549848	63
CP012026	1549849	63
CP012026	1549850	63
CP012026	1549851	64
CP012026	1549852	64
CP012026	1549853	64
CP012026	1549854	66
CP012026	1549855	66
CP012026	1549856	67
CP012026	1549857	67
CP012026	1549858	67
CP012026	1549859	67
CP012026	1549860	67
CP012026	1549861	67
CP012026	1549862	66
CP012026	1549863	63
CP012026	1549864	63
CP012026	1549865	63
CP012026	1549866	63
CP012026	1549867	63
CP012026	1549868	63
CP012026	1549869	63
CP012026	1549870	61
CP012026	1549871	61
CP012026	1549872	65
CP012026	1549873	63
CP012026	1549874	63
CP012026	1549875	64
CP012026	1549876	64
CP012026	1549877	65
CP012026	1549878	65
CP012026	1549879	65
CP012026	1549880	65
CP012026	1549881	59
CP012026	1549882	57
CP012026	1549883	57
CP012026	1549884	57
CP012026	1549885	57
CP012026	1549886	57
CP012026	1549887	57
CP012026	1549888	57
CP012026	1549889	57
CP012026	1549890	57
CP012026	1549891	57
CP012026	1549892	57
CP012026	1549893	57
CP012026	1549894	57
CP012026	1549895	57
CP012026	1549896	57
CP012026	1549897	57
CP012026	1549898	60
CP012026	1549899	60
CP012026	1549900	60
CP012026	1549901	60
CP012026	1549902	62
CP012026	1549903	62
CP012026	1549904	62
CP012026	1549905	62
CP012026	1549906	63
CP012026	1549907	63
CP012026	1549908	63
CP012026	1549909	63
CP012026	1549910	63
CP012026	1549911	63
CP012026	1549912	63
CP012026	1549913	65
CP012026	1549914	65
CP012026	1549915	63
CP012026	1549916	63
CP012026	1549917	65
CP012026	1549918	65
CP012026	1549919	64
CP012026	1549920	64
CP012026	1549921	64
CP012026	1549922	66
CP012026	1549923	66
CP012026	1549924	65
CP012026	1549925	65
CP012026	1549926	65
CP012026	1549927	69
CP012026	1549928	69
CP012026	1549929	69
CP012026	1549930	67
CP012026	1549931	65
CP012026	1549932	65
CP012026	1549933	64
CP012026	1549934	64
CP012026	1549935	64
CP012026	1549936	64
CP012026	1549937	64
CP012026	1549938	64
CP012026	1549939	63
CP012026	1549940	65
CP012026	1549941	65
CP012026	1549942	65
CP012026	1549943	67
CP012026	1549944	67
CP012026	1549945	67
CP012026	1549946	67
CP012026	1549947	67
CP012026	1549948	67
CP012026	1549949	67
CP012026	1549950	67
CP012026	1549951	67
CP012026	1549952	66
CP012026	1549953	66
CP012026	1549954	66
CP012026	1549955	66
CP012026	1549956	66
CP012026	1549957	67
CP012026	1549958	65
CP012026	1549959	65
CP012026	1549960	64
CP012026	1549961	64
CP012026	1549962	64
CP012026	1549963	64
CP012026	1549964	63
CP012026	1549965	63
CP012026	1549966	60
CP012026	1549967	62
CP012026	1549968	64
CP012026	1549969	64
CP012026	1549970	64
CP012026	1549971	64
CP012026	1549972	64
CP012026	1549973	64
CP012026	1549974	62
CP012026	1549975	62
CP012026	1549976	62
CP012026	1549977	62
CP012026	1549978	64
CP012026	1549979	64
CP012026	1549980	64
CP012026	1549981	64
CP012026	1549982	64
CP012026	1549983	64
CP012026	1549984	64
CP012026	1549985	64
CP012026	1549986	64
CP012026	1549987	62
CP012026	1549988	62
CP012026	1549989	61
CP012026	1549990	61
CP012026	1549991	61
CP012026	1549992	61
CP012026	1549993	60
CP012026	1549994	60
CP012026	1549995	61
CP012026	1549996	61
CP012026	1549997	61
CP012026	1549998	61
CP012026	1549999	61
CP012026	1550000	61
CP012026	1550001	61
CP012026	1550002	61
CP012026	1550003	61
CP012026	1550004	62
CP012026	1550005	59
CP012026	1550006	59
CP012026	1550007	61
CP012026	1550008	61
CP012026	1550009	61
CP012026	1550010	61
CP012026	1550011	61
CP012026	1550012	61
CP012026	1550013	63
CP012026	1550014	63
CP012026	1550015	63
CP012026	1550016	63
CP012026	1550017	63
CP012026	1550018	61
CP012026	1550019	61
CP012026	1550020	61
CP012026	1550021	61
CP012026	1550022	59
CP012026	1550023	59
CP012026	1550024	60
CP012026	1550025	60
CP012026	1550026	60
CP012026	1550027	59
CP012026	1550028	59
CP012026	1550029	58
CP012026	1550030	58
CP012026	1550031	58
CP012026	1550032	57
CP012026	1550033	57
CP012026	1550034	57
CP012026	1550035	52
CP012026	1550036	53
CP012026	1550037	53
CP012026	1550038	53
CP012026	1550039	53
CP012026	1550040	53
CP012026	1550041	53
CP012026	1550042	54
CP012026	1550043	54
CP012026	1550044	55
CP012026	1550045	53
CP012026	1550046	53
CP012026	1550047	53
CP012026	1550048	54
CP012026	1550049	54
CP012026	1550050	54
CP012026	1550051	53
CP012026	1550052	53
CP012026	1550053	53
CP012026	1550054	53
CP012026	1550055	52
CP012026	1550056	52
CP012026	1550057	52
CP012026	1550058	52
CP012026	1550059	52
CP012026	1550060	52
CP012026	1550061	53
CP012026	1550062	53
CP012026	1550063	54
CP012026	1550064	54
CP012026	1550065	54
CP012026	1550066	54
CP012026	1550067	54
CP012026	1550068	54
CP012026	1550069	54
CP012026	1550070	54
CP012026	1550071	49
CP012026	1550072	50
CP012026	1550073	49
CP012026	1550074	49
CP012026	1550075	49
CP012026	1550076	49
CP012026	1550077	49
CP012026	1550078	49
CP012026	1550079	49
CP012026	1550080	49
CP012026	1550081	49
CP012026	1550082	49
CP012026	1550083	49
CP012026	1550084	49
CP012026	1550085	51
CP012026	1550086	49
CP012026	1550087	49
CP012026	1550088	49
CP012026	1550089	49
CP012026	1550090	45
CP012026	1550091	45
CP012026	1550092	45
CP012026	1550093	45
CP012026	1550094	45
CP012026	1550095	45
CP012026	1550096	45
CP012026	1550097	45
CP012026	1550098	45
CP012026	1550099	45
CP012026	1550100	42
CP012026	1550101	42
CP012026	1550102	42
CP012026	1550103	42
CP012026	1550104	42
CP012026	1550105	40
CP012026	1550106	40
CP012026	1550107	40
CP012026	1550108	40
CP012026	1550109	42
CP012026	1550110	42
CP012026	1550111	42
CP012026	1550112	42
CP012026	1550113	42
CP012026	1550114	43
CP012026	1550115	43
CP012026	1550116	43
CP012026	1550117	43
CP012026	1550118	43
CP012026	1550119	43
CP012026	1550120	43
CP012026	1550121	43
CP012026	1550122	44
CP012026	1550123	40
CP012026	1550124	40
CP012026	1550125	39
CP012026	1550126	37
CP012026	1550127	37
CP012026	1550128	36
CP012026	1550129	37
CP012026	1550130	37
CP012026	1550131	35
CP012026	1550132	35
CP012026	1550133	36
CP012026	1550134	36
CP012026	1550135	36
CP012026	1550136	36
CP012026	1550137	36
CP012026	1550138	36
CP012026	1550139	36
CP012026	1550140	37
CP012026	1550141	37
CP012026	1550142	37
CP012026	1550143	37
CP012026	1550144	37
CP012026	1550145	37
CP012026	1550146	37
CP012026	1550147	37
CP012026	1550148	37
CP012026	1550149	36
CP012026	1550150	36
CP012026	1550151	36
CP012026	1550152	36
CP012026	1550153	36
CP012026	1550154	36
CP012026	1550155	37
CP012026	1550156	36
CP012026	1550157	36
CP012026	1550158	36
CP012026	1550159	36
CP012026	1550160	36
CP012026	1550161	36
CP012026	1550162	37
CP012026	1550163	37
CP012026	1550164	33
CP012026	1550165	33
CP012026	1550166	33
CP012026	1550167	33
CP012026	1550168	33
CP012026	1550169	33
CP012026	1550170	33
CP012026	1550171	35
CP012026	1550172	35
CP012026	1550173	35
CP012026	1550174	35
CP012026	1550175	37
CP012026	1550176	37
CP012026	1550177	38
CP012026	1550178	38
CP012026	1550179	38
CP012026	1550180	38
CP012026	1550181	38
CP012026	1550182	38
CP012026	1550183	38
CP012026	1550184	37
CP012026	1550185	37
CP012026	1550186	37
CP012026	1550187	37
CP012026	1550188	37
CP012026	1550189	37
CP012026	1550190	37
CP012026	1550191	38
CP012026	1550192	38
CP012026	1550193	38
CP012026	1550194	38
CP012026	1550195	38
CP012026	1550196	38
CP012026	1550197	38
CP012026	1550198	38
CP012026	1550199	38
CP012026	1550200	36
CP012026	1550201	36
CP012026	1550202	36
CP012026	1550203	36
CP012026	1550204	34
CP012026	1550205	34
CP012026	1550206	34
CP012026	1550207	34
CP012026	1550208	33
CP012026	1550209	33
CP012026	1550210	33
CP012026	1550211	33
CP012026	1550212	33
CP012026	1550213	33
CP012026	1550214	33
CP012026	1550215	34
CP012026	1550216	34
CP012026	1550217	35
CP012026	1550218	35
CP012026	1550219	33
CP012026	1550220	33
CP012026	1550221	33
CP012026	1550222	33
CP012026	1550223	33
CP012026	1550224	33
CP012026	1550225	33
CP012026	1550226	33
CP012026	1550227	33
CP012026	1550228	33
CP012026	1550229	33
CP012026	1550230	33
CP012026	1550231	33
CP012026	1550232	33
CP012026	1550233	33
CP012026	1550234	33
CP012026	1550235	31
CP012026	1550236	31
CP012026	1550237	31
CP012026	1550238	35
CP012026	1550239	35
CP012026	1550240	35
CP012026	1550241	37
CP012026	1550242	37
CP012026	1550243	39
CP012026	1550244	39
CP012026	1550245	39
CP012026	1550246	39
CP012026	1550247	39
CP012026	1550248	39
CP012026	1550249	39
CP012026	1550250	39
CP012026	1550251	39
CP012026	1550252	39
CP012026	1550253	39
CP012026	1550254	38
CP012026	1550255	38
CP012026	1550256	38
CP012026	1550257	38
CP012026	1550258	38
CP012026	1550259	39
CP012026	1550260	39
CP012026	1550261	39
CP012026	1550262	39
CP012026	1550263	39
CP012026	1550264	39
CP012026	1550265	39
CP012026	1550266	39
CP012026	1550267	39
CP012026	1550268	40
CP012026	1550269	40
CP012026	1550270	40
CP012026	1550271	40
CP012026	1550272	40
CP012026	1550273	40
CP012026	1550274	40
CP012026	1550275	39
CP012026	1550276	39
CP012026	1550277	39
CP012026	1550278	39
CP012026	1550279	39
CP012026	1550280	39
CP012026	1550281	40
CP012026	1550282	43
CP012026	1550283	43
CP012026	1550284	43
CP012026	1550285	43
CP012026	1550286	43
CP012026	1550287	42
CP012026	1550288	42
CP012026	1550289	44
CP012026	1550290	44
CP012026	1550291	44
CP012026	1550292	44
CP012026	1550293	43
CP012026	1550294	43
CP012026	1550295	42
CP012026	1550296	42
CP012026	1550297	42
CP012026	1550298	39
CP012026	1550299	39
CP012026	1550300	40
CP012026	1550301	40
CP012026	1550302	40
CP012026	1550303	40
CP012026	1550304	40
CP012026	1550305	40
CP012026	1550306	40
CP012026	1550307	40
CP012026	1550308	40
CP012026	1550309	40
CP012026	1550310	40
CP012026	1550311	40
CP012026	1550312	39
CP012026	1550313	39
CP012026	1550314	38
CP012026	1550315	38
CP012026	1550316	39
CP012026	1550317	39
CP012026	1550318	39
CP012026	1550319	41
CP012026	1550320	41
CP012026	1550321	41
CP012026	1550322	41
CP012026	1550323	40
CP012026	1598044	19
CP012026	1598045	19
CP012026	1598046	19
CP012026	1598047	19
CP012026	1598048	19
CP012026	1598049	19
CP012026	1598050	19
CP012026	1598051	19
CP012026	1598052	19
CP012026	1598053	19
CP012026	1598054	19
CP012026	1598055	19
CP012026	1598056	19
CP012026	1598057	19
CP012026	1598058	19
CP012026	1598059	20
CP012026	1598060	20
CP012026	1598061	20
CP012026	1598062	20
CP012026	1598063	20
CP012026	1598064	20
CP012026	1598065	20
CP012026	1598066	20
CP012026	1598067	21
CP012026	1598068	21
CP012026	1598069	21
CP012026	1598070	21
CP012026	1598071	21
CP012026	1598072	21
CP012026	1598073	21
CP012026	1598074	21
CP012026	1598075	21
CP012026	1598076	21
CP012026	1598077	21
CP012026	1598078	21
CP012026	1598079	22
CP012026	1598080	22
CP012026	1598081	22
CP012026	1598082	22
CP012026	1598083	22
CP012026	1598084	22
CP012026	1598085	22
CP012026	1598086	22
CP012026	1598087	22
CP012026	1598088	22
CP012026	1598089	22
CP012026	1598090	21
CP012026	1598091	21
CP012026	1598092	21
CP012026	1598093	21
CP012026	1598094	21
CP012026	1598095	21
CP012026	1598096	21
CP012026	1598097	21
CP012026	1598098	21
CP012026	1598099	21
CP012026	1598100	21
CP012026	1598101	21
CP012026	1598102	23
CP012026	1598103	22
CP012026	1598104	24
CP012026	1598105	24
CP012026	1598106	24
CP012026	1598107	24
CP012026	1598108	24
CP012026	1598109	24
CP012026	1598110	24
CP012026	1598111	24
CP012026	1598112	24
CP012026	1598113	24
CP012026	1598114	24
CP012026	1598115	24
CP012026	1598116	20
CP012026	1598117	20
CP012026	1598118	20
CP012026	1598119	20
CP012026	1598120	20
CP012026	1598121	20
CP012026	1598122	20
CP012026	1598123	20
CP012026	1598124	20
CP012026	1598125	20
CP012026	1598126	20
CP012026	1598127	20
CP012026	1598128	20
CP012026	1598129	20
CP012026	1598130	20
CP012026	1598131	20
CP012026	1598132	20
CP012026	1598133	20
CP012026	1598134	20
CP012026	1598135	20
CP012026	1598136	20
CP012026	1598137	20
CP012026	1598138	20
CP012026	1598139	20
CP012026	1598140	20
CP012026	1598141	20
CP012026	1598142	20
CP012026	1598143	20
CP012026	1598144	20
CP012026	1598145	20
CP012026	1598146	20
CP012026	1598147	22
CP012026	1598148	22
CP012026	1598149	22
CP012026	1598150	22
CP012026	1598151	22
CP012026	1598152	22
CP012026	1598153	22
CP012026	1598154	20
CP012026	1598155	20
CP012026	1598156	20
CP012026	1598157	22
CP012026	1598158	22
CP012026	1598159	21
CP012026	1598160	22
CP012026	1598161	21
CP012026	1598162	21
CP012026	1598163	21
CP012026	1598164	21
CP012026	1598165	19
CP012026	1598166	20
CP012026	1598167	21
CP012026	1598168	21
CP012026	1598169	21
CP012026	1598170	21
CP012026	1598171	21
CP012026	1598172	21
CP012026	1598173	21
CP012026	1598174	21
CP012026	1598175	21
CP012026	1598176	21
CP012026	1598177	21
CP012026	1598178	21
CP012026	1598179	21
CP012026	1598180	21
CP012026	1598181	21
CP012026	1598182	21
CP012026	1598183	21
CP012026	1598184	21
CP012026	1598185	21
CP012026	1598186	21
CP012026	1598187	21
CP012026	1598188	21
CP012026	1598189	21
CP012026	1598190	21
CP012026	1598191	21
CP012026	1598192	21
CP012026	1598193	21
CP012026	1598194	21
CP012026	1598195	21
CP012026	1598196	21
CP012026	1598197	21
CP012026	1598198	21
CP012026	1598199	20
CP012026	1598200	20
CP012026	1598201	20
CP012026	1598202	20
CP012026	1598203	21
CP012026	1598204	21
CP012026	1598205	21
CP012026	1598206	21
CP012026	1598207	21
CP012026	1598208	21
CP012026	1598209	21
CP012026	1598210	21
CP012026	1598211	21
CP012026	1598212	21
CP012026	1598213	21
CP012026	1598214	21
CP012026	1598215	21
CP012026	1598216	21
CP012026	1598217	21
CP012026	1598218	21
CP012026	1598219	21
CP012026	1598220	21
CP012026	1598221	21
CP012026	1598222	21
CP012026	1598223	20
CP012026	1598224	20
CP012026	1598225	20
CP012026	1598226	20
CP012026	1598227	20
CP012026	1598228	20
CP012026	1598229	20
CP012026	1598230	20
CP012026	1598231	20
CP012026	1598232	19
CP012026	1598233	19
CP012026	1598234	19
CP012026	1598235	19
CP012026	1598236	19
CP012026	1598237	19
CP012026	1598238	19
CP012026	1598239	19
CP012026	1598240	19
CP012026	1598241	19
CP012026	1598242	19
CP012026	1598243	19
CP012026	1598244	19
CP012026	1598245	16
CP012026	1598246	16
CP012026	1598247	16
CP012026	1598248	16
CP012026	1598249	16
CP012026	1598250	16
CP012026	1598251	16
CP012026	1598252	16
CP012026	1598253	16
CP012026	1598254	16
CP012026	1598255	16
CP012026	1598256	19
CP012026	1598257	19
CP012026	1598258	19
CP012026	1598259	19
CP012026	1598260	19
CP012026	1598261	19
CP012026	1598262	19
CP012026	1598263	19
CP012026	1598264	19
CP012026	1598265	19
CP012026	1598266	19
CP012026	1598267	19
CP012026	1598268	19
CP012026	1598269	19
CP012026	1598270	19
CP012026	1598271	19
CP012026	1598272	19
CP012026	1598273	19
CP012026	1598274	19
CP012026	1598275	19
CP012026	1598276	19
CP012026	1598277	19
CP012026	1598278	20
CP012026	1598279	20
CP012026	1598280	20
CP012026	1598281	20
CP012026	1598282	20
CP012026	1598283	20
CP012026	1598284	20
CP012026	1598285	20
CP012026	1598286	20
CP012026	1598287	20
CP012026	1598288	20
CP012026	1598289	20
CP012026	1598290	21
CP012026	1598291	21
CP012026	1598292	21
CP012026	1598293	19
CP012026	1598294	19
CP012026	1598295	20
CP012026	1598296	20
CP012026	1598297	20
CP012026	1598298	20
CP012026	1598299	20
CP012026	1598300	20
CP012026	1598301	20
CP012026	1598302	20
CP012026	1598303	20
CP012026	1598304	20
CP012026	1598305	20
CP012026	1598306	21
CP012026	1598307	22
CP012026	1598308	22
CP012026	1598309	22
CP012026	1598310	19
CP012026	1598311	19
CP012026	1598312	19
CP012026	1598313	19
CP012026	1598314	19
CP012026	1598315	19
CP012026	1598316	19
CP012026	1598317	19
CP012026	1598318	18
CP012026	1598319	18
CP012026	1598320	18
CP012026	1598321	18
CP012026	1598322	18
CP012026	1598323	18
CP012026	1598324	18
CP012026	1598325	18
CP012026	1598326	18
CP012026	1598327	18
CP012026	1598328	18
CP012026	1598329	18
CP012026	1598330	17
CP012026	1598331	17
CP012026	1598332	13
CP012026	1598333	13
CP012026	1598334	13
CP012026	1598335	13
CP012026	1598336	13
CP012026	1598337	13
CP012026	1598338	13
CP012026	1598339	13
CP012026	1598340	13
CP012026	1598341	13
CP012026	1598342	13
CP012026	1598343	13
CP012026	1598344	14
CP012026	1598345	14
CP012026	1598346	14
CP012026	1598347	14
CP012026	1598348	14
CP012026	1598349	14
CP012026	1598350	14
CP012026	1598351	14
CP012026	1598352	15
CP012026	1598353	15
CP012026	1598354	15
CP012026	1598355	15
CP012026	1598356	15
CP012026	1598357	15
CP012026	1598358	15
CP012026	1598359	15
CP012026	1598360	15
CP012026	1598361	15
CP012026	1598362	17
CP012026	1598363	17
CP012026	1598364	17
CP012026	1598365	17
CP012026	1598366	17
CP012026	1598367	17
CP012026	1598368	17
CP012026	1598369	17
CP012026	1598370	17
CP012026	1598371	17
CP012026	1598372	17
CP012026	1598373	17
CP012026	1598374	18
CP012026	1598375	18
CP012026	1598376	18
CP012026	1598377	18
CP012026	1598378	18
CP012026	1598379	18
CP012026	1598380	18
CP012026	1598381	18
CP012026	1598382	18
CP012026	1598383	18
CP012026	1598384	18
CP012026	1598385	18
CP012026	1598386	18
CP012026	1598387	18
CP012026	1598388	18
CP012026	1598389	18
CP012026	1598390	18
CP012026	1598391	18
CP012026	1598392	18
CP012026	1598393	18
CP012026	1598394	18
CP012026	1598395	18
CP012026	1598396	18
CP012026	1598397	18
CP012026	1598398	18
CP012026	1598399	18
CP012026	1598400	17
CP012026	1598401	17
CP012026	1598402	17
CP012026	1598403	15
CP012026	1598404	15
CP012026	1598405	15
CP012026	1598406	15
CP012026	1598407	15
CP012026	1598408	15
CP012026	1598409	15
CP012026	1598410	15
CP012026	1598411	14
CP012026	1598412	14
CP012026	1598413	14
CP012026	1598414	14
CP012026	1598415	14
CP012026	1598416	14
CP012026	1598417	14
CP012026	1598418	14
CP012026	1598419	14
CP012026	1598420	14
CP012026	1598421	13
CP012026	1598422	13
CP012026	1598423	13
CP012026	1598424	13
CP012026	1598425	13
CP012026	1598426	13
CP012026	1598427	13
CP012026	1598428	13
CP012026	1598429	13
CP012026	1598430	13
CP012026	1598431	13
CP012026	1598432	13
CP012026	1598433	13
CP012026	1598434	15
CP012026	1598435	15
CP012026	1598436	15
CP012026	1598437	15
CP012026	1598438	15
CP012026	1598439	15
CP012026	1598440	15
CP012026	1598441	15
CP012026	1598442	15
CP012026	1598443	15
CP012026	1598444	15
CP012026	1598445	17
CP012026	1598446	27
CP012026	1598447	27
CP012026	1598448	27
CP012026	1598449	27
CP012026	1598450	27
CP012026	1598451	27
CP012026	1598452	27
CP012026	1598453	27
CP012026	1598454	27
CP012026	1598455	27
CP012026	1598456	27
CP012026	1598457	27
CP012026	1598458	27
CP012026	1598459	27
CP012026	1598460	27
CP012026	1598461	27
CP012026	1598462	27
CP012026	1598463	27
CP012026	1598464	27
CP012026	1598465	27
CP012026	1598466	27
CP012026	1598467	27
CP012026	1598468	27
CP012026	1598469	27
CP012026	1598470	27
CP012026	1598471	27
CP012026	1598472	27
CP012026	1598473	27
CP012026	1598474	27
CP012026	1598475	27
CP012026	1598476	27
CP012026	1598477	27
CP012026	1598478	27
CP012026	1598479	27
CP012026	1598480	27
CP012026	1598481	27
CP012026	1598482	27
CP012026	1598483	27
CP012026	1598484	27
CP012026	1598485	27
CP012026	1598486	27
CP012026	1598487	27
CP012026	1598488	27
CP012026	1598489	27
CP012026	1598490	27
CP012026	1598491	27
CP012026	1598492	27
CP012026	1598493	27
CP012026	1598494	24
CP012026	1598495	26
CP012026	1598496	26
CP012026	1598497	26
CP012026	1598498	26
CP012026	1598499	26
CP012026	1598500	26
CP012026	1598501	26
CP012026	1598502	26
CP012026	1598503	26
CP012026	1598504	26
CP012026	1598505	26
CP012026	1598506	26
CP012026	1598507	26
CP012026	1598508	26
CP012026	1598509	26
CP012026	1598510	26
CP012026	1598511	26
CP012026	1598512	26
CP012026	1598513	26
CP012026	1598514	26
CP012026	1598515	26
CP012026	1598516	26
CP012026	1598517	25
CP012026	1598518	25
CP012026	1598519	25
CP012026	1598520	25
CP012026	1598521	25
CP012026	1598522	25
CP012026	1598523	25
CP012026	1598524	25
CP012026	1598525	25
CP012026	1598526	25
CP012026	1598527	25
CP012026	1598528	25
CP012026	1598529	24
CP012026	1598530	24
CP012026	1598531	24
CP012026	1598532	24
CP012026	1598533	21
CP012026	1598534	21
CP012026	1598535	21
CP012026	1598536	21
CP012026	1598537	21
CP012026	1598538	21
CP012026	1598539	21
CP012026	1598540	21
CP012026	1598541	21
CP012026	1598542	21
CP012026	1598543	19
CP012026	1598544	19
CP012026	1598545	17
CP012026	1598546	17
CP012026	1598547	17
CP012026	1598548	17
CP012026	1598549	17
CP012026	1598550	17
CP012026	1598551	17
CP012026	1598552	17
CP012026	1598553	17
CP012026	1598554	17
CP012026	1598555	17
CP012026	1598556	17
CP012026	1598557	17
CP012026	1598558	0
CP012026	1598559	0
CP012026	1598560	0
CP012026	1598561	17
CP012026	1598562	17
CP012026	1598563	17
CP012026	1598564	17
CP012026	1598565	17
CP012026	1598566	17
CP012026	1598567	17
CP012026	1598568	17
CP012026	1598569	17
CP012026	1598570	17
CP012026	1598571	17
CP012026	1598572	17
CP012026	1598573	17
CP012026	1598574	17
CP012026	1598575	17
CP012026	1598576	17
CP012026	1598577	17
CP012026	1598578	17
CP012026	1598579	17
CP012026	1598580	17
CP012026	1598581	17
CP012026	1598582	17
CP012026	1598583	17
CP012026	1598584	17
CP012026	1598585	16
CP012026	1598586	16
CP012026	1598587	16
CP012026	1598588	16
CP012026	1598589	16
CP012026	1598590	16
CP012026	1598591	16
CP012026	1598592	16
CP012026	1598593	15
CP012026	1598594	15
CP012026	1598595	15
CP012026	1598596	15
CP012026	1598597	15
CP012026	1598598	15
CP012026	1598599	15
CP012026	1598600	15
CP012026	1598601	15
CP012026	1598602	15
CP012026	1598603	15
CP012026	1598604	15
CP012026	1598605	15
CP012026	1598606	15
CP012026	1598607	15
CP012026	1598608	15
CP012026	1598609	15
CP012026	1598610	15
CP012026	1598611	15
CP012026	1598612	15
CP012026	1598613	15
CP012026	1598614	15
CP012026	1598615	15
CP012026	1598616	14
CP012026	1598617	14
CP012026	1598618	14
CP012026	1598619	14
CP012026	1598620	14
CP012026	1598621	14
CP012026	1598622	14
CP012026	1598623	14
CP012026	1598624	14
CP012026	1598625	12
CP012026	1598626	12
CP012026	1598627	10
CP012026	1598628	10
CP012026	1598629	10
CP012026	1598630	10
CP012026	1598631	10
CP012026	1598632	10
CP012026	1598633	10
CP012026	1598634	10
CP012026	1598635	10
CP012026	1598636	10
CP012026	1598637	10
CP012026	1598638	2
CP012026	1598639	2
CP012026	1598640	2
CP012026	1598641	2
CP012026	1598642	2
CP012026	1598643	2
CP012026	1598644	2
CP012026	1598645	2
CP012026	1598646	2
CP012026	1598647	2
CP012026	1598648	2
CP012026	1598649	2
CP012026	1598650	2
CP012026	1598651	2
CP012026	1598652	29
CP012026	1598653	29
CP012026	1598654	30
CP012026	1598655	30
CP012026	1598656	30
CP012026	1598657	30
CP012026	1598658	28
CP012026	1598659	28
CP012026	1598660	28
CP012026	1598661	28
CP012026	1598662	28
CP012026	1598663	28
CP012026	1598664	28
CP012026	1598665	28
CP012026	1598666	29
CP012026	1598667	29
CP012026	1598668	29
CP012026	1598669	30
CP012026	1598670	30
CP012026	1598671	30
CP012026	1598672	30
CP012026	1598673	30
CP012026	1598674	30
CP012026	1598675	30
CP012026	1598676	30
CP012026	1598677	30
CP012026	1598678	30
CP012026	1598679	30
CP012026	1598680	30
CP012026	1598681	30
CP012026	1598682	30
CP012026	1598683	30
CP012026	1598684	30
CP012026	1598685	30
CP012026	1598686	30
CP012026	1598687	30
CP012026	1598688	30
CP012026	1598689	30
CP012026	1598690	30
CP012026	1598691	31
CP012026	1598692	31
CP012026	1598693	33
CP012026	1598694	33
CP012026	1598695	33
CP012026	1598696	33
CP012026	1598697	33
CP012026	1598698	33
CP012026	1598699	33
CP012026	1598700	33
CP012026	1598701	33
CP012026	1598702	33
CP012026	1598703	33
CP012026	1598704	33
CP012026	1598705	33
CP012026	1598706	33
CP012026	1598707	33
CP012026	1598708	33
CP012026	1598709	33
CP012026	1598710	33
CP012026	1598711	33
CP012026	1598712	33
CP012026	1598713	33
CP012026	1598714	33
CP012026	1598715	33
CP012026	1598716	33
CP012026	1598717	34
CP012026	1598718	34
CP012026	1598719	34
CP012026	1598720	34
CP012026	1598721	34
CP012026	1598722	34
CP012026	1598723	34
CP012026	1598724	35
CP012026	1598725	35
CP012026	1598726	36
CP012026	1598727	36
CP012026	1598728	36
CP012026	1598729	36
CP012026	1598730	36
CP012026	1598731	36
CP012026	1598732	36
CP012026	1598733	36
CP012026	1598734	38
CP012026	1598735	38
CP012026	1598736	38
CP012026	1598737	38
CP012026	1598738	38
CP012026	1598739	38
CP012026	1598740	38
CP012026	1598741	39
CP012026	1598742	39
CP012026	1598743	1
CP012026	1598744	39
CP012026	1598745	39
CP012026	1598746	39
CP012026	1598747	39
CP012026	1598748	39
CP012026	1598749	39
CP012026	1598750	39
CP012026	1598751	39
CP012026	1598752	39
CP012026	1598753	39
CP012026	1598754	39
CP012026	1598755	39
CP012026	1598756	40
CP012026	1598757	44
CP012026	1598758	44
CP012026	1598759	44
CP012026	1598760	44
CP012026	1598761	44
CP012026	1598762	44
CP012026	1598763	44
CP012026	1598764	44
CP012026	1598765	44
CP012026	1598766	44
CP012026	1598767	44
CP012026	1598768	44
CP012026	1598769	45
CP012026	1598770	45
CP012026	1598771	45
CP012026	1598772	45
CP012026	1598773	46
CP012026	1598774	46
CP012026	1598775	48
CP012026	1598776	48
CP012026	1598777	48
CP012026	1598778	48
CP012026	1598779	48
CP012026	1598780	48
CP012026	1598781	48
CP012026	1598782	48
CP012026	1598783	48
CP012026	1598784	48
CP012026	1598785	48
CP012026	1598786	48
CP012026	1598787	48
CP012026	1598788	48
CP012026	1598789	48
CP012026	1598790	48
CP012026	1598791	48
CP012026	1598792	48
CP012026	1598793	48
CP012026	1598794	50
CP012026	1598795	51
CP012026	1598796	51
CP012026	1598797	51
CP012026	1598798	52
CP012026	1598799	52
CP012026	1598800	52
CP012026	1598801	52
CP012026	1598802	52
CP012026	1598803	50
CP012026	1598804	50
CP012026	1598805	50
CP012026	1598806	50
CP012026	1598807	50
CP012026	1598808	50
CP012026	1598809	50
CP012026	1598810	50
CP012026	1598811	52
CP012026	1598812	52
CP012026	1598813	54
CP012026	1598814	54
CP012026	1598815	54
CP012026	1598816	54
CP012026	1598817	54
CP012026	1598818	54
CP012026	1598819	54
CP012026	1598820	54
CP012026	1598821	54
CP012026	1598822	52
CP012026	1598823	52
CP012026	1598824	50
CP012026	1598825	50
CP012026	1598826	50
CP012026	1598827	50
CP012026	1598828	50
CP012026	1598829	50
CP012026	1598830	51
CP012026	1598831	51
CP012026	1598832	51
CP012026	1598833	51
CP012026	1598834	51
CP012026	1598835	51
CP012026	1598836	51
CP012026	1598837	51
CP012026	1598838	51
CP012026	1598839	51
CP012026	1598840	51
CP012026	1598841	52
CP012026	1598842	52
CP012026	1598843	54
CP012026	1598844	55
CP012026	1598845	57
CP012026	1598846	57
CP012026	1598847	57
CP012026	1598848	57
CP012026	1598849	57
CP012026	1598850	57
CP012026	1598851	57
CP012026	1598852	57
CP012026	1598853	56
CP012026	1598854	56
CP012026	1598855	58
CP012026	1598856	56
CP012026	1598857	56
CP012026	1598858	57
CP012026	1598859	57
CP012026	1598860	57
CP012026	1598861	57
CP012026	1598862	57
CP012026	1598863	57
CP012026	1598864	57
CP012026	1598865	56
CP012026	1598866	55
CP012026	1598867	54
CP012026	1598868	54
CP012026	1598869	55
CP012026	1598870	55
CP012026	1598871	54
CP012026	1598872	52
CP012026	1598873	50
CP012026	1598874	48
CP012026	1598875	48
CP012026	1598876	48
CP012026	1598877	51
CP012026	1598878	48
CP012026	1598879	48
CP012026	1598880	48
CP012026	1598881	50
CP012026	1598882	49
CP012026	1598883	47
CP012026	1598884	47
CP012026	1598885	46
CP012026	1598886	46
CP012026	1598887	46
CP012026	1598888	46
CP012026	1598889	46
CP012026	1598890	46
CP012026	1598891	46
CP012026	1598892	46
CP012026	1598893	50
CP012026	1598894	50
CP012026	1598895	50
CP012026	1598896	50
CP012026	1598897	50
CP012026	1598898	50
CP012026	1598899	51
CP012026	1598900	49
CP012026	1598901	49
CP012026	1598902	48
CP012026	1598903	48
CP012026	1598904	48
CP012026	1598905	48
CP012026	1598906	48
CP012026	1598907	48
CP012026	1598908	48
CP012026	1598909	48
CP012026	1598910	48
CP012026	1598911	48
CP012026	1598912	48
CP012026	1598913	48
CP012026	1598914	48
CP012026	1598915	48
CP012026	1598916	48
CP012026	1598917	48
CP012026	1598918	48
CP012026	1598919	48
CP012026	1598920	48
CP012026	1598921	48
CP012026	1598922	48
CP012026	1598923	46
CP012026	1598924	46
CP012026	1598925	46
CP012026	1598926	46
CP012026	1598927	46
CP012026	1598928	46
CP012026	1598929	44
CP012026	1598930	46
CP012026	1598931	46
CP012026	1598932	46
CP012026	1598933	46
CP012026	1598934	46
CP012026	1598935	46
CP012026	1598936	46
CP012026	1598937	46
CP012026	1598938	46
CP012026	1598939	45
CP012026	1598940	45
CP012026	1598941	43
CP012026	1598942	43
CP012026	1598943	43
CP012026	1598944	43
CP012026	1598945	43
CP012026	1598946	43
CP012026	1598947	43
CP012026	1598948	43
CP012026	1598949	43
CP012026	1598950	43
CP012026	1598951	44
CP012026	1598952	44
CP012026	1598953	44
CP012026	1598954	44
CP012026	1598955	44
CP012026	1598956	44
CP012026	1598957	44
CP012026	1598958	44
CP012026	1598959	46
CP012026	1598960	46
CP012026	1598961	46
CP012026	1598962	46
CP012026	1598963	45
CP012026	1598964	45
CP012026	1598965	45
CP012026	1598966	45
CP012026	1598967	45
CP012026	1598968	45
CP012026	1598969	45
CP012026	1598970	45
CP012026	1598971	45
CP012026	1598972	44
CP012026	1598973	44
CP012026	1598974	41
CP012026	1598975	41
CP012026	1598976	41
CP012026	1598977	41
CP012026	1598978	41
CP012026	1598979	43
CP012026	1598980	43
CP012026	1598981	43
CP012026	1598982	43
CP012026	1598983	44
CP012026	1598984	45
CP012026	1598985	45
CP012026	1598986	43
CP012026	1598987	43
CP012026	1598988	42
CP012026	1598989	42
CP012026	1598990	40
CP012026	1598991	40
CP012026	1598992	40
CP012026	1598993	40
CP012026	1598994	40
CP012026	1598995	40
CP012026	1598996	40
CP012026	1598997	40
CP012026	1598998	40
CP012026	1598999	40
CP012026	1599000	41
CP012026	1599001	41
CP012026	1599002	41
CP012026	1599003	41
CP012026	1599004	43
CP012026	1599005	43
CP012026	1599006	42
CP012026	1599007	42
CP012026	1599008	42
CP012026	1599009	42
CP012026	1599010	42
CP012026	1599011	42
CP012026	1599012	42
CP012026	1599013	42
CP012026	1599014	42
CP012026	1599015	42
CP012026	1599016	42
CP012026	1599017	42
CP012026	1599018	42
CP012026	1599019	42
CP012026	1599020	41
CP012026	1599021	39
CP012026	1599022	39
CP012026	1599023	39
CP012026	1599024	37
CP012026	1599025	37
CP012026	1599026	36
CP012026	1599027	36
CP012026	1607799	26
CP012026	1607800	26
CP012026	1607801	26
CP012026	1607802	26
CP012026	1607803	26
CP012026	1607804	26
CP012026	1607805	26
CP012026	1607806	26
CP012026	1607807	26
CP012026	1607808	26
CP012026	1607809	26
CP012026	1607810	26
CP012026	1607811	26
CP012026	1607812	26
CP012026	1607813	26
CP012026	1607814	26
CP012026	1607815	28
CP012026	1607816	28
CP012026	1607817	28
CP012026	1607818	28
CP012026	1607819	28
CP012026	1607820	28
CP012026	1607821	28
CP012026	1607822	28
CP012026	1607823	30
CP012026	1607824	30
CP012026	1607825	30
CP012026	1607826	30
CP012026	1607827	30
CP012026	1607828	30
CP012026	1607829	30
CP012026	1607830	30
CP012026	1607831	30
CP012026	1607832	30
CP012026	1607833	30
CP012026	1607834	30
CP012026	1607835	30
CP012026	1607836	30
CP012026	1607837	30
CP012026	1607838	30
CP012026	1607839	30
CP012026	1607840	30
CP012026	1607841	30
CP012026	1607842	31
CP012026	1607843	31
CP012026	1607844	31
CP012026	1607845	31
CP012026	1607846	31
CP012026	1607847	31
CP012026	1607848	31
CP012026	1607849	32
CP012026	1607850	32
CP012026	1607851	32
CP012026	1607852	32
CP012026	1607853	32
CP012026	1607854	32
CP012026	1607855	33
CP012026	1607856	33
CP012026	1607857	32
CP012026	1607858	34
CP012026	1607859	34
CP012026	1607860	34
CP012026	1607861	34
CP012026	1607862	34
CP012026	1607863	34
CP012026	1607864	34
CP012026	1607865	34
CP012026	1607866	34
CP012026	1607867	32
CP012026	1607868	32
CP012026	1607869	32
CP012026	1607870	32
CP012026	1607871	32
CP012026	1607872	34
CP012026	1607873	35
CP012026	1607874	35
CP012026	1607875	35
CP012026	1607876	35
CP012026	1607877	35
CP012026	1607878	35
CP012026	1607879	35
CP012026	1607880	35
CP012026	1607881	35
CP012026	1607882	35
CP012026	1607883	34
CP012026	1607884	34
CP012026	1607885	34
CP012026	1607886	34
CP012026	1607887	34
CP012026	1607888	34
CP012026	1607889	34
CP012026	1607890	34
CP012026	1607891	34
CP012026	1607892	34
CP012026	1607893	34
CP012026	1607894	33
CP012026	1607895	32
CP012026	1607896	32
CP012026	1607897	32
CP012026	1607898	32
CP012026	1607899	31
CP012026	1607900	29
CP012026	1607901	29
CP012026	1607902	29
CP012026	1607903	29
CP012026	1607904	29
CP012026	1607905	32
CP012026	1607906	32
CP012026	1607907	32
CP012026	1607908	32
CP012026	1607909	31
CP012026	1607910	30
CP012026	1607911	30
CP012026	1607912	30
CP012026	1607913	30
CP012026	1607914	29
CP012026	1607915	29
CP012026	1607916	29
CP012026	1607917	29
CP012026	1607918	31
CP012026	1607919	31
CP012026	1607920	31
CP012026	1607921	31
CP012026	1607922	31
CP012026	1607923	31
CP012026	1607924	29
CP012026	1607925	29
CP012026	1607926	29
CP012026	1607927	27
CP012026	1607928	27
CP012026	1607929	27
CP012026	1607930	27
CP012026	1607931	27
CP012026	1607932	27
CP012026	1607933	31
CP012026	1607934	30
CP012026	1607935	30
CP012026	1607936	30
CP012026	1607937	29
CP012026	1607938	29
CP012026	1607939	29
CP012026	1607940	31
CP012026	1607941	34
CP012026	1607942	33
CP012026	1607943	33
CP012026	1607944	34
CP012026	1607945	34
CP012026	1607946	34
CP012026	1607947	34
CP012026	1607948	34
CP012026	1607949	34
CP012026	1607950	34
CP012026	1607951	34
CP012026	1607952	34
CP012026	1607953	34
CP012026	1607954	32
CP012026	1607955	32
CP012026	1607956	32
CP012026	1607957	32
CP012026	1607958	32
CP012026	1607959	32
CP012026	1607960	32
CP012026	1607961	32
CP012026	1607962	31
CP012026	1607963	30
CP012026	1607964	30
CP012026	1607965	30
CP012026	1607966	29
CP012026	1607967	29
CP012026	1607968	29
CP012026	1607969	29
CP012026	1607970	29
CP012026	1607971	29
CP012026	1607972	29
CP012026	1607973	29
CP012026	1607974	29
CP012026	1607975	29
CP012026	1607976	29
CP012026	1607977	29
CP012026	1607978	29
CP012026	1607979	29
CP012026	1607980	29
CP012026	1607981	29
CP012026	1607982	29
CP012026	1607983	29
CP012026	1607984	29
CP012026	1607985	29
CP012026	1607986	29
CP012026	1607987	28
CP012026	1607988	28
CP012026	1607989	28
CP012026	1607990	28
CP012026	1607991	28
CP012026	1607992	29
CP012026	1607993	29
CP012026	1607994	29
CP012026	1607995	29
CP012026	1607996	29
CP012026	1607997	31
CP012026	1607998	31
CP012026	1607999	31
CP012026	1608000	31
CP012026	1608001	31
CP012026	1608002	31
CP012026	1608003	31
CP012026	1608004	31
CP012026	1608005	31
CP012026	1608006	31
CP012026	1608007	31
CP012026	1608008	31
CP012026	1608009	33
CP012026	1608010	33
CP012026	1608011	39
CP012026	1608012	39
CP012026	1608013	39
CP012026	1608014	39
CP012026	1608015	39
CP012026	1608016	39
CP012026	1608017	39
CP012026	1608018	39
CP012026	1608019	39
CP012026	1608020	34
CP012026	1608021	34
CP012026	1608022	34
CP012026	1608023	38
CP012026	1608024	38
CP012026	1608025	38
CP012026	1608026	38
CP012026	1608027	38
CP012026	1608028	38
CP012026	1608029	38
CP012026	1608030	38
CP012026	1608031	38
CP012026	1608032	38
CP012026	1608033	39
CP012026	1608034	39
CP012026	1608035	41
CP012026	1608036	41
CP012026	1608037	41
CP012026	1608038	41
CP012026	1608039	41
CP012026	1608040	41
CP012026	1608041	39
CP012026	1608042	39
CP012026	1608043	39
CP012026	1608044	39
CP012026	1608045	39
CP012026	1608046	39
CP012026	1608047	39
CP012026	1608048	39
CP012026	1608049	37
CP012026	1608050	37
CP012026	1608051	37
CP012026	1608052	37
CP012026	1608053	37
CP012026	1608054	37
CP012026	1608055	37
CP012026	1608056	37
CP012026	1608057	37
CP012026	1608058	37
CP012026	1608059	37
CP012026	1608060	37
CP012026	1608061	37
CP012026	1608062	37
CP012026	1608063	38
CP012026	1608064	38
CP012026	1608065	38
CP012026	1608066	38
CP012026	1608067	38
CP012026	1608068	38
CP012026	1608069	38
CP012026	1608070	36
CP012026	1608071	36
CP012026	1608072	36
CP012026	1608073	36
CP012026	1608074	36
CP012026	1608075	36
CP012026	1608076	36
CP012026	1608077	36
CP012026	1608078	36
CP012026	1608079	36
CP012026	1608080	36
CP012026	1608081	36
CP012026	1608082	35
CP012026	1608083	35
CP012026	1608084	35
CP012026	1608085	35
CP012026	1608086	35
CP012026	1608087	35
CP012026	1608088	35
CP012026	1608089	35
CP012026	1608090	35
CP012026	1608091	35
CP012026	1608092	34
CP012026	1608093	34
CP012026	1608094	34
CP012026	1608095	35
CP012026	1608096	35
CP012026	1608097	35
CP012026	1608098	35
CP012026	1608099	34
CP012026	1608100	36
CP012026	1608101	36
CP012026	1608102	36
CP012026	1608103	36
CP012026	1608104	36
CP012026	1608105	36
CP012026	1608106	35
CP012026	1608107	33
CP012026	1608108	33
CP012026	1608109	33
CP012026	1608110	33
CP012026	1608111	33
CP012026	1608112	33
CP012026	1608113	33
CP012026	1608114	33
CP012026	1608115	33
CP012026	1608116	33
CP012026	1608117	33
CP012026	1608118	34
CP012026	1608119	34
CP012026	1608120	34
CP012026	1608121	34
CP012026	1608122	34
CP012026	1608123	33
CP012026	1608124	33
CP012026	1608125	33
CP012026	1608126	33
CP012026	1608127	33
CP012026	1608128	33
CP012026	1608129	33
CP012026	1608130	33
CP012026	1608131	33
CP012026	1608132	33
CP012026	1608133	33
CP012026	1608134	33
CP012026	1608135	33
CP012026	1608136	33
CP012026	1608137	33
CP012026	1608138	33
CP012026	1608139	33
CP012026	1608140	33
CP012026	1608141	35
CP012026	1608142	35
CP012026	1608143	35
CP012026	1608144	35
CP012026	1608145	34
CP012026	1608146	34
CP012026	1608147	34
CP012026	1608148	34
CP012026	1608149	34
CP012026	1608150	34
CP012026	1608151	34
CP012026	1608152	34
CP012026	1608153	34
CP012026	1608154	34
CP012026	1608155	34
CP012026	1608156	33
CP012026	1608157	33
CP012026	1608158	33
CP012026	1608159	35
CP012026	1608160	38
CP012026	1608161	38
CP012026	1608162	38
CP012026	1608163	38
CP012026	1608164	38
CP012026	1608165	39
CP012026	1608166	40
CP012026	1608167	40
CP012026	1608168	39
CP012026	1608169	36
CP012026	1608170	36
CP012026	1608171	36
CP012026	1608172	36
CP012026	1608173	36
CP012026	1608174	36
CP012026	1608175	36
CP012026	1608176	36
CP012026	1608177	36
CP012026	1608178	34
CP012026	1608179	34
CP012026	1608180	35
CP012026	1608181	36
CP012026	1608182	36
CP012026	1608183	37
CP012026	1608184	37
CP012026	1608185	37
CP012026	1608186	37
CP012026	1608187	37
CP012026	1608188	37
CP012026	1608189	37
CP012026	1608190	37
CP012026	1608191	36
CP012026	1608192	36
CP012026	1608193	35
CP012026	1608194	34
CP012026	1608195	34
CP012026	1608196	34
CP012026	1608197	35
CP012026	1608198	35
CP012026	1608199	35
CP012026	1608200	37
CP012026	1608201	35
CP012026	1608202	35
CP012026	1608203	33
CP012026	1608204	33
CP012026	1608205	33
CP012026	1608206	34
CP012026	1608207	34
CP012026	1608208	34
CP012026	1608209	34
CP012026	1608210	34
CP012026	1608211	34
CP012026	1608212	34
CP012026	1608213	34
CP012026	1608214	34
CP012026	1608215	34
CP012026	1608216	34
CP012026	1608217	34
CP012026	1608218	34
CP012026	1608219	32
CP012026	1608220	32
CP012026	1608221	32
CP012026	1608222	32
CP012026	1608223	32
CP012026	1608224	32
CP012026	1608225	32
CP012026	1608226	32
CP012026	1608227	32
CP012026	1608228	33
CP012026	1608229	33
CP012026	1608230	33
CP012026	1608231	33
CP012026	1608232	35
CP012026	1608233	35
CP012026	1608234	35
CP012026	1608235	35
CP012026	1608236	35
CP012026	1608237	35
CP012026	1608238	35
CP012026	1608239	35
CP012026	1608240	33
CP012026	1608241	33
CP012026	1608242	32
CP012026	1608243	32
CP012026	1608244	32
CP012026	1608245	32
CP012026	1608246	33
CP012026	1608247	33
CP012026	1608248	31
CP012026	1608249	31
CP012026	1608250	31
CP012026	1608251	31
CP012026	1608252	32
CP012026	1608253	33
CP012026	1608254	33
CP012026	1608255	35
CP012026	1608256	33
CP012026	1608257	33
CP012026	1608258	33
CP012026	1608259	33
CP012026	1608260	33
CP012026	1608261	33
CP012026	1608262	33
CP012026	1608263	33
CP012026	1608264	33
CP012026	1608265	33
CP012026	1608266	33
CP012026	1608267	33
CP012026	1608268	33
CP012026	1608269	33
CP012026	1608270	37
CP012026	1608271	37
CP012026	1608272	37
CP012026	1608273	37
CP012026	1608274	37
CP012026	1608275	37
CP012026	1608276	37
CP012026	1608277	37
CP012026	1608278	37
CP012026	1608279	37
CP012026	1608280	37
CP012026	1608281	37
CP012026	1608282	37
CP012026	1608283	38
CP012026	1608284	37
CP012026	1608285	38
CP012026	1608286	39
CP012026	1608287	39
CP012026	1608288	41
CP012026	1608289	41
CP012026	1608290	39
CP012026	1608291	39
CP012026	1608292	39
CP012026	1608293	39
CP012026	1608294	39
CP012026	1608295	39
CP012026	1608296	40
CP012026	1608297	40
CP012026	1608298	40
CP012026	1608299	40
CP012026	1608300	40
CP012026	1608301	43
CP012026	1608302	43
CP012026	1608303	43
CP012026	1608304	43
CP012026	1608305	43
CP012026	1608306	45
CP012026	1608307	45
CP012026	1608308	45
CP012026	1608309	45
CP012026	1608310	44
CP012026	1608311	44
CP012026	1608312	44
CP012026	1608313	44
CP012026	1608314	44
CP012026	1608315	44
CP012026	1608316	46
CP012026	1608317	46
CP012026	1612996	45
CP012026	1612997	44
CP012026	1612998	44
CP012026	1612999	48
CP012026	1613000	48
CP012026	1613001	48
CP012026	1613002	48
CP012026	1613003	48
CP012026	1613004	48
CP012026	1613005	48
CP012026	1613006	45
CP012026	1613007	44
CP012026	1613008	44
CP012026	1613009	46
CP012026	1613010	46
CP012026	1613011	46
CP012026	1613012	47
CP012026	1613013	47
CP012026	1613014	47
CP012026	1613015	47
CP012026	1613016	47
CP012026	1613017	49
CP012026	1613018	48
CP012026	1613019	48
CP012026	1613020	48
CP012026	1613021	49
CP012026	1613022	49
CP012026	1613023	49
CP012026	1613024	49
CP012026	1613025	48
CP012026	1613026	48
CP012026	1613027	48
CP012026	1613028	48
CP012026	1613029	47
CP012026	1613030	47
CP012026	1613031	47
CP012026	1613032	47
CP012026	1613033	47
CP012026	1613034	47
CP012026	1613035	47
CP012026	1613036	47
CP012026	1613037	47
CP012026	1613038	47
CP012026	1613039	47
CP012026	1613040	47
CP012026	1613041	47
CP012026	1613042	47
CP012026	1613043	47
CP012026	1613044	48
CP012026	1613045	48
CP012026	1613046	48
CP012026	1613047	48
CP012026	1613048	48
CP012026	1613049	48
CP012026	1613050	48
CP012026	1613051	46
CP012026	1613052	46
CP012026	1613053	46
CP012026	1613054	46
CP012026	1613055	46
CP012026	1613056	46
CP012026	1613057	46
CP012026	1613058	47
CP012026	1613059	47
CP012026	1613060	47
CP012026	1613061	47
CP012026	1613062	47
CP012026	1613063	44
CP012026	1613064	44
CP012026	1613065	44
CP012026	1613066	44
CP012026	1613067	44
CP012026	1613068	44
CP012026	1613069	44
CP012026	1613070	44
CP012026	1613071	44
CP012026	1613072	42
CP012026	1613073	42
CP012026	1613074	42
CP012026	1613075	43
CP012026	1613076	41
CP012026	1613077	42
CP012026	1613078	42
CP012026	1613079	42
CP012026	1613080	42
CP012026	1613081	42
CP012026	1613082	44
CP012026	1613083	44
CP012026	1613084	43
CP012026	1613085	43
CP012026	1613086	41
CP012026	1613087	41
CP012026	1613088	41
CP012026	1613089	41
CP012026	1613090	41
CP012026	1613091	41
CP012026	1613092	40
CP012026	1613093	40
CP012026	1613094	40
CP012026	1613095	40
CP012026	1613096	40
CP012026	1613097	40
CP012026	1613098	40
CP012026	1613099	40
CP012026	1613100	40
CP012026	1613101	38
CP012026	1613102	38
CP012026	1613103	38
CP012026	1613104	38
CP012026	1613105	38
CP012026	1613106	38
CP012026	1613107	38
CP012026	1613108	38
CP012026	1613109	38
CP012026	1613110	38
CP012026	1613111	38
CP012026	1613112	37
CP012026	1613113	37
CP012026	1613114	37
CP012026	1613115	37
CP012026	1613116	38
CP012026	1613117	38
CP012026	1613118	38
CP012026	1613119	38
CP012026	1613120	36
CP012026	1613121	38
CP012026	1613122	38
CP012026	1613123	37
CP012026	1613124	36
CP012026	1613125	36
CP012026	1613126	36
CP012026	1613127	36
CP012026	1613128	36
CP012026	1613129	36
CP012026	1613130	34
CP012026	1613131	34
CP012026	1613132	34
CP012026	1613133	34
CP012026	1613134	34
CP012026	1613135	34
CP012026	1613136	37
CP012026	1613137	37
CP012026	1613138	39
CP012026	1613139	38
CP012026	1613140	38
CP012026	1613141	40
CP012026	1613142	40
CP012026	1613143	40
CP012026	1613144	40
CP012026	1613145	40
CP012026	1613146	38
CP012026	1613147	33
CP012026	1613148	33
CP012026	1613149	33
CP012026	1613150	31
CP012026	1613151	31
CP012026	1613152	31
CP012026	1613153	35
CP012026	1613154	35
CP012026	1613155	35
CP012026	1613156	35
CP012026	1613157	35
CP012026	1613158	35
CP012026	1613159	35
CP012026	1613160	35
CP012026	1613161	35
CP012026	1613162	30
CP012026	1613163	30
CP012026	1613164	30
CP012026	1613165	30
CP012026	1613166	30
CP012026	1613167	30
CP012026	1613168	30
CP012026	1613169	30
CP012026	1613170	30
CP012026	1613171	31
CP012026	1613172	31
CP012026	1613173	30
CP012026	1613174	30
CP012026	1613175	29
CP012026	1613176	29
CP012026	1613177	29
CP012026	1613178	29
CP012026	1613179	28
CP012026	1613180	28
CP012026	1613181	28
CP012026	1613182	28
CP012026	1613183	28
CP012026	1613184	28
CP012026	1613185	28
CP012026	1613186	28
CP012026	1613187	28
CP012026	1613188	28
CP012026	1613189	27
CP012026	1613190	27
CP012026	1613191	27
CP012026	1613192	27
CP012026	1613193	27
CP012026	1613194	27
CP012026	1613195	27
CP012026	1613196	27
CP012026	1613197	27
CP012026	1613198	29
CP012026	1613199	29
CP012026	1613200	29
CP012026	1613201	29
CP012026	1613202	29
CP012026	1613203	29
CP012026	1613204	29
CP012026	1613205	29
CP012026	1613206	29
CP012026	1613207	31
CP012026	1613208	31
CP012026	1613209	31
CP012026	1613210	29
CP012026	1613211	29
CP012026	1613212	29
CP012026	1613213	29
CP012026	1613214	29
CP012026	1613215	29
CP012026	1613216	29
CP012026	1613217	30
CP012026	1613218	30
CP012026	1613219	30
CP012026	1613220	30
CP012026	1613221	30
CP012026	1613222	30
CP012026	1613223	30
CP012026	1613224	30
CP012026	1613225	30
CP012026	1613226	29
CP012026	1613227	29
CP012026	1613228	29
CP012026	1613229	29
CP012026	1613230	29
CP012026	1613231	29
CP012026	1613232	29
CP012026	1613233	29
CP012026	1613234	27
CP012026	1613235	27
CP012026	1613236	27
CP012026	1613237	27
CP012026	1613238	27
CP012026	1613239	27
CP012026	1613240	27
CP012026	1613241	27
CP012026	1613242	27
CP012026	1613243	27
CP012026	1613244	29
CP012026	1613245	29
CP012026	1613246	29
CP012026	1613247	29
CP012026	1613248	29
CP012026	1613249	29
CP012026	1613250	29
CP012026	1613251	29
CP012026	1613252	29
CP012026	1613253	29
CP012026	1613254	30
CP012026	1613255	30
CP012026	1613256	30
CP012026	1613257	30
CP012026	1613258	30
CP012026	1613259	30
CP012026	1613260	30
CP012026	1613261	30
CP012026	1613262	30
CP012026	1613263	29
CP012026	1613264	29
CP012026	1613265	29
CP012026	1613266	29
CP012026	1613267	30
CP012026	1613268	32
CP012026	1613269	32
CP012026	1613270	32
CP012026	1613271	32
CP012026	1613272	31
CP012026	1613273	32
CP012026	1613274	32
CP012026	1613275	32
CP012026	1613276	32
CP012026	1613277	32
CP012026	1613278	32
CP012026	1613279	32
CP012026	1613280	32
CP012026	1613281	32
CP012026	1613282	32
CP012026	1613283	32
CP012026	1613284	32
CP012026	1613285	34
CP012026	1613286	35
CP012026	1613287	35
CP012026	1613288	37
CP012026	1613289	35
CP012026	1613290	36
CP012026	1613291	36
CP012026	1613292	36
CP012026	1613293	36
CP012026	1613294	35
CP012026	1613295	35
CP012026	1613296	35
CP012026	1613297	35
CP012026	1613298	35
CP012026	1613299	35
CP012026	1613300	38
CP012026	1613301	38
CP012026	1613302	38
CP012026	1613303	38
CP012026	1613304	38
CP012026	1613305	38
CP012026	1613306	38
CP012026	1613307	40
CP012026	1613308	40
CP012026	1613309	38
CP012026	1613310	39
CP012026	1613311	39
CP012026	1613312	39
CP012026	1613313	39
CP012026	1613314	39
CP012026	1613315	39
CP012026	1613316	39
CP012026	1613317	39
CP012026	1613318	39
CP012026	1613319	37
CP012026	1613320	35
CP012026	1613321	35
CP012026	1613322	33
CP012026	1613323	33
CP012026	1613324	33
CP012026	1613325	33
CP012026	1614768	47
CP012026	1614769	47
CP012026	1614770	47
CP012026	1614771	45
CP012026	1614772	45
CP012026	1614773	45
CP012026	1614774	44
CP012026	1614775	44
CP012026	1614776	43
CP012026	1614777	43
CP012026	1614778	43
CP012026	1614779	43
CP012026	1614780	43
CP012026	1614781	43
CP012026	1614782	45
CP012026	1614783	45
CP012026	1614784	45
CP012026	1614785	47
CP012026	1614786	48
CP012026	1614787	50
CP012026	1614788	50
CP012026	1614789	50
CP012026	1614790	48
CP012026	1614791	48
CP012026	1614792	46
CP012026	1614793	46
CP012026	1614794	44
CP012026	1614795	44
CP012026	1614796	46
CP012026	1614797	47
CP012026	1614798	45
CP012026	1614799	45
CP012026	1614800	45
CP012026	1614801	45
CP012026	1614802	45
CP012026	1614803	46
CP012026	1614804	46
CP012026	1614805	48
CP012026	1614806	48
CP012026	1614807	47
CP012026	1614808	48
CP012026	1614809	48
CP012026	1614810	48
CP012026	1614811	46
CP012026	1614812	42
CP012026	1614813	42
CP012026	1614814	42
CP012026	1614815	42
CP012026	1614816	42
CP012026	1614817	42
CP012026	1614818	41
CP012026	1614819	41
CP012026	1614820	41
CP012026	1614821	41
CP012026	1614822	39
CP012026	1614823	39
CP012026	1614824	37
CP012026	1614825	37
CP012026	1614826	37
CP012026	1614827	35
CP012026	1614828	35
CP012026	1614829	36
CP012026	1614830	36
CP012026	1614831	36
CP012026	1614832	36
CP012026	1614833	36
CP012026	1614834	36
CP012026	1614835	36
CP012026	1614836	38
CP012026	1614837	36
CP012026	1614838	36
CP012026	1614839	36
CP012026	1614840	36
CP012026	1614841	36
CP012026	1614842	36
CP012026	1614843	36
CP012026	1614844	35
CP012026	1614845	35
CP012026	1614846	34
CP012026	1614847	34
CP012026	1614848	34
CP012026	1614849	36
CP012026	1614850	36
CP012026	1614851	36
CP012026	1614852	36
CP012026	1614853	36
CP012026	1614854	36
CP012026	1614855	36
CP012026	1614856	36
CP012026	1614857	36
CP012026	1614858	36
CP012026	1614859	36
CP012026	1614860	36
CP012026	1614861	36
CP012026	1614862	38
CP012026	1614863	38
CP012026	1614864	38
CP012026	1614865	38
CP012026	1614866	38
CP012026	1614867	39
CP012026	1614868	39
CP012026	1614869	41
CP012026	1614870	41
CP012026	1614871	41
CP012026	1614872	41
CP012026	1614873	41
CP012026	1614874	42
CP012026	1614875	42
CP012026	1614876	42
CP012026	1614877	42
CP012026	1614878	42
CP012026	1614879	41
CP012026	1614880	41
CP012026	1614881	41
CP012026	1614882	41
CP012026	1614883	41
CP012026	1614884	41
CP012026	1614885	41
CP012026	1614886	41
CP012026	1614887	41
CP012026	1614888	41
CP012026	1614889	41
CP012026	1614890	41
CP012026	1614891	41
CP012026	1614892	41
CP012026	1614893	42
CP012026	1614894	42
CP012026	1614895	42
CP012026	1614896	42
CP012026	1614897	44
CP012026	1614898	44
CP012026	1614899	44
CP012026	1614900	44
CP012026	1614901	44
CP012026	1614902	44
CP012026	1614903	44
CP012026	1614904	44
CP012026	1614905	44
CP012026	1614906	42
CP012026	1614907	42
CP012026	1614908	41
CP012026	1614909	39
CP012026	1614910	39
CP012026	1614911	39
CP012026	1614912	39
CP012026	1614913	39
CP012026	1614914	39
CP012026	1614915	39
CP012026	1614916	39
CP012026	1614917	39
CP012026	1614918	39
CP012026	1614919	39
CP012026	1614920	44
CP012026	1614921	44
CP012026	1614922	45
CP012026	1614923	45
CP012026	1614924	45
CP012026	1614925	47
CP012026	1614926	49
CP012026	1614927	49
CP012026	1614928	49
CP012026	1614929	48
CP012026	1614930	48
CP012026	1614931	48
CP012026	1614932	48
CP012026	1614933	49
CP012026	1614934	49
CP012026	1614935	49
CP012026	1614936	50
CP012026	1614937	50
CP012026	1614938	49
CP012026	1614939	49
CP012026	1614940	49
CP012026	1614941	49
CP012026	1614942	49
CP012026	1614943	49
CP012026	1614944	49
CP012026	1614945	48
CP012026	1614946	48
CP012026	1614947	48
CP012026	1614948	48
CP012026	1614949	48
CP012026	1614950	46
CP012026	1614951	46
CP012026	1614952	46
CP012026	1614953	49
CP012026	1614954	49
CP012026	1614955	50
CP012026	1614956	50
CP012026	1614957	50
CP012026	1614958	50
CP012026	1614959	50
CP012026	1614960	50
CP012026	1614961	50
CP012026	1614962	50
CP012026	1614963	49
CP012026	1614964	49
CP012026	1614965	49
CP012026	1614966	48
CP012026	1614967	48
CP012026	1614968	48
CP012026	1614969	48
CP012026	1614970	50
CP012026	1614971	50
CP012026	1614972	50
CP012026	1614973	52
CP012026	1614974	52
CP012026	1614975	52
CP012026	1614976	53
CP012026	1614977	53
CP012026	1614978	53
CP012026	1614979	53
CP012026	1614980	54
CP012026	1614981	56
CP012026	1614982	56
CP012026	1614983	56
CP012026	1614984	56
CP012026	1614985	56
CP012026	1614986	55
CP012026	1614987	55
CP012026	1614988	55
CP012026	1614989	57
CP012026	1614990	57
CP012026	1614991	57
CP012026	1614992	57
CP012026	1614993	57
CP012026	1614994	57
CP012026	1614995	57
CP012026	1614996	57
CP012026	1614997	57
CP012026	1614998	57
CP012026	1614999	54
CP012026	1615000	54
CP012026	1615001	52
CP012026	1615002	51
CP012026	1615003	52
CP012026	1615004	53
CP012026	1615005	53
CP012026	1615006	53
CP012026	1615007	53
CP012026	1615008	53
CP012026	1615009	53
CP012026	1615010	52
CP012026	1615011	52
CP012026	1615012	52
CP012026	1615013	52
CP012026	1615014	52
CP012026	1615015	52
CP012026	1615016	47
CP012026	1615017	45
CP012026	1615018	45
CP012026	1615019	46
CP012026	1615020	46
CP012026	1615021	46
CP012026	1615022	46
CP012026	1615023	46
CP012026	1615024	46
CP012026	1615025	46
CP012026	1615026	49
CP012026	1615027	49
CP012026	1615028	49
CP012026	1615029	49
CP012026	1615030	50
CP012026	1615031	50
CP012026	1615032	50
CP012026	1615033	50
CP012026	1615034	50
CP012026	1615035	52
CP012026	1615036	52
CP012026	1615037	51
CP012026	1615038	51
CP012026	1615039	52
CP012026	1615040	52
CP012026	1615041	52
CP012026	1615042	52
CP012026	1615043	52
CP012026	1615044	52
CP012026	1615045	52
CP012026	1615046	52
CP012026	1615047	51
CP012026	1615048	50
CP012026	1615049	52
CP012026	1615050	52
CP012026	1615051	53
CP012026	1615052	53
CP012026	1615053	53
CP012026	1615054	52
CP012026	1615055	52
CP012026	1615056	52
CP012026	1615057	52
CP012026	1615058	49
CP012026	1615059	49
CP012026	1615060	49
CP012026	1615061	52
CP012026	1615062	52
CP012026	1615063	52
CP012026	1615064	52
CP012026	1615065	52
CP012026	1615066	52
CP012026	1615067	52
CP012026	1615068	52
CP012026	1615069	53
CP012026	1615070	53
CP012026	1615071	53
CP012026	1615072	53
CP012026	1615073	54
CP012026	1615074	54
CP012026	1615075	55
CP012026	1615076	55
CP012026	1615077	55
CP012026	1615078	55
CP012026	1615079	55
CP012026	1615080	52
CP012026	1615081	52
CP012026	1615082	51
CP012026	1615083	51
CP012026	1615084	49
CP012026	1615085	49
CP012026	1615086	49
CP012026	1615087	47
CP012026	1615088	47
CP012026	1615089	47
CP012026	1615090	47
CP012026	1615091	47
CP012026	1615092	47
CP012026	1615093	47
CP012026	1615094	47
CP012026	1615095	47
CP012026	1615096	48
CP012026	1615097	48
CP012026	1615098	48
CP012026	1615099	48
CP012026	1615100	48
CP012026	1615101	48
CP012026	1615102	48
CP012026	1615103	48
CP012026	1615104	48
CP012026	1615105	50
CP012026	1615106	50
CP012026	1615107	50
CP012026	1615108	50
CP012026	1615109	50
CP012026	1615110	48
CP012026	1615111	48
CP012026	1615112	48
CP012026	1615113	46
CP012026	1615114	46
CP012026	1615115	44
CP012026	1615116	46
CP012026	1615117	47
CP012026	1615118	46
CP012026	1615119	46
CP012026	1615120	46
CP012026	1615121	46
CP012026	1615122	46
CP012026	1615123	46
CP012026	1615124	46
CP012026	1615125	45
CP012026	1615126	45
CP012026	1615127	45
CP012026	1615128	45
CP012026	1615129	45
CP012026	1615130	45
CP012026	1615131	45
CP012026	1615132	45
CP012026	1615133	45
CP012026	1615134	45
CP012026	1615135	48
CP012026	1615136	46
CP012026	1615137	46
CP012026	1615138	47
CP012026	1615139	47
CP012026	1615140	47
CP012026	1615141	47
CP012026	1615142	47
CP012026	1615143	47
CP012026	1615144	46
CP012026	1615145	46
CP012026	1615146	46
CP012026	1615147	46
CP012026	1615148	46
CP012026	1615149	46
CP012026	1615150	46
CP012026	1615151	46
CP012026	1615152	46
CP012026	1615153	46
CP012026	1615154	46
CP012026	1615155	46
CP012026	1615156	46
CP012026	1615157	44
CP012026	1615158	44
CP012026	1615159	44
CP012026	1615160	44
CP012026	1615161	44
CP012026	1615162	46
CP012026	1615163	47
CP012026	1615164	47
CP012026	1615165	47
CP012026	1615166	47
CP012026	1615167	47
CP012026	1615168	47
CP012026	1615169	47
CP012026	1615170	47
CP012026	1615171	46
CP012026	1615172	50
CP012026	1615173	49
CP012026	1615174	49
CP012026	1615175	50
CP012026	1615176	50
CP012026	1615177	48
CP012026	1615178	48
CP012026	1615179	48
CP012026	1615180	48
CP012026	1615181	48
CP012026	1615182	46
CP012026	1615183	47
CP012026	1615184	46
CP012026	1615185	47
CP012026	1615186	47
CP012026	1615187	46
CP012026	1615188	46
CP012026	1615189	46
CP012026	1615190	46
CP012026	1615191	46
CP012026	1615192	46
CP012026	1615193	46
CP012026	1615194	46
CP012026	1615195	46
CP012026	1615196	46
CP012026	1615197	46
CP012026	1615198	46
CP012026	1615199	46
CP012026	1615200	46
CP012026	1615201	46
CP012026	1615202	48
CP012026	1615203	48
CP012026	1615204	47
CP012026	1615205	50
CP012026	1615206	49
CP012026	1615207	49
CP012026	1615208	49
CP012026	1615209	49
CP012026	1615210	49
CP012026	1615211	49
CP012026	1615212	49
CP012026	1615213	49
CP012026	1615214	49
CP012026	1615215	55
CP012026	1615216	55
CP012026	1615217	55
CP012026	1615218	55
CP012026	1615219	55
CP012026	1615220	55
CP012026	1615221	55
CP012026	1615222	55
CP012026	1615223	55
CP012026	1615224	51
CP012026	1615225	51
CP012026	1615226	50
CP012026	1615227	50
CP012026	1615228	50
CP012026	1615229	50
CP012026	1615230	51
CP012026	1615231	50
CP012026	1615232	50
CP012026	1615233	50
CP012026	1615234	50
CP012026	1615235	50
CP012026	1615236	50
CP012026	1615237	50
CP012026	1615238	51
CP012026	1615239	51
CP012026	1615240	51
CP012026	1615241	51
CP012026	1615242	51
CP012026	1615243	51
CP012026	1615244	51
CP012026	1615245	51
CP012026	1615246	53
CP012026	1615247	53
CP012026	1615248	53
CP012026	1615249	53
CP012026	1615250	53
CP012026	1615251	53
CP012026	1615252	54
CP012026	1615253	54
CP012026	1615254	51
CP012026	1615255	50
CP012026	1615256	50
CP012026	1615257	50
CP012026	1615258	50
CP012026	1615259	50
CP012026	1615260	50
CP012026	1615261	51
CP012026	1615262	51
CP012026	1615263	51
CP012026	1615264	51
CP012026	1615265	51
CP012026	1615266	51
CP012026	1615267	52
CP012026	1615268	52
CP012026	1615269	52
CP012026	1615270	51
CP012026	1615271	51
CP012026	1615272	51
CP012026	1615273	51
CP012026	1615274	51
CP012026	1615275	51
CP012026	1615276	51
CP012026	1615277	50
CP012026	1615278	50
CP012026	1615279	50
CP012026	1615280	49
CP012026	1615281	49
CP012026	1615282	49
CP012026	1615283	49
CP012026	1615284	49
CP012026	1615285	45
CP012026	1615286	45
CP012026	1615287	46
CP012026	1615288	46
CP012026	1615289	48
CP012026	1615290	48
CP012026	1615291	48
CP012026	1615292	48
CP012026	1615293	48
CP012026	1615294	48
CP012026	1615295	48
CP012026	1615296	48
CP012026	1615297	49
CP012026	1615298	49
CP012026	1615299	49
CP012026	1615300	49
CP012026	1615301	49
CP012026	1615302	49
CP012026	1615303	51
CP012026	1615304	51
CP012026	1615305	51
CP012026	1615306	53
CP012026	1615307	53
CP012026	1615308	55
CP012026	1615309	55
CP012026	1615310	53
CP012026	1615311	51
CP012026	1615312	50
CP012026	1615313	50
CP012026	1615314	50
CP012026	1615315	50
CP012026	1615316	50
CP012026	1615317	50
CP012026	1615318	50
CP012026	1615319	49
CP012026	1615320	49
CP012026	1615321	49
CP012026	1615322	49
CP012026	1615323	49
CP012026	1615324	48
CP012026	1615325	48
CP012026	1615326	47
CP012026	1615327	47
CP012026	1615328	47
CP012026	1615329	48
CP012026	1615330	48
CP012026	1615331	48
CP012026	1615332	48
CP012026	1615333	48
CP012026	1615334	48
CP012026	1615335	48
CP012026	1615336	48
CP012026	1615337	50
CP012026	1615338	50
CP012026	1615339	50
CP012026	1615340	50
CP012026	1615341	50
CP012026	1615342	50
CP012026	1615343	50
CP012026	1615344	50
CP012026	1615345	49
CP012026	1615346	47
CP012026	1615347	47
CP012026	1615348	47
CP012026	1615349	47
CP012026	1615350	48
CP012026	1615351	48
CP012026	1615352	48
CP012026	1615353	48
CP012026	1615354	48
CP012026	1615355	49
CP012026	1615356	47
CP012026	1615357	45
CP012026	1615358	45
CP012026	1615359	45
CP012026	1615360	45
CP012026	1615361	45
CP012026	1615362	45
CP012026	1615363	45
CP012026	1615364	45
CP012026	1615365	45
CP012026	1615366	45
CP012026	1615367	46
CP012026	1615368	45
CP012026	1615369	45
CP012026	1615370	48
CP012026	1615371	48
CP012026	1615372	48
CP012026	1615373	48
CP012026	1615374	48
CP012026	1615375	48
CP012026	1615376	48
CP012026	1615377	46
CP012026	1615378	46
CP012026	1615379	44
CP012026	1615380	44
CP012026	1615381	44
CP012026	1615382	44
CP012026	1615383	44
CP012026	1615384	44
CP012026	1615385	44
CP012026	1615386	44
CP012026	1615387	44
CP012026	1615388	44
CP012026	1616818	40
CP012026	1616819	40
CP012026	1616820	40
CP012026	1616821	40
CP012026	1616822	40
CP012026	1616823	40
CP012026	1616824	38
CP012026	1616825	39
CP012026	1616826	39
CP012026	1616827	39
CP012026	1616828	41
CP012026	1616829	41
CP012026	1616830	41
CP012026	1616831	41
CP012026	1616832	41
CP012026	1616833	41
CP012026	1616834	40
CP012026	1616835	41
CP012026	1616836	41
CP012026	1616837	41
CP012026	1616838	47
CP012026	1616839	47
CP012026	1616840	47
CP012026	1616841	48
CP012026	1616842	48
CP012026	1616843	50
CP012026	1616844	50
CP012026	1616845	50
CP012026	1616846	50
CP012026	1616847	48
CP012026	1616848	48
CP012026	1616849	48
CP012026	1616850	48
CP012026	1616851	48
CP012026	1616852	48
CP012026	1616853	48
CP012026	1616854	47
CP012026	1616855	47
CP012026	1616856	47
CP012026	1616857	47
CP012026	1616858	47
CP012026	1616859	47
CP012026	1616860	47
CP012026	1616861	45
CP012026	1616862	45
CP012026	1616863	45
CP012026	1616864	45
CP012026	1616865	45
CP012026	1616866	45
CP012026	1616867	45
CP012026	1616868	45
CP012026	1616869	44
CP012026	1616870	42
CP012026	1616871	42
CP012026	1616872	43
CP012026	1616873	43
CP012026	1616874	43
CP012026	1616875	43
CP012026	1616876	43
CP012026	1616877	43
CP012026	1616878	43
CP012026	1616879	43
CP012026	1616880	42
CP012026	1616881	44
CP012026	1616882	48
CP012026	1616883	48
CP012026	1616884	48
CP012026	1616885	46
CP012026	1616886	46
CP012026	1616887	46
CP012026	1616888	46
CP012026	1616889	47
CP012026	1616890	47
CP012026	1616891	49
CP012026	1616892	47
CP012026	1616893	47
CP012026	1616894	47
CP012026	1616895	47
CP012026	1616896	48
CP012026	1616897	47
CP012026	1616898	49
CP012026	1616899	49
CP012026	1616900	48
CP012026	1616901	48
CP012026	1616902	48
CP012026	1616903	48
CP012026	1616904	48
CP012026	1616905	50
CP012026	1616906	50
CP012026	1616907	50
CP012026	1616908	52
CP012026	1616909	52
CP012026	1616910	52
CP012026	1616911	52
CP012026	1616912	52
CP012026	1616913	52
CP012026	1616914	52
CP012026	1616915	52
CP012026	1616916	52
CP012026	1616917	52
CP012026	1616918	52
CP012026	1616919	52
CP012026	1616920	52
CP012026	1616921	52
CP012026	1616922	52
CP012026	1616923	51
CP012026	1616924	51
CP012026	1616925	51
CP012026	1616926	51
CP012026	1616927	51
CP012026	1616928	51
CP012026	1616929	53
CP012026	1616930	53
CP012026	1616931	53
CP012026	1616932	57
CP012026	1616933	57
CP012026	1616934	57
CP012026	1616935	57
CP012026	1616936	57
CP012026	1616937	58
CP012026	1616938	57
CP012026	1616939	56
CP012026	1616940	56
CP012026	1616941	55
CP012026	1616942	55
CP012026	1616943	55
CP012026	1616944	55
CP012026	1616945	55
CP012026	1616946	55
CP012026	1616947	55
CP012026	1616948	55
CP012026	1616949	54
CP012026	1616950	54
CP012026	1616951	56
CP012026	1616952	56
CP012026	1616953	56
CP012026	1616954	56
CP012026	1616955	56
CP012026	1616956	55
CP012026	1616957	55
CP012026	1616958	55
CP012026	1616959	55
CP012026	1616960	51
CP012026	1616961	51
CP012026	1616962	53
CP012026	1616963	53
CP012026	1616964	53
CP012026	1616965	53
CP012026	1616966	53
CP012026	1616967	53
CP012026	1616968	53
CP012026	1616969	55
CP012026	1616970	54
CP012026	1616971	54
CP012026	1616972	54
CP012026	1616973	54
CP012026	1616974	54
CP012026	1616975	54
CP012026	1616976	54
CP012026	1616977	54
CP012026	1616978	56
CP012026	1616979	56
CP012026	1616980	56
CP012026	1616981	56
CP012026	1616982	56
CP012026	1616983	55
CP012026	1616984	55
CP012026	1616985	55
CP012026	1616986	55
CP012026	1616987	55
CP012026	1616988	55
CP012026	1616989	56
CP012026	1616990	56
CP012026	1616991	56
CP012026	1616992	56
CP012026	1616993	56
CP012026	1616994	56
CP012026	1616995	56
CP012026	1616996	56
CP012026	1616997	56
CP012026	1616998	56
CP012026	1616999	56
CP012026	1617000	56
CP012026	1617001	56
CP012026	1617002	56
CP012026	1617003	58
CP012026	1617004	58
CP012026	1617005	58
CP012026	1617006	58
CP012026	1617007	58
CP012026	1617008	58
CP012026	1617009	58
CP012026	1617010	58
CP012026	1617011	58
CP012026	1617012	58
CP012026	1617013	57
CP012026	1617014	57
CP012026	1617015	57
CP012026	1617016	59
CP012026	1617017	59
CP012026	1617018	60
CP012026	1617019	65
CP012026	1617020	65
CP012026	1617021	65
CP012026	1617022	65
CP012026	1617023	65
CP012026	1617024	65
CP012026	1617025	65
CP012026	1617026	65
CP012026	1617027	65
CP012026	1617028	57
CP012026	1617029	57
CP012026	1617030	57
CP012026	1617031	57
CP012026	1617032	57
CP012026	1617033	57
CP012026	1617034	57
CP012026	1617035	56
CP012026	1617036	56
CP012026	1617037	56
CP012026	1617038	56
CP012026	1617039	57
CP012026	1617040	57
CP012026	1617041	57
CP012026	1617042	57
CP012026	1617043	57
CP012026	1617044	56
CP012026	1617045	56
CP012026	1617046	56
CP012026	1617047	56
CP012026	1617048	56
CP012026	1617049	56
CP012026	1617050	56
CP012026	1617051	56
CP012026	1617052	56
CP012026	1617053	59
CP012026	1617054	59
CP012026	1617055	59
CP012026	1617056	57
CP012026	1617057	57
CP012026	1617058	59
CP012026	1617059	59
CP012026	1617060	59
CP012026	1617061	59
CP012026	1617062	59
CP012026	1617063	59
CP012026	1617064	59
CP012026	1617065	59
CP012026	1617066	59
CP012026	1617067	55
CP012026	1617068	55
CP012026	1617069	55
CP012026	1617070	55
CP012026	1617071	55
CP012026	1617072	55
CP012026	1617073	55
CP012026	1617074	56
CP012026	1617075	55
CP012026	1617076	55
CP012026	1617077	56
CP012026	1617078	56
CP012026	1617079	56
CP012026	1617080	56
CP012026	1617081	58
CP012026	1617082	57
CP012026	1617083	57
CP012026	1617084	57
CP012026	1617085	57
CP012026	1617086	56
CP012026	1617087	56
CP012026	1617088	58
CP012026	1617089	56
CP012026	1617090	52
CP012026	1617091	50
CP012026	1617092	49
CP012026	1617093	49
CP012026	1617094	49
CP012026	1617095	49
CP012026	1617096	49
CP012026	1617097	47
CP012026	1617098	47
CP012026	1617099	47
CP012026	1617100	47
CP012026	1617101	47
CP012026	1617102	49
CP012026	1617103	49
CP012026	1617104	49
CP012026	1617105	48
CP012026	1617106	48
CP012026	1617107	48
CP012026	1617108	48
CP012026	1617109	48
CP012026	1617110	48
CP012026	1617111	48
CP012026	1617112	48
CP012026	1617113	48
CP012026	1617114	48
CP012026	1617115	48
CP012026	1617116	48
CP012026	1617117	48
CP012026	1617118	48
CP012026	1617119	48
CP012026	1617120	48
CP012026	1617121	48
CP012026	1617122	47
CP012026	1617123	47
CP012026	1617124	47
CP012026	1617125	47
CP012026	1617126	49
CP012026	1617127	49
CP012026	1617128	49
CP012026	1617129	49
CP012026	1707518	49
CP012026	1707519	49
CP012026	1707520	49
CP012026	1707521	48
CP012026	1707522	47
CP012026	1707523	47
CP012026	1707524	47
CP012026	1707525	47
CP012026	1707526	47
CP012026	1707527	47
CP012026	1707528	47
CP012026	1707529	47
CP012026	1707530	47
CP012026	1707531	47
CP012026	1707532	47
CP012026	1707533	47
CP012026	1707534	47
CP012026	1707535	47
CP012026	1707536	47
CP012026	1707537	47
CP012026	1707538	47
CP012026	1707539	51
CP012026	1707540	51
CP012026	1707541	53
CP012026	1707542	53
CP012026	1707543	51
CP012026	1707544	51
CP012026	1707545	51
CP012026	1707546	51
CP012026	1707547	50
CP012026	1707548	48
CP012026	1707549	48
CP012026	1707550	51
CP012026	1707551	51
CP012026	1707552	51
CP012026	1707553	50
CP012026	1707554	48
CP012026	1707555	46
CP012026	1707556	46
CP012026	1707557	46
CP012026	1707558	44
CP012026	1707559	44
CP012026	1707560	44
CP012026	1707561	44
CP012026	1707562	44
CP012026	1707563	44
CP012026	1707564	44
CP012026	1707565	44
CP012026	1707566	44
CP012026	1707567	44
CP012026	1707568	44
CP012026	1707569	44
CP012026	1707570	44
CP012026	1707571	44
CP012026	1707572	45
CP012026	1707573	46
CP012026	1707574	46
CP012026	1707575	46
CP012026	1707576	46
CP012026	1707577	46
CP012026	1707578	51
CP012026	1707579	51
CP012026	1707580	51
CP012026	1707581	50
CP012026	1707582	48
CP012026	1707583	48
CP012026	1707584	48
CP012026	1707585	48
CP012026	1707586	48
CP012026	1707587	48
CP012026	1707588	48
CP012026	1707589	48
CP012026	1707590	48
CP012026	1707591	48
CP012026	1707592	48
CP012026	1707593	48
CP012026	1707594	49
CP012026	1707595	49
CP012026	1707596	49
CP012026	1707597	49
CP012026	1707598	49
CP012026	1707599	49
CP012026	1707600	49
CP012026	1707601	49
CP012026	1707602	52
CP012026	1707603	50
CP012026	1707604	50
CP012026	1707605	49
CP012026	1707606	49
CP012026	1707607	50
CP012026	1707608	50
CP012026	1707609	50
CP012026	1707610	51
CP012026	1707611	51
CP012026	1707612	51
CP012026	1707613	51
CP012026	1707614	51
CP012026	1707615	50
CP012026	1707616	50
CP012026	1707617	50
CP012026	1707618	50
CP012026	1707619	49
CP012026	1707620	46
CP012026	1707621	48
CP012026	1707622	48
CP012026	1707623	48
CP012026	1707624	48
CP012026	1707625	48
CP012026	1707626	48
CP012026	1707627	48
CP012026	1707628	49
CP012026	1707629	49
CP012026	1707630	49
CP012026	1707631	50
CP012026	1707632	50
CP012026	1707633	50
CP012026	1707634	50
CP012026	1707635	51
CP012026	1707636	51
CP012026	1707637	51
CP012026	1707638	51
CP012026	1707639	52
CP012026	1707640	52
CP012026	1707641	52
CP012026	1707642	53
CP012026	1707643	53
CP012026	1707644	53
CP012026	1707645	53
CP012026	1707646	53
CP012026	1707647	53
CP012026	1707648	53
CP012026	1707649	53
CP012026	1707650	53
CP012026	1707651	53
CP012026	1707652	51
CP012026	1707653	50
CP012026	1707654	50
CP012026	1707655	50
CP012026	1707656	51
CP012026	1707657	49
CP012026	1707658	49
CP012026	1707659	49
CP012026	1707660	49
CP012026	1707661	49
CP012026	1707662	49
CP012026	1707663	49
CP012026	1707664	49
CP012026	1707665	49
CP012026	1707666	45
CP012026	1707667	45
CP012026	1707668	45
CP012026	1707669	45
CP012026	1707670	45
CP012026	1707671	45
CP012026	1707672	45
CP012026	1707673	45
CP012026	1707674	45
CP012026	1707675	46
CP012026	1707676	45
CP012026	1707677	44
CP012026	1707678	44
CP012026	1707679	44
CP012026	1707680	43
CP012026	1707681	43
CP012026	1707682	41
CP012026	1707683	41
CP012026	1707684	40
CP012026	1707685	40
CP012026	1707686	40
CP012026	1707687	40
CP012026	1707688	40
CP012026	1707689	40
CP012026	1707690	40
CP012026	1707691	40
CP012026	1707692	40
CP012026	1707693	40
CP012026	1707694	40
CP012026	1707695	42
CP012026	1707696	42
CP012026	1707697	44
CP012026	1707698	44
CP012026	1707699	44
CP012026	1707700	44
CP012026	1707701	44
CP012026	1707702	44
CP012026	1707703	44
CP012026	1707704	44
CP012026	1707705	44
CP012026	1707706	44
CP012026	1707707	44
CP012026	1707708	44
CP012026	1707709	44
CP012026	1707710	44
CP012026	1707711	44
CP012026	1707712	47
CP012026	1707713	49
CP012026	1707714	49
CP012026	1707715	49
CP012026	1707716	49
CP012026	1707717	51
CP012026	1707718	53
CP012026	1707719	53
CP012026	1707720	53
CP012026	1707721	50
CP012026	1707722	52
CP012026	1707723	52
CP012026	1707724	54
CP012026	1707725	54
CP012026	1707726	54
CP012026	1707727	54
CP012026	1707728	54
CP012026	1707729	54
CP012026	1707730	54
CP012026	1707731	54
CP012026	1707732	56
CP012026	1707733	56
CP012026	1707734	56
CP012026	1707735	56
CP012026	1707736	56
CP012026	1707737	56
CP012026	1707738	58
CP012026	1707739	58
CP012026	1707740	58
CP012026	1707741	58
CP012026	1707742	57
CP012026	1707743	57
CP012026	1707744	57
CP012026	1707745	57
CP012026	1707746	59
CP012026	1707747	59
CP012026	1707748	60
CP012026	1707749	60
CP012026	1707750	60
CP012026	1707751	60
CP012026	1707752	57
CP012026	1707753	57
CP012026	1707754	56
CP012026	1707755	56
CP012026	1707756	56
CP012026	1707757	56
CP012026	1707758	56
CP012026	1707759	56
CP012026	1707760	56
CP012026	1707761	56
CP012026	1707762	54
CP012026	1707763	55
CP012026	1707764	55
CP012026	1707765	55
CP012026	1707766	51
CP012026	1707767	51
CP012026	1707768	53
CP012026	1707769	53
CP012026	1707770	53
CP012026	1707771	53
CP012026	1707772	53
CP012026	1707773	53
CP012026	1707774	53
CP012026	1707775	53
CP012026	1707776	53
CP012026	1707777	53
CP012026	1707778	53
CP012026	1707779	53
CP012026	1707780	53
CP012026	1707781	53
CP012026	1707782	53
CP012026	1707783	53
CP012026	1707784	53
CP012026	1707785	49
CP012026	1707786	49
CP012026	1707787	49
CP012026	1707788	49
CP012026	1707789	49
CP012026	1707790	49
CP012026	1707791	49
CP012026	1707792	49
CP012026	1707793	47
CP012026	1707794	47
CP012026	1707795	47
CP012026	1707796	47
CP012026	1707797	47
CP012026	1707798	47
CP012026	1707799	47
CP012026	1707800	47
CP012026	1707801	46
CP012026	1707802	46
CP012026	1707803	46
CP012026	1707804	46
CP012026	1707805	46
CP012026	1707806	46
CP012026	1707807	46
CP012026	1707808	46
CP012026	1707809	46
CP012026	1707810	47
CP012026	1707811	47
CP012026	1707812	47
CP012026	1707813	47
CP012026	1707814	47
CP012026	1707815	47
CP012026	1707816	48
CP012026	1707817	48
CP012026	1707818	48
CP012026	1707819	48
CP012026	1707820	48
CP012026	1707821	48
CP012026	1707822	48
CP012026	1707823	47
CP012026	1707824	46
CP012026	1707825	46
CP012026	1707826	46
CP012026	1707827	46
CP012026	1707828	45
CP012026	1707829	45
CP012026	1707830	45
CP012026	1707831	45
CP012026	1707832	45
CP012026	1707833	45
CP012026	1707834	45
CP012026	1707835	46
CP012026	1707836	47
CP012026	1707837	47
CP012026	1707838	47
CP012026	1707839	47
CP012026	1707840	47
CP012026	1707841	47
CP012026	1707842	47
CP012026	1707843	47
CP012026	1707844	49
CP012026	1707845	48
CP012026	1707846	48
CP012026	1707847	48
CP012026	1707848	49
CP012026	1707849	49
CP012026	1707850	49
CP012026	1707851	49
CP012026	1707852	49
CP012026	1707853	46
CP012026	1707854	46
CP012026	1707855	46
CP012026	1707856	44
CP012026	1707857	44
CP012026	1707858	43
CP012026	1707859	43
CP012026	1707860	43
CP012026	1707861	42
CP012026	1707862	42
CP012026	1707863	42
CP012026	1707864	42
CP012026	1707865	42
CP012026	1707866	42
CP012026	1707867	42
CP012026	1707868	42
CP012026	1707869	44
CP012026	1707870	44
CP012026	1707871	44
CP012026	1707872	44
CP012026	1707873	44
CP012026	1707874	44
CP012026	1707875	44
CP012026	1707876	44
CP012026	1707877	44
CP012026	1707878	41
CP012026	1707879	41
CP012026	1707880	41
CP012026	1707881	41
CP012026	1707882	41
CP012026	1707883	41
CP012026	1707884	41
CP012026	1707885	36
CP012026	1707886	36
CP012026	1707887	36
CP012026	1707888	36
CP012026	1707889	35
CP012026	1707890	35
CP012026	1707891	35
CP012026	1707892	35
CP012026	1707893	34
CP012026	1707894	34
CP012026	1707895	33
CP012026	1707896	33
CP012026	1707897	33
CP012026	1707898	33
CP012026	1707899	33
CP012026	1707900	33
CP012026	1707901	33
CP012026	1707902	34
CP012026	1707903	32
CP012026	1707904	32
CP012026	1707905	32
CP012026	1707906	32
CP012026	1707907	32
CP012026	1707908	32
CP012026	1707909	32
CP012026	1707910	32
CP012026	1707911	33
CP012026	1707912	33
CP012026	1707913	33
CP012026	1707914	33
CP012026	1707915	33
CP012026	1707916	33
CP012026	1707917	33
CP012026	1707918	33
CP012026	1707919	33
CP012026	1707920	33
CP012026	1707921	33
CP012026	1707922	33
CP012026	1707923	33
CP012026	1707924	33
CP012026	1707925	32
CP012026	1707926	32
CP012026	1707927	32
CP012026	1707928	32
CP012026	1707929	32
CP012026	1707930	34
CP012026	1707931	34
CP012026	1707932	34
CP012026	1707933	34
CP012026	1707934	35
CP012026	1707935	35
CP012026	1707936	35
CP012026	1707937	35
CP012026	1707938	35
CP012026	1707939	33
CP012026	1707940	35
CP012026	1707941	36
CP012026	1707942	36
CP012026	1707943	32
CP012026	1707944	32
CP012026	1707945	33
CP012026	1707946	33
CP012026	1707947	35
CP012026	1707948	35
CP012026	1707949	35
CP012026	1707950	35
CP012026	1707951	37
CP012026	1707952	37
CP012026	1707953	37
CP012026	1707954	37
CP012026	1707955	37
CP012026	1707956	36
CP012026	1707957	36
CP012026	1707958	36
CP012026	1707959	36
CP012026	1707960	36
CP012026	1707961	34
CP012026	1707962	33
CP012026	1707963	33
CP012026	1707964	33
CP012026	1707965	33
CP012026	1707966	33
CP012026	1707967	33
CP012026	1707968	33
CP012026	1707969	33
CP012026	1707970	33
CP012026	1707971	32
CP012026	1707972	32
CP012026	1707973	32
CP012026	1707974	34
CP012026	1707975	34
CP012026	1707976	34
CP012026	1707977	34
CP012026	1707978	35
CP012026	1707979	35
CP012026	1707980	35
CP012026	1707981	33
CP012026	1707982	33
CP012026	1707983	33
CP012026	1707984	33
CP012026	1707985	33
CP012026	1707986	33
CP012026	1707987	31
CP012026	1707988	31
CP012026	1707989	32
CP012026	1707990	32
CP012026	1707991	32
CP012026	1707992	32
CP012026	1707993	32
CP012026	1707994	32
CP012026	1707995	32
CP012026	1707996	32
CP012026	1707997	30
CP012026	1707998	30
CP012026	1707999	29
CP012026	1708000	29
CP012026	1708001	29
CP012026	1708002	29
CP012026	1708003	29
CP012026	1708004	29
CP012026	1708005	29
CP012026	1708006	29
CP012026	1708007	29
CP012026	1708008	29
CP012026	1708009	29
CP012026	1708010	29
CP012026	1708011	31
CP012026	1708012	31
CP012026	1708013	30
CP012026	1708014	30
CP012026	1708015	30
CP012026	1708016	30
CP012026	1708017	30
CP012026	1708018	31
CP012026	1708019	31
CP012026	1708020	31
CP012026	1708021	31
CP012026	1708022	31
CP012026	1708023	31
CP012026	1708024	31
CP012026	1708025	31
CP012026	1708026	31
CP012026	1708027	31
CP012026	1708028	31
CP012026	1708029	31
CP012026	1708030	29
CP012026	1708031	29
CP012026	1708032	29
CP012026	1708033	29
CP012026	1708034	29
CP012026	1708035	29
CP012026	1708036	29
CP012026	1708037	29
CP012026	1708038	27
CP012026	1708039	28
CP012026	1708040	28
CP012026	1708041	28
CP012026	1708042	28
CP012026	1708043	28
CP012026	1708044	28
CP012026	1708045	28
CP012026	1708046	28
CP012026	1708047	28
CP012026	1708048	28
CP012026	1708049	28
CP012026	1708050	28
CP012026	1708051	31
CP012026	1708052	31
CP012026	1708053	33
CP012026	1708054	33
CP012026	1708055	35
CP012026	1708056	35
CP012026	1708057	35
CP012026	1708058	36
CP012026	1708059	38
CP012026	1708060	37
CP012026	1708061	36
CP012026	1708062	36
CP012026	1708063	36
CP012026	1708064	36
CP012026	1708065	36
CP012026	1708066	35
CP012026	1708067	35
CP012026	1708068	35
CP012026	1708069	35
CP012026	1708070	35
CP012026	1708071	35
CP012026	1708072	35
CP012026	1708073	35
CP012026	1708074	35
CP012026	1708075	35
CP012026	1708076	35
CP012026	1708077	35
CP012026	1708078	35
CP012026	1708079	35
CP012026	1708080	35
CP012026	1708081	35
CP012026	1708082	35
CP012026	1708083	35
CP012026	1708084	37
CP012026	1708085	33
CP012026	1708086	33
CP012026	1708087	33
CP012026	1708088	33
CP012026	1708089	33
CP012026	1708090	33
CP012026	1708091	33
CP012026	1708092	33
CP012026	1708093	33
CP012026	1708094	33
CP012026	1708095	33
CP012026	1708096	33
CP012026	1708097	33
CP012026	1708098	33
CP012026	1708099	32
CP012026	1708100	32
CP012026	1708101	32
CP012026	1708102	32
CP012026	1708103	32
CP012026	1708104	32
CP012026	1708105	32
CP012026	1708106	32
CP012026	1708107	33
CP012026	1708108	33
CP012026	1708109	33
CP012026	1708110	34
CP012026	1708111	34
CP012026	1708112	35
CP012026	1708113	35
CP012026	1708114	35
CP012026	1708115	36
CP012026	1708116	36
CP012026	1708117	36
CP012026	1708118	36
CP012026	1708119	36
CP012026	1708120	34
CP012026	1708121	34
CP012026	1708122	34
CP012026	1708123	34
CP012026	1708124	34
CP012026	1708125	34
CP012026	1708126	34
CP012026	1708127	34
CP012026	1708128	34
CP012026	1708129	34
CP012026	1708130	34
CP012026	1708131	34
CP012026	1708132	33
CP012026	1708133	33
CP012026	1708134	33
CP012026	1708135	33
CP012026	1708136	34
CP012026	1708137	34
CP012026	1708138	34
CP012026	1708139	33
CP012026	1708140	33
CP012026	1708141	33
CP012026	1708142	33
CP012026	1708143	33
CP012026	1708144	33
CP012026	1708145	35
CP012026	1708146	35
CP012026	1708147	35
CP012026	1708148	35
CP012026	1708149	35
CP012026	1708150	35
CP012026	1708151	35
CP012026	1708152	34
CP012026	1708153	34
CP012026	1708154	34
CP012026	1708155	34
CP012026	1708156	34
CP012026	1708157	34
CP012026	1708158	32
CP012026	1708159	32
CP012026	1708160	32
CP012026	1708161	32
CP012026	1708162	31
CP012026	1708163	31
CP012026	1708164	31
CP012026	1708165	31
CP012026	1708166	31
CP012026	1708167	31
CP012026	1708168	31
CP012026	1708169	31
CP012026	1708170	31
CP012026	1708171	31
CP012026	1708172	31
CP012026	1708173	31
CP012026	1708174	31
CP012026	1708175	31
CP012026	1708176	29
CP012026	1708177	29
CP012026	1708178	30
CP012026	1708179	30
CP012026	1708180	30
CP012026	1708181	32
CP012026	1708182	32
CP012026	1708183	32
CP012026	1708184	31
CP012026	1708185	31
CP012026	1708186	31
CP012026	1708187	32
CP012026	1708188	32
CP012026	1708189	29
CP012026	1708190	29
CP012026	1708191	29
CP012026	1708192	29
CP012026	1708193	29
CP012026	1708194	29
CP012026	1708195	29
CP012026	1708196	28
CP012026	1708197	28
CP012026	1708198	28
CP012026	1708199	28
CP012026	1708200	28
CP012026	1708201	28
CP012026	1708202	28
CP012026	1708203	29
CP012026	1708204	29
CP012026	1708205	29
CP012026	1708206	29
CP012026	1708207	30
CP012026	1708208	30
CP012026	1708209	30
CP012026	1708210	30
CP012026	1708211	30
CP012026	1708212	30
CP012026	1708213	30
CP012026	1708214	31
CP012026	1708215	31
CP012026	1708216	31
CP012026	1708217	31
CP012026	1708218	31
CP012026	1708219	31
CP012026	1708220	31
CP012026	1708221	31
CP012026	1708222	31
CP012026	1708223	31
CP012026	1708224	31
CP012026	1708225	31
CP012026	1708226	31
CP012026	1708227	34
CP012026	1708228	33
CP012026	1708229	35
CP012026	1708230	35
CP012026	1708231	35
CP012026	1708232	35
CP012026	1708233	35
CP012026	1708234	35
CP012026	1708235	35
CP012026	1708236	35
CP012026	1708237	34
CP012026	1708238	32
CP012026	1708239	32
CP012026	1708240	32
CP012026	1708241	34
CP012026	1708242	34
CP012026	1708243	34
CP012026	1708244	34
CP012026	1708245	34
CP012026	1708246	34
CP012026	1708247	34
CP012026	1708248	32
CP012026	1708249	32
CP012026	1708250	32
CP012026	1708251	32
CP012026	1708252	32
CP012026	1708253	34
CP012026	1708254	34
CP012026	1708255	34
CP012026	1708256	34
CP012026	1708257	34
CP012026	1708258	34
CP012026	1708259	34
CP012026	1708260	34
CP012026	1708261	34
CP012026	1708262	34
CP012026	1708263	34
CP012026	1708264	32
CP012026	1708265	32
CP012026	1708266	32
CP012026	1708267	32
CP012026	1708268	32
CP012026	1708269	31
CP012026	1708270	32
CP012026	1708271	32
CP012026	1708272	32
CP012026	1708273	32
CP012026	1708274	32
CP012026	1708275	32
CP012026	1708276	32
CP012026	1708277	32
CP012026	1708278	32
CP012026	1708279	32
CP012026	1708280	32
CP012026	1708281	32
CP012026	1708282	32
CP012026	1708283	32
CP012026	1708284	34
CP012026	1708285	34
CP012026	1708286	34
CP012026	1708287	34
CP012026	1708288	34
CP012026	1708289	34
CP012026	1708290	33
CP012026	1708291	33
CP012026	1708292	33
CP012026	1708293	34
CP012026	1708294	34
CP012026	1708295	34
CP012026	1708296	34
CP012026	1708297	36
CP012026	1708298	36
CP012026	1708299	40
CP012026	1708300	40
CP012026	1708301	44
CP012026	1708302	44
CP012026	1708303	44
CP012026	1708304	45
CP012026	1708305	45
CP012026	1708306	43
CP012026	1708307	43
CP012026	1708308	40
CP012026	1708309	40
CP012026	1708310	43
CP012026	1708311	43
CP012026	1708312	43
CP012026	1708313	43
CP012026	1708314	43
CP012026	1708315	43
CP012026	1708316	45
CP012026	1708317	45
CP012026	1708318	45
CP012026	1708319	45
CP012026	1708320	45
CP012026	1708321	45
CP012026	1708322	45
CP012026	1708323	45
CP012026	1708324	46
CP012026	1708325	46
CP012026	1708326	46
CP012026	1708327	46
CP012026	1708328	46
CP012026	1708329	48
CP012026	1708330	48
CP012026	1708331	48
CP012026	1708332	48
CP012026	1708333	48
CP012026	1708334	49
CP012026	1708335	49
CP012026	1708336	49
CP012026	1708337	49
CP012026	1708338	49
CP012026	1708339	49
CP012026	1708340	49
CP012026	1708341	49
CP012026	1708342	49
CP012026	1708343	51
CP012026	1708344	51
CP012026	1708345	51
CP012026	1708346	51
CP012026	1708347	51
CP012026	1708348	53
CP012026	1708349	53
CP012026	1708350	53
CP012026	1708351	53
CP012026	1708352	53
CP012026	1708353	54
CP012026	1708354	54
CP012026	1708355	54
CP012026	1708356	54
CP012026	1708357	53
CP012026	1708358	53
CP012026	1708359	53
CP012026	1708360	52
CP012026	1708361	52
CP012026	1708362	52
CP012026	1708363	51
CP012026	1708364	51
CP012026	1708365	51
CP012026	1708366	50
CP012026	1708367	52
CP012026	1708368	52
CP012026	1708369	52
CP012026	1708370	52
CP012026	1708371	52
CP012026	1708372	52
CP012026	1708373	52
CP012026	1708374	52
CP012026	1708375	52
CP012026	1708376	52
CP012026	1708377	52
CP012026	1708378	52
CP012026	1708379	52
CP012026	1708380	52
CP012026	1708381	54
CP012026	1708382	54
CP012026	1708383	54
CP012026	1708384	54
CP012026	1708385	54
CP012026	1708386	54
CP012026	1708387	53
CP012026	1708388	53
CP012026	1708389	53
CP012026	1708390	53
CP012026	1708391	53
CP012026	1708392	53
CP012026	1708393	53
CP012026	1708394	53
CP012026	1708395	53
CP012026	1708396	53
CP012026	1708397	53
CP012026	1708398	56
CP012026	1708399	56
CP012026	1708400	54
CP012026	1708401	54
CP012026	1708402	54
CP012026	1708403	54
CP012026	1708404	54
CP012026	1708405	54
CP012026	1708406	54
CP012026	1708407	54
CP012026	1708408	54
CP012026	1708409	54
CP012026	1708410	54
CP012026	1708411	54
CP012026	1708412	55
CP012026	1708413	55
CP012026	1708414	55
CP012026	1708415	55
CP012026	1708416	55
CP012026	1708417	55
CP012026	1708418	59
CP012026	1708419	57
CP012026	1708420	55
CP012026	1708421	55
CP012026	1708422	55
CP012026	1708423	57
CP012026	1708424	57
CP012026	1708425	57
CP012026	1708426	57
CP012026	1708427	57
CP012026	1708428	60
CP012026	1708429	59
CP012026	1708430	61
CP012026	1708431	62
CP012026	1708432	62
CP012026	1708433	62
CP012026	1708434	60
CP012026	1708435	60
CP012026	2078911	9
CP012026	2078912	9
CP012026	2078913	9
CP012026	2078914	9
CP012026	2078915	9
CP012026	2078916	9
CP012026	2078917	9
CP012026	2078918	9
CP012026	2078919	9
CP012026	2078920	9
CP012026	2078921	9
CP012026	2078922	9
CP012026	2078923	9
CP012026	2078924	9
CP012026	2078925	9
CP012026	2078926	9
CP012026	2078927	10
CP012026	2078928	10
CP012026	2078929	10
CP012026	2078930	10
CP012026	2078931	10
CP012026	2078932	10
CP012026	2078933	10
CP012026	2078934	10
CP012026	2078935	10
CP012026	2078936	10
CP012026	2078937	10
CP012026	2078938	10
CP012026	2078939	10
CP012026	2078940	10
CP012026	2078941	10
CP012026	2078942	10
CP012026	2078943	10
CP012026	2078944	10
CP012026	2078945	10
CP012026	2078946	10
CP012026	2078947	10
CP012026	2078948	10
CP012026	2078949	10
CP012026	2078950	9
CP012026	2078951	9
CP012026	2078952	9
CP012026	2078953	9
CP012026	2078954	9
CP012026	2078955	9
CP012026	2078956	9
CP012026	2078957	9
CP012026	2078958	9
CP012026	2078959	9
CP012026	2078960	9
CP012026	2078961	9
CP012026	2078962	9
CP012026	2078963	9
CP012026	2078964	9
CP012026	2078965	10
CP012026	2078966	10
CP012026	2078967	10
CP012026	2078968	10
CP012026	2078969	12
CP012026	2078970	12
CP012026	2078971	12
CP012026	2078972	12
CP012026	2078973	12
CP012026	2078974	13
CP012026	2078975	13
CP012026	2078976	13
CP012026	2078977	13
CP012026	2078978	13
CP012026	2078979	13
CP012026	2078980	13
CP012026	2078981	13
CP012026	2078982	11
CP012026	2078983	11
CP012026	2078984	11
CP012026	2078985	11
CP012026	2078986	11
CP012026	2078987	11
CP012026	2078988	11
CP012026	2078989	11
CP012026	2078990	11
CP012026	2078991	11
CP012026	2078992	11
CP012026	2078993	11
CP012026	2078994	11
CP012026	2078995	11
CP012026	2078996	11
CP012026	2078997	11
CP012026	2078998	11
CP012026	2078999	11
CP012026	2079000	11
CP012026	2079001	10
CP012026	2079002	10
CP012026	2079003	10
CP012026	2079004	10
CP012026	2079005	10
CP012026	2079006	10
CP012026	2079007	10
CP012026	2079008	10
CP012026	2079009	10
CP012026	2079010	11
CP012026	2079011	11
CP012026	2079012	11
CP012026	2079013	11
CP012026	2079014	12
CP012026	2079015	12
CP012026	2079016	12
CP012026	2079017	12
CP012026	2079018	12
CP012026	2079019	12
CP012026	2079020	12
CP012026	2079021	12
CP012026	2079022	12
CP012026	2079023	12
CP012026	2079024	12
CP012026	2079025	12
CP012026	2079026	12
CP012026	2079027	12
CP012026	2079028	12
CP012026	2079029	12
CP012026	2079030	12
CP012026	2079031	12
CP012026	2079032	12
CP012026	2079033	12
CP012026	2079034	12
CP012026	2079035	12
CP012026	2079036	12
CP012026	2079037	10
CP012026	2079038	10
CP012026	2079039	10
CP012026	2079040	10
CP012026	2079041	10
CP012026	2079042	10
CP012026	2079043	10
CP012026	2079044	10
CP012026	2079045	11
CP012026	2079046	11
CP012026	2079047	11
CP012026	2079048	11
CP012026	2079049	11
CP012026	2079050	11
CP012026	2079051	11
CP012026	2079052	11
CP012026	2079053	11
CP012026	2079054	11
CP012026	2079055	11
CP012026	2079056	11
CP012026	2079057	11
CP012026	2079058	11
CP012026	2079059	11
CP012026	2079060	11
CP012026	2079061	11
CP012026	2079062	11
CP012026	2079063	11
CP012026	2079064	13
CP012026	2079065	13
CP012026	2079066	13
CP012026	2079067	13
CP012026	2079068	13
CP012026	2079069	13
CP012026	2079070	13
CP012026	2079071	13
CP012026	2079072	13
CP012026	2079073	13
CP012026	2079074	13
CP012026	2079075	13
CP012026	2079076	13
CP012026	2079077	13
CP012026	2079078	13
CP012026	2079079	13
CP012026	2079080	13
CP012026	2079081	13
CP012026	2079082	13
CP012026	2079083	13
CP012026	2079084	14
CP012026	2079085	14
CP012026	2079086	14
CP012026	2079087	14
CP012026	2079088	16
CP012026	2079089	16
CP012026	2079090	16
CP012026	2079091	18
CP012026	2079092	20
CP012026	2079093	21
CP012026	2079094	21
CP012026	2079095	21
CP012026	2079096	23
CP012026	2079097	24
CP012026	2079098	24
CP012026	2079099	24
CP012026	2079100	24
CP012026	2079101	24
CP012026	2079102	24
CP012026	2079103	24
CP012026	2079104	25
CP012026	2079105	26
CP012026	2079106	26
CP012026	2079107	26
CP012026	2079108	26
CP012026	2079109	26
CP012026	2079110	26
CP012026	2079111	26
CP012026	2079112	26
CP012026	2079113	26
CP012026	2079114	26
CP012026	2079115	26
CP012026	2079116	26
CP012026	2079117	26
CP012026	2079118	26
CP012026	2079119	26
CP012026	2079120	26
CP012026	2079121	26
CP012026	2079122	26
CP012026	2079123	26
CP012026	2079124	26
CP012026	2079125	26
CP012026	2079126	26
CP012026	2079127	26
CP012026	2079128	26
CP012026	2079129	26
CP012026	2079130	26
CP012026	2079131	26
CP012026	2079132	27
CP012026	2079133	27
CP012026	2079134	27
CP012026	2079135	27
CP012026	2079136	27
CP012026	2079137	27
CP012026	2079138	27
CP012026	2079139	27
CP012026	2079140	27
CP012026	2079141	27
CP012026	2079142	27
CP012026	2079143	27
CP012026	2079144	27
CP012026	2079145	29
CP012026	2079146	29
CP012026	2079147	29
CP012026	2079148	29
CP012026	2079149	27
CP012026	2079150	27
CP012026	2079151	28
CP012026	2079152	30
CP012026	2079153	30
CP012026	2079154	29
CP012026	2079155	30
CP012026	2079156	30
CP012026	2079157	30
CP012026	2079158	32
CP012026	2079159	32
CP012026	2079160	32
CP012026	2079161	32
CP012026	2079162	32
CP012026	2079163	32
CP012026	2079164	32
CP012026	2079165	32
CP012026	2079166	32
CP012026	2079167	33
CP012026	2079168	33
CP012026	2079169	33
CP012026	2079170	33
CP012026	2079171	33
CP012026	2079172	33
CP012026	2079173	33
CP012026	2079174	33
CP012026	2079175	34
CP012026	2079176	34
CP012026	2079177	34
CP012026	2079178	33
CP012026	2079179	33
CP012026	2079180	33
CP012026	2079181	33
CP012026	2079182	33
CP012026	2079183	33
CP012026	2079184	33
CP012026	2079185	33
CP012026	2079186	33
CP012026	2079187	33
CP012026	2079188	33
CP012026	2079189	33
CP012026	2079190	33
CP012026	2079191	33
CP012026	2079192	33
CP012026	2079193	33
CP012026	2079194	33
CP012026	2079195	33
CP012026	2079196	33
CP012026	2079197	33
CP012026	2079198	33
CP012026	2079199	34
CP012026	2079200	34
CP012026	2079201	34
CP012026	2079202	34
CP012026	2079203	34
CP012026	2079204	34
CP012026	2079205	34
CP012026	2079206	34
CP012026	2079207	36
CP012026	2079208	36
CP012026	2079209	36
CP012026	2079210	36
CP012026	2079211	34
CP012026	2079212	34
CP012026	2079213	34
CP012026	2079214	34
CP012026	2079215	34
CP012026	2079216	33
CP012026	2079217	33
CP012026	2079218	33
CP012026	2079219	33
CP012026	2079220	33
CP012026	2079221	33
CP012026	2079222	33
CP012026	2079223	33
CP012026	2079224	33
CP012026	2079225	35
CP012026	2079226	35
CP012026	2079227	35
CP012026	2079228	35
CP012026	2079229	35
CP012026	2079230	35
CP012026	2079231	35
CP012026	2079232	35
CP012026	2079233	35
CP012026	2079234	35
CP012026	2079235	35
CP012026	2079236	35
CP012026	2079237	35
CP012026	2079238	35
CP012026	2079239	35
CP012026	2079240	35
CP012026	2079241	35
CP012026	2079242	35
CP012026	2079243	35
CP012026	2079244	35
CP012026	2079245	35
CP012026	2079246	35
CP012026	2079247	35
CP012026	2079248	35
CP012026	2079249	35
CP012026	2079250	35
CP012026	2079251	35
CP012026	2079252	35
CP012026	2079253	35
CP012026	2079254	35
CP012026	2079255	35
CP012026	2079256	35
CP012026	2079257	35
CP012026	2079258	35
CP012026	2079259	35
CP012026	2079260	35
CP012026	2079261	34
CP012026	2079262	34
CP012026	2079263	34
CP012026	2079264	34
CP012026	2079265	31
CP012026	2079266	31
CP012026	2079267	31
CP012026	2079268	31
CP012026	2079269	31
CP012026	2079270	31
CP012026	2079271	31
CP012026	2079272	31
CP012026	2079273	34
CP012026	2079274	34
CP012026	2079275	40
CP012026	2079276	40
CP012026	2079277	40
CP012026	2079278	42
CP012026	2079279	42
CP012026	2079280	45
CP012026	2079281	45
CP012026	2079282	45
CP012026	2079283	45
CP012026	2079284	45
CP012026	2079285	45
CP012026	2079286	45
CP012026	2079287	45
CP012026	2079288	45
CP012026	2079289	45
CP012026	2079290	45
CP012026	2079291	45
CP012026	2079292	43
CP012026	2079293	41
CP012026	2079294	41
CP012026	2079295	41
CP012026	2079296	40
CP012026	2079297	40
CP012026	2079298	40
CP012026	2079299	40
CP012026	2079300	40
CP012026	2079301	40
CP012026	2079302	40
CP012026	2079303	40
CP012026	2079304	40
CP012026	2079305	40
CP012026	2079306	40
CP012026	2079307	38
CP012026	2079308	38
CP012026	2079309	38
CP012026	2079310	38
CP012026	2079311	38
CP012026	2079312	38
CP012026	2079313	38
CP012026	2079314	38
CP012026	2079315	38
CP012026	2079316	38
CP012026	2079317	38
CP012026	2079318	38
CP012026	2079319	38
CP012026	2079320	38
CP012026	2079321	38
CP012026	2079322	38
CP012026	2079323	38
CP012026	2079324	38
CP012026	2079325	38
CP012026	2079326	38
CP012026	2079327	38
CP012026	2079328	38
CP012026	2079329	38
CP012026	2079330	38
CP012026	2079331	38
CP012026	2079332	38
CP012026	2079333	38
CP012026	2079334	38
CP012026	2079335	37
CP012026	2079336	39
CP012026	2079337	41
CP012026	2079338	41
CP012026	2079339	41
CP012026	2079340	39
CP012026	2079341	39
CP012026	2079342	39
CP012026	2079343	38
CP012026	2079344	37
CP012026	2079345	40
CP012026	2079346	40
CP012026	2079347	35
CP012026	2079348	35
CP012026	2079349	35
CP012026	2079350	35
CP012026	2079351	35
CP012026	2079352	36
CP012026	2079353	36
CP012026	2079354	35
CP012026	2079355	34
CP012026	2079356	34
CP012026	2079357	34
CP012026	2079358	34
CP012026	2079359	34
CP012026	2079360	34
CP012026	2079361	34
CP012026	2079362	34
CP012026	2079363	34
CP012026	2079364	34
CP012026	2079365	34
CP012026	2079366	34
CP012026	2079367	34
CP012026	2079368	34
CP012026	2079369	34
CP012026	2079370	34
CP012026	2079371	34
CP012026	2079372	39
CP012026	2079373	40
CP012026	2079374	40
CP012026	2079375	40
CP012026	2079376	40
CP012026	2079377	40
CP012026	2079378	40
CP012026	2079379	40
CP012026	2079380	40
CP012026	2079381	41
CP012026	2079382	34
CP012026	2079383	34
CP012026	2079384	34
CP012026	2079385	34
CP012026	2079386	34
CP012026	2079387	34
CP012026	2079388	34
CP012026	2079389	35
CP012026	2079390	35
CP012026	2079391	35
CP012026	2079392	35
CP012026	2079393	35
CP012026	2079394	35
CP012026	2079395	35
CP012026	2079396	35
CP012026	2079397	35
CP012026	2079398	35
CP012026	2079399	35
CP012026	2079400	35
CP012026	2079401	32
CP012026	2079402	32
CP012026	2079403	32
CP012026	2079404	32
CP012026	2079405	32
CP012026	2079406	31
CP012026	2079407	31
CP012026	2079408	31
CP012026	2079409	31
CP012026	2079410	31
CP012026	2079411	31
CP012026	2079412	33
CP012026	2079413	33
CP012026	2079414	33
CP012026	2079415	33
CP012026	2079416	33
CP012026	2079417	33
CP012026	2079418	32
CP012026	2079419	32
CP012026	2079420	32
CP012026	2079421	32
CP012026	2079422	32
CP012026	2079423	32
CP012026	2079424	32
CP012026	2079425	32
CP012026	2079426	31
CP012026	2079427	31
CP012026	2079428	29
CP012026	2079429	29
CP012026	2079430	29
CP012026	2079431	29
CP012026	2079432	30
CP012026	2079433	30
CP012026	2079434	30
CP012026	2079435	30
CP012026	2079436	30
CP012026	2079437	30
CP012026	2079438	30
CP012026	2079439	30
CP012026	2079440	32
CP012026	2079441	32
CP012026	2079442	32
CP012026	2079443	32
CP012026	2079444	32
CP012026	2079445	32
CP012026	2079446	32
CP012026	2079447	32
CP012026	2079448	32
CP012026	2079449	28
CP012026	2079450	28
CP012026	2079451	28
CP012026	2079452	28
CP012026	2079453	29
CP012026	2079454	30
CP012026	2079455	31
CP012026	2079456	31
CP012026	2079457	31
CP012026	2079458	31
CP012026	2079459	33
CP012026	2079460	33
CP012026	2079461	33
CP012026	2079462	33
CP012026	2079463	31
CP012026	2079464	31
CP012026	2079465	31
CP012026	2079466	31
CP012026	2079467	31
CP012026	2079468	31
CP012026	2079469	29
CP012026	2079470	29
CP012026	2079471	29
CP012026	2079472	29
CP012026	2079473	29
CP012026	2079474	29
CP012026	2079475	29
CP012026	2079476	29
CP012026	2079477	29
CP012026	2079478	29
CP012026	2079479	29
CP012026	2079480	29
CP012026	2079481	29
CP012026	2079482	29
CP012026	2079483	29
CP012026	2079484	29
CP012026	2079485	29
CP012026	2079486	29
CP012026	2079487	29
CP012026	2079488	29
CP012026	2079489	29
CP012026	2079490	29
CP012026	2079491	29
CP012026	2079492	27
CP012026	2079493	27
CP012026	2079494	27
CP012026	2079495	27
CP012026	2079496	27
CP012026	2079497	27
CP012026	2079498	27
CP012026	2079499	27
CP012026	2079500	28
CP012026	2079501	28
CP012026	2079502	28
CP012026	2079503	28
CP012026	2079504	28
CP012026	2079505	28
CP012026	2079506	28
CP012026	2079507	28
CP012026	2079508	28
CP012026	2079509	28
CP012026	2079510	28
CP012026	2079511	28
CP012026	2079512	28
CP012026	2079513	29
CP012026	2079514	29
CP012026	2079515	29
CP012026	2079516	29
CP012026	2079517	29
CP012026	2079518	29
CP012026	2079519	29
CP012026	2079520	30
CP012026	2079521	30
CP012026	2079522	31
CP012026	2079523	30
CP012026	2079524	30
CP012026	2079525	30
CP012026	2079526	30
CP012026	2079527	30
CP012026	2079528	30
CP012026	2079529	30
CP012026	2079530	30
CP012026	2079531	29
CP012026	2079532	29
CP012026	2079533	29
CP012026	2079534	29
CP012026	2079535	29
CP012026	2079536	29
CP012026	2079537	27
CP012026	2079538	27
CP012026	2079539	27
CP012026	2079540	28
CP012026	2079541	28
CP012026	2079542	28
CP012026	2079543	28
CP012026	2079544	28
CP012026	2079545	28
CP012026	2079546	28
CP012026	2079547	28
CP012026	2079548	28
CP012026	2079549	28
CP012026	2079550	28
CP012026	2079551	28
CP012026	2079552	28
CP012026	2079553	28
CP012026	2079554	28
CP012026	2079555	28
CP012026	2079556	28
CP012026	2079557	28
CP012026	2079558	28
CP012026	2079559	28
CP012026	2079560	28
CP012026	2079561	28
CP012026	2079562	28
CP012026	2079563	28
CP012026	2079564	28
CP012026	2079565	28
CP012026	2079566	29
CP012026	2079567	29
CP012026	2079568	29
CP012026	2079569	29
CP012026	2079570	29
CP012026	2079571	29
CP012026	2079572	29
CP012026	2079573	29
CP012026	2079574	29
CP012026	2079575	27
CP012026	2079576	27
CP012026	2079577	27
CP012026	2079578	27
CP012026	2079579	27
CP012026	2079580	27
CP012026	2079581	27
CP012026	2079582	27
CP012026	2079583	27
CP012026	2079584	27
CP012026	2079585	27
CP012026	2079586	27
CP012026	2079587	27
CP012026	2079588	27
CP012026	2079589	27
CP012026	2079590	27
CP012026	2079591	27
CP012026	2079592	27
CP012026	2079593	27
CP012026	2079594	26
CP012026	2079595	26
CP012026	2079596	25
CP012026	2079597	25
CP012026	2079598	25
CP012026	2079599	25
CP012026	2079600	25
CP012026	2079601	25
CP012026	2079602	25
CP012026	2079603	24
CP012026	2079604	24
CP012026	2079605	24
CP012026	2079606	24
CP012026	2079607	24
CP012026	2079608	24
CP012026	2079609	24
CP012026	2079610	24
CP012026	2079611	24
CP012026	2079612	24
CP012026	2079613	24
CP012026	2079614	24
CP012026	2079615	28
CP012026	2079616	28
CP012026	2079617	28
CP012026	2079618	28
CP012026	2079619	28
CP012026	2079620	28
CP012026	2079621	28
CP012026	2079622	28
CP012026	2079623	26
CP012026	2079624	25
CP012026	2079625	26
CP012026	2079626	26
CP012026	2079627	26
CP012026	2079628	26
CP012026	2079629	26
CP012026	2079630	26
CP012026	2079631	26
CP012026	2079632	25
CP012026	2079633	25
CP012026	2079634	26
CP012026	2079635	26
CP012026	2079636	26
CP012026	2079637	24
CP012026	2079638	24
CP012026	2079639	24
CP012026	2079640	25
CP012026	2079641	25
CP012026	2079642	25
CP012026	2079643	25
CP012026	2079644	25
CP012026	2079645	25
CP012026	2079646	25
CP012026	2079647	25
CP012026	2079648	25
CP012026	2079649	23
CP012026	2079650	25
CP012026	2079651	23
CP012026	2079652	23
CP012026	2079653	23
CP012026	2079654	23
CP012026	2079655	23
CP012026	2079656	23
CP012026	2079657	23
CP012026	2079658	23
CP012026	2079659	23
CP012026	2079660	23
CP012026	2079661	23
CP012026	2079662	23
CP012026	2079663	23
CP012026	2079664	23
CP012026	2079665	23
CP012026	2079666	23
CP012026	2079667	23
CP012026	2079668	23
CP012026	2079669	23
CP012026	2079670	23
CP012026	2079671	23
CP012026	2079672	23
CP012026	2079673	23
CP012026	2079674	23
CP012026	2079675	23
CP012026	2079676	23
CP012026	2079677	23
CP012026	2079678	23
CP012026	2079679	23
CP012026	2079680	23
CP012026	2079681	23
CP012026	2079682	22
CP012026	2079683	22
CP012026	2079684	22
CP012026	2079685	22
CP012026	2079686	22
CP012026	2079687	22
CP012026	2079688	22
CP012026	2079689	22
CP012026	2079690	22
CP012026	2079691	22
CP012026	2079692	22
CP012026	2079693	22
CP012026	2079694	22
CP012026	2079695	22
CP012026	2079696	22
CP012026	2079697	22
CP012026	2079698	28
CP012026	2079699	28
CP012026	2079700	28
CP012026	2079701	28
CP012026	2079702	28
CP012026	2079703	28
CP012026	2079704	27
CP012026	2079705	26
CP012026	2079706	25
CP012026	2079707	25
CP012026	2079708	25
CP012026	2079709	25
CP012026	2079710	25
CP012026	2079711	25
CP012026	2079712	25
CP012026	2079713	25
CP012026	2079714	25
CP012026	2079715	25
CP012026	2079716	25
CP012026	2079717	25
CP012026	2079718	25
CP012026	2079719	23
CP012026	2079720	23
CP012026	2079721	23
CP012026	2079722	23
CP012026	2079723	23
CP012026	2079724	23
CP012026	2079725	23
CP012026	2079726	23
CP012026	2079727	23
CP012026	2079728	23
CP012026	2079729	23
CP012026	2079730	23
CP012026	2079731	23
CP012026	2079732	25
CP012026	2079733	25
CP012026	2079734	25
CP012026	2079735	25
CP012026	2079736	27
CP012026	2079737	27
CP012026	2079738	27
CP012026	2079739	27
CP012026	2079740	27
CP012026	2079741	27
CP012026	2079742	27
CP012026	2079743	27
CP012026	2079744	27
CP012026	2079745	27
CP012026	2079746	27
CP012026	2079747	25
CP012026	2079748	25
CP012026	2079749	25
CP012026	2079750	24
CP012026	2079751	24
CP012026	2079752	24
CP012026	2079753	24
CP012026	2079754	24
CP012026	2079755	24
CP012026	2079756	24
CP012026	2079757	24
CP012026	2079758	24
CP012026	2079759	24
CP012026	2079760	24
CP012026	2079761	24
CP012026	2079762	24
CP012026	2079763	24
CP012026	2079764	23
CP012026	2079765	23
CP012026	2079766	23
CP012026	2079767	25
CP012026	2079768	25
CP012026	2079769	25
CP012026	2079770	25
CP012026	2079771	24
CP012026	2079772	24
CP012026	2079773	23
CP012026	2079774	23
CP012026	2079775	23
CP012026	2079776	22
CP012026	2079777	22
CP012026	2079778	22
CP012026	2079779	22
CP012026	2079780	22
CP012026	2079781	22
CP012026	2079782	22
CP012026	2079783	22
CP012026	2079784	22
CP012026	2079785	22
CP012026	2079786	22
CP012026	2079787	22
CP012026	2079788	22
CP012026	2079789	22
CP012026	2079790	22
CP012026	2079791	21
CP012026	2079792	21
CP012026	2079793	21
CP012026	2079794	21
CP012026	2079795	17
CP012026	2079796	17
CP012026	2079797	17
CP012026	2079798	17
CP012026	2079799	17
CP012026	2079800	17
CP012026	2079801	17
CP012026	2079802	17
CP012026	2079803	17
CP012026	2079804	17
CP012026	2079805	17
CP012026	2079806	17
CP012026	2079807	18
CP012026	2079808	18
CP012026	2079809	18
CP012026	2079810	18
CP012026	2079811	18
CP012026	2079812	18
CP012026	2079813	18
CP012026	2079814	18
CP012026	2079815	18
CP012026	2079816	17
CP012026	2079817	17
CP012026	2079818	17
CP012026	2079819	17
CP012026	2079820	17
CP012026	2079821	17
CP012026	2079822	17
CP012026	2079823	17
CP012026	2079824	17
CP012026	2079825	17
CP012026	2079826	17
CP012026	2079827	17
CP012026	2079828	17
CP012026	2079829	17
CP012026	2079830	17
CP012026	2079831	17
CP012026	2079832	17
CP012026	2079833	17
CP012026	2079834	17
CP012026	2079835	17
CP012026	2079836	17
CP012026	2079837	17
CP012026	2079838	17
CP012026	2079839	17
CP012026	2079840	17
CP012026	2079841	15
CP012026	2079842	15
CP012026	2079843	15
CP012026	2079844	15
CP012026	2079845	15
CP012026	2079846	15
CP012026	2079847	15
CP012026	2079848	15
CP012026	2079849	15
CP012026	2079850	15
CP012026	2079851	15
CP012026	2079852	15
CP012026	2079853	15
CP012026	2079854	15
CP012026	2079855	15
CP012026	2079856	15
CP012026	2079857	15
CP012026	2079858	15
CP012026	2079859	15
CP012026	2079860	15
CP012026	2079861	15
CP012026	2079862	15
CP012026	2079863	15
CP012026	2079864	15
CP012026	2079865	15
CP012026	2079866	15
CP012026	2079867	15
CP012026	2079868	15
CP012026	2079869	15
CP012026	2079870	15
CP012026	2079871	16
CP012026	2079872	16
CP012026	2079873	16
CP012026	2079874	15
CP012026	2079875	15
CP012026	2079876	15
CP012026	2079877	15
CP012026	2079878	16
CP012026	2079879	17
CP012026	2079880	15
CP012026	2079881	15
CP012026	2079882	15
CP012026	2079883	15
CP012026	2079884	15
CP012026	2079885	14
CP012026	2079886	14
CP012026	2079887	14
CP012026	2079888	12
CP012026	2079889	12
CP012026	2079890	12
CP012026	2079891	12
CP012026	2079892	12
CP012026	2079893	12
CP012026	2079894	12
CP012026	2079895	12
CP012026	2079896	12
CP012026	2079897	12
CP012026	2079898	12
CP012026	2079899	13
CP012026	2079900	13
CP012026	2079901	13
CP012026	2079902	13
CP012026	2079903	13
CP012026	2079904	13
CP012026	2079905	11
CP012026	2079906	11
CP012026	2079907	11
CP012026	2079908	11
CP012026	2079909	13
CP012026	2079910	13
CP012026	2079911	14
CP012026	2079912	14
CP012026	2079913	14
CP012026	2079914	14
CP012026	2079915	14
CP012026	2079916	14
CP012026	2079917	14
CP012026	2079918	14
CP012026	2079919	14
CP012026	2079920	14
CP012026	2079921	14
CP012026	2079922	14
CP012026	2079923	14
CP012026	2079924	14
CP012026	2079925	14
CP012026	2079926	14
CP012026	2079927	14
CP012026	2079928	14
CP012026	2079929	14
CP012026	2079930	14
CP012026	2079931	15
CP012026	2079932	15
CP012026	2079933	15
CP012026	2079934	15
CP012026	2079935	15
CP012026	2079936	15
CP012026	2079937	15
CP012026	2079938	15
CP012026	2079939	20
CP012026	2079940	20
CP012026	2079941	20
CP012026	2079942	21
CP012026	2079943	21
CP012026	2079944	22
CP012026	2079945	22
CP012026	2079946	22
CP012026	2079947	22
CP012026	2079948	18
CP012026	2079949	18
CP012026	2079950	18
CP012026	2079951	16
CP012026	2079952	17
CP012026	2079953	17
CP012026	2079954	17
CP012026	2079955	17
CP012026	2079956	17
CP012026	2079957	17
CP012026	2079958	17
CP012026	2079959	17
CP012026	2079960	17
CP012026	2079961	18
CP012026	2079962	18
CP012026	2079963	18
CP012026	2079964	19
CP012026	2079965	19
CP012026	2079966	19
CP012026	2079967	19
CP012026	2079968	19
CP012026	2079969	19
CP012026	2079970	19
CP012026	2079971	19
CP012026	2079972	20
CP012026	2079973	21
CP012026	2079974	22
CP012026	2079975	24
CP012026	2079976	24
CP012026	2079977	24
CP012026	2079978	24
CP012026	2079979	24
CP012026	2079980	24
CP012026	2079981	24
CP012026	2079982	24
CP012026	2079983	25
CP012026	2079984	25
CP012026	2079985	25
CP012026	2079986	25
CP012026	2079987	25
CP012026	2079988	25
CP012026	2079989	25
CP012026	2079990	26
CP012026	2079991	26
CP012026	2079992	26
CP012026	2079993	26
CP012026	2079994	26
CP012026	2079995	26
CP012026	2079996	26
CP012026	2079997	26
CP012026	2079998	26
CP012026	2079999	26
CP012026	2080000	26
CP012026	2080001	26
CP012026	2080002	26
CP012026	2080003	26
CP012026	2080004	26
CP012026	2080005	26
CP012026	2080006	26
CP012026	2080007	26
CP012026	2080008	26
CP012026	2080009	26
CP012026	2080010	26
CP012026	2080011	26
CP012026	2080012	27
CP012026	2080013	27
CP012026	2080014	27
CP012026	2080015	27
CP012026	2080016	27
CP012026	2080017	27
CP012026	2080018	27
CP012026	2080019	27
CP012026	2080020	27
CP012026	2080021	27
CP012026	2080022	27
CP012026	2080023	27
CP012026	2080024	27
CP012026	2080025	27
CP012026	2080026	27
CP012026	2080027	27
CP012026	2080028	27
CP012026	2080029	27
CP012026	2080030	27
CP012026	2080031	27
CP012026	2080032	27
CP012026	2080033	27
CP012026	2080034	27
CP012026	2080035	27
CP012026	2080036	27
CP012026	2080037	27
CP012026	2080038	27
CP012026	2080039	27
CP012026	2080040	27
CP012026	2080041	27
CP012026	2080042	27
CP012026	2080043	27
CP012026	2080044	27
CP012026	2080045	27
CP012026	2080046	27
CP012026	2080047	27
CP012026	2080048	27
CP012026	2080049	27
CP012026	2080050	27
CP012026	2080051	27
CP012026	2080052	27
CP012026	2080053	27
CP012026	2080054	27
CP012026	2080055	27
CP012026	2080056	27
CP012026	2080057	27
CP012026	2080058	26
CP012026	2080059	26
CP012026	2080060	26
CP012026	2080061	26
CP012026	2080062	25
CP012026	2080063	25
CP012026	2080064	25
CP012026	2080065	25
CP012026	2080066	25
CP012026	2080067	27
CP012026	2080068	27
CP012026	2080069	27
CP012026	2080070	27
CP012026	2080071	27
CP012026	2080072	28
CP012026	2080073	28
CP012026	2080074	28
CP012026	2080075	28
CP012026	2080076	30
CP012026	2080077	30
CP012026	2080078	30
CP012026	2080079	30
CP012026	2080080	30
CP012026	2080081	30
CP012026	2080082	26
CP012026	2080083	26
CP012026	2080084	27
CP012026	2080085	27
CP012026	2080086	27
CP012026	2080087	27
CP012026	2080088	27
CP012026	2080089	27
CP012026	2080090	27
CP012026	2080091	27
CP012026	2080092	27
CP012026	2080093	29
CP012026	2080094	29
CP012026	2080095	29
CP012026	2080096	29
CP012026	2080097	29
CP012026	2080098	31
CP012026	2080099	31
CP012026	2080100	31
CP012026	2080101	33
CP012026	2080102	34
CP012026	2080103	34
CP012026	2080104	34
CP012026	2080105	34
CP012026	2080106	34
CP012026	2080107	34
CP012026	2080108	34
CP012026	2080109	34
CP012026	2080110	35
CP012026	2080111	35
CP012026	2080112	35
CP012026	2080113	35
CP012026	2080114	35
CP012026	2080115	37
CP012026	2080116	37
CP012026	2080117	37
CP012026	2080118	37
CP012026	2080119	37
CP012026	2080120	37
CP012026	2080121	37
CP012026	2080122	36
CP012026	2080123	36
CP012026	2080124	36
CP012026	2080125	36
CP012026	2080126	36
CP012026	2080127	36
CP012026	2080128	36
CP012026	2080129	34
CP012026	2080130	34
CP012026	2080131	34
CP012026	2080132	34
CP012026	2080133	34
CP012026	2080134	34
CP012026	2080135	33
CP012026	2080136	33
CP012026	2080137	33
CP012026	2080138	33
CP012026	2080139	33
CP012026	2080140	33
CP012026	2080141	33
CP012026	2080142	33
CP012026	2080143	33
CP012026	2080144	33
CP012026	2080145	34
CP012026	2080146	34
CP012026	2080147	34
CP012026	2080148	34
CP012026	2080149	34
CP012026	2080150	33
CP012026	2080151	33
CP012026	2080152	33
CP012026	2080153	33
CP012026	2080154	33
CP012026	2080155	33
CP012026	2080156	33
CP012026	2080157	33
CP012026	2080158	33
CP012026	2080159	33
CP012026	2080160	33
CP012026	2080161	32
CP012026	2080162	32
CP012026	2080163	32
CP012026	2080164	32
CP012026	2080165	32
CP012026	2080166	32
CP012026	2080167	32
CP012026	2080168	32
CP012026	2080169	32
CP012026	2080170	32
CP012026	2080171	32
CP012026	2080172	32
CP012026	2080173	32
CP012026	2080174	32
CP012026	2080175	32
CP012026	2080176	32
CP012026	2080177	32
CP012026	2080178	32
CP012026	2080179	32
CP012026	2080180	32
CP012026	2080181	32
CP012026	2080182	31
CP012026	2080183	31
CP012026	2080184	31
CP012026	2080185	31
CP012026	2080186	31
CP012026	2080187	31
CP012026	2080188	31
CP012026	2080189	31
CP012026	2080190	28
CP012026	2080191	28
CP012026	2080192	28
CP012026	2080193	28
CP012026	2080194	27
CP012026	2080195	27
CP012026	2080196	29
CP012026	2080197	29
CP012026	2080198	29
CP012026	2080199	29
CP012026	2080200	29
CP012026	2080201	29
CP012026	2080202	29
CP012026	2080203	28
CP012026	2080204	28
CP012026	2080205	28
CP012026	2080206	27
CP012026	2080207	27
CP012026	2080208	27
CP012026	2080209	27
CP012026	2080210	27
CP012026	2080211	27
CP012026	2080212	26
CP012026	2080213	26
CP012026	2080214	26
CP012026	2080215	26
CP012026	2080216	26
CP012026	2080217	26
CP012026	2080218	26
CP012026	2080219	26
CP012026	2080220	26
CP012026	2080221	26
CP012026	2080222	26
CP012026	2080223	25
CP012026	2080224	23
CP012026	2080225	23
CP012026	2080226	23
CP012026	2080227	23
CP012026	2080228	23
CP012026	2080229	23
CP012026	2080230	23
CP012026	2080231	23
CP012026	2080232	23
CP012026	2080233	23
CP012026	2080234	22
CP012026	2080235	24
CP012026	2080236	24
CP012026	2080237	26
CP012026	2080238	26
CP012026	2080239	26
CP012026	2080240	26
CP012026	2080241	25
CP012026	2080242	25
CP012026	2080243	25
CP012026	2080244	25
CP012026	2080245	25
CP012026	2080246	25
CP012026	2080247	25
CP012026	2080248	25
CP012026	2080249	25
CP012026	2080250	25
CP012026	2080251	25
CP012026	2080252	26
CP012026	2080253	26
CP012026	2080254	26
CP012026	2080255	26
CP012026	2080256	24
CP012026	2080257	24
CP012026	2080258	24
CP012026	2080259	24
CP012026	2080260	24
CP012026	2080261	23
CP012026	2080262	20
CP012026	2080263	20
CP012026	2080264	20
CP012026	2080265	20
CP012026	2080266	20
CP012026	2080267	20
CP012026	2080268	20
CP012026	2080269	20
CP012026	2080270	20
CP012026	2080271	20
CP012026	2080272	20
CP012026	2080273	20
CP012026	2080274	20
CP012026	2080275	20
CP012026	2080276	20
CP012026	2080277	20
CP012026	2080278	20
CP012026	2080279	20
CP012026	2080280	20
CP012026	2080281	20
CP012026	2080282	20
CP012026	2080283	20
CP012026	2080284	20
CP012026	2080285	20
CP012026	2080286	20
CP012026	2080287	20
CP012026	2080288	21
CP012026	2080289	21
CP012026	2080290	22
CP012026	2080291	22
CP012026	2080292	22
CP012026	2080293	22
CP012026	2080294	22
CP012026	2080295	22
CP012026	2080296	22
CP012026	2080297	23
CP012026	2080298	23
CP012026	2080299	23
CP012026	2080300	23
CP012026	2080301	23
CP012026	2080302	23
CP012026	2080303	23
CP012026	2080304	23
CP012026	2080305	23
CP012026	2080306	24
CP012026	2080307	24
CP012026	2080308	25
CP012026	2080309	27
CP012026	2080310	27
CP012026	2080311	27
CP012026	2080312	26
CP012026	2080313	26
CP012026	2080314	26
CP012026	2080315	26
CP012026	2080316	26
CP012026	2080317	26
CP012026	2080318	26
CP012026	2080319	26
CP012026	2080320	26
CP012026	2080321	26
CP012026	2080322	26
CP012026	2080323	25
CP012026	2080324	25
CP012026	2080325	25
CP012026	2080326	26
CP012026	2080327	26
CP012026	2080328	26
CP012026	2080329	26
CP012026	2080330	24
CP012026	2080331	25
CP012026	2080332	25
CP012026	2080333	26
CP012026	2080334	26
CP012026	2080335	25
CP012026	2080336	25
CP012026	2080337	25
CP012026	2080338	25
CP012026	2080339	25
CP012026	2080340	25
CP012026	2080341	25
CP012026	2080342	25
CP012026	2080343	26
CP012026	2080344	28
CP012026	2080345	28
CP012026	2080346	28
CP012026	2080347	28
CP012026	2080348	28
CP012026	2080349	29
CP012026	2080350	27
CP012026	2080351	27
CP012026	2080352	27
CP012026	2080353	26
CP012026	2080354	28
CP012026	2080355	29
CP012026	2080356	29
CP012026	2080357	29
CP012026	2080358	29
CP012026	2080359	29
CP012026	2080360	24
CP012026	2080361	24
CP012026	2080362	24
CP012026	2080363	24
CP012026	2080364	24
CP012026	2080365	24
CP012026	2080366	24
CP012026	2080367	24
CP012026	2080368	24
CP012026	2080369	24
CP012026	2080370	24
CP012026	2080371	24
CP012026	2080372	24
CP012026	2080373	24
CP012026	2080374	24
CP012026	2080375	24
CP012026	2080376	24
CP012026	2080377	24
CP012026	2080378	25
CP012026	2080379	25
CP012026	2080380	25
CP012026	2080381	25
CP012026	2080382	25
CP012026	2080383	25
CP012026	2080384	25
CP012026	2080385	25
CP012026	2080386	25
CP012026	2080387	25
CP012026	2080388	25
CP012026	2080389	26
CP012026	2080390	26
CP012026	2080391	26
CP012026	2080392	26
CP012026	2080393	26
CP012026	2080394	26
CP012026	2080395	25
CP012026	2080396	23
CP012026	2080397	23
CP012026	2080398	23
CP012026	2080399	23
CP012026	2080400	23
CP012026	2080401	23
CP012026	2080402	23
CP012026	2080403	23
CP012026	2080404	23
CP012026	2080405	23
CP012026	2080406	23
CP012026	2080407	23
CP012026	2080408	23
CP012026	2080409	23
CP012026	2080410	24
CP012026	2080411	24
CP012026	2080412	24
CP012026	2080413	24
CP012026	2080414	24
CP012026	2080415	24
CP012026	2080416	24
CP012026	2080417	24
CP012026	2080418	24
CP012026	2080419	24
CP012026	2080420	22
CP012026	2080421	22
CP012026	2080422	22
CP012026	2080423	22
CP012026	2080424	22
CP012026	2080425	22
CP012026	2080426	22
CP012026	2080427	22
CP012026	2080428	22
CP012026	2080429	22
CP012026	2080430	22
CP012026	2080431	24
CP012026	2080432	24
CP012026	2080433	24
CP012026	2080434	24
CP012026	2080435	24
CP012026	2080436	24
CP012026	2080437	24
CP012026	2080438	24
CP012026	2080439	24
CP012026	2080440	24
CP012026	2080441	24
CP012026	2080442	26
CP012026	2080443	26
CP012026	2080444	26
CP012026	2080445	26
CP012026	2080446	26
CP012026	2080447	25
CP012026	2080448	27
CP012026	2080449	25
CP012026	2080450	27
CP012026	2080451	27
CP012026	2080452	27
CP012026	2080453	27
CP012026	2080454	27
CP012026	2080455	27
CP012026	2080456	27
CP012026	2080457	27
CP012026	2080458	29
CP012026	2080459	29
CP012026	2080460	29
CP012026	2080461	29
CP012026	2080462	29
CP012026	2080463	29
CP012026	2080464	29
CP012026	2080465	29
CP012026	2080466	29
CP012026	2080467	29
CP012026	2080468	29
CP012026	2080469	29
CP012026	2080470	29
CP012026	2080471	29
CP012026	2080472	29
CP012026	2080473	29
CP012026	2080474	29
CP012026	2080475	31
CP012026	2080476	31
CP012026	2080477	31
CP012026	2080478	31
CP012026	2080479	31
CP012026	2080480	31
CP012026	2080481	31
CP012026	2080482	31
CP012026	2080483	32
CP012026	2080484	33
CP012026	2080485	33
CP012026	2080486	33
CP012026	2080487	33
CP012026	2080488	33
CP012026	2080489	33
CP012026	2080490	33
CP012026	2080491	35
CP012026	2080492	35
CP012026	2080493	35
CP012026	2080494	35
CP012026	2080495	35
CP012026	2080496	35
CP012026	2080497	35
CP012026	2080498	35
CP012026	2080499	35
CP012026	2080500	35
CP012026	2080501	35
CP012026	2080502	35
CP012026	2080503	35
CP012026	2080504	34
CP012026	2080505	34
CP012026	2080506	34
CP012026	2080507	34
CP012026	2080508	34
CP012026	2080509	34
CP012026	2080510	34
CP012026	2080511	34
CP012026	2080512	34
CP012026	2080513	34
CP012026	2080514	32
CP012026	2080515	32
CP012026	2080516	32
CP012026	2080517	32
CP012026	2080518	32
CP012026	2080519	32
CP012026	2080520	32
CP012026	2080521	32
CP012026	2080522	32
CP012026	2080523	32
CP012026	2080524	32
CP012026	2080525	33
CP012026	2080526	33
CP012026	2080527	33
CP012026	2080528	33
CP012026	2080529	35
CP012026	2080530	35
CP012026	2080531	36
CP012026	2080532	36
CP012026	2080533	36
CP012026	2080534	36
CP012026	2080535	36
CP012026	2080536	36
CP012026	2080537	36
CP012026	2080538	36
CP012026	2080539	35
CP012026	2080540	34
CP012026	2080541	34
CP012026	2080542	34
CP012026	2080543	34
CP012026	2080544	34
CP012026	2080545	34
CP012026	2080546	34
CP012026	2080547	34
CP012026	2080548	33
CP012026	2080549	33
CP012026	2080550	33
CP012026	2080551	33
CP012026	2080552	33
CP012026	2080553	33
CP012026	2080554	33
CP012026	2080555	33
CP012026	2080556	33
CP012026	2080557	33
CP012026	2080558	33
CP012026	2080559	32
CP012026	2080560	32
CP012026	2080561	32
CP012026	2080562	32
CP012026	2080563	32
CP012026	2080564	32
CP012026	2080565	32
CP012026	2080566	34
CP012026	2080567	34
CP012026	2080568	34
CP012026	2080569	34
CP012026	2080570	34
CP012026	2080571	34
CP012026	2080572	34
CP012026	2080573	34
CP012026	2080574	34
CP012026	2080575	34
CP012026	2080576	33
CP012026	2080577	33
CP012026	2080578	33
CP012026	2080579	33
CP012026	2080580	33
CP012026	2080581	32
CP012026	2080582	31
CP012026	2080583	31
CP012026	2080584	31
CP012026	2080585	31
CP012026	2080586	31
CP012026	2080587	31
CP012026	2080588	31
CP012026	2080589	31
CP012026	2080590	31
CP012026	2080591	31
CP012026	2080592	31
CP012026	2080593	31
CP012026	2080594	30
CP012026	2080595	30
CP012026	2080596	30
CP012026	2080597	30
CP012026	2080598	31
CP012026	2080599	31
CP012026	2080600	30
CP012026	2080601	28
CP012026	2080602	28
CP012026	2080603	28
CP012026	2080604	28
CP012026	2080605	28
CP012026	2080606	27
CP012026	2080607	27
CP012026	2080608	27
CP012026	2080609	27
CP012026	2080610	27
CP012026	2080611	27
CP012026	2080612	27
CP012026	2080613	27
CP012026	2080614	27
CP012026	2080615	27
CP012026	2080616	27
CP012026	2080617	27
CP012026	2080618	27
CP012026	2080619	27
CP012026	2080620	27
CP012026	2080621	27
CP012026	2080622	27
CP012026	2080623	27
CP012026	2080624	31
CP012026	2080625	31
CP012026	2080626	35
CP012026	2080627	35
CP012026	2080628	35
CP012026	2080629	34
CP012026	2080630	34
CP012026	2080631	34
CP012026	2080632	34
CP012026	2080633	30
CP012026	2080634	30
CP012026	2080635	28
CP012026	2080636	28
CP012026	2080637	28
CP012026	2080638	28
CP012026	2080639	28
CP012026	2080640	27
CP012026	2080641	27
CP012026	2080642	27
CP012026	2080643	25
CP012026	2080644	25
CP012026	2080645	25
CP012026	2080646	25
CP012026	2080647	27
CP012026	2080648	27
CP012026	2080649	27
CP012026	2080650	27
CP012026	2080651	27
CP012026	2080652	27
CP012026	2080653	27
CP012026	2080654	27
CP012026	2080655	27
CP012026	2080656	27
CP012026	2080657	27
CP012026	2080658	29
CP012026	2080659	29
CP012026	2080660	29
CP012026	2080661	28
CP012026	2080662	28
CP012026	2080663	28
CP012026	2080664	28
CP012026	2080665	28
CP012026	2080666	28
CP012026	2080667	28
CP012026	2080668	28
CP012026	2080669	28
CP012026	2080670	28
CP012026	2080671	28
CP012026	2080672	28
CP012026	2080673	28
CP012026	2080674	28
CP012026	2080675	27
CP012026	2080676	28
CP012026	2080677	28
CP012026	2080678	28
CP012026	2080679	28
CP012026	2080680	28
CP012026	2080681	28
CP012026	2080682	28
CP012026	2080683	28
CP012026	2080684	30
CP012026	2080685	30
CP012026	2080686	30
CP012026	2080687	30
CP012026	2080688	30
CP012026	2080689	30
CP012026	2080690	30
CP012026	2080691	30
CP012026	2080692	30
CP012026	2080693	30
CP012026	2080694	30
CP012026	2080695	30
CP012026	2080696	30
CP012026	2080697	30
CP012026	2080698	29
CP012026	2080699	29
CP012026	2080700	29
CP012026	2080701	29
CP012026	2080702	29
CP012026	2080703	29
CP012026	2080704	29
CP012026	2080705	29
CP012026	2080706	29
CP012026	2080707	29
CP012026	2080708	28
CP012026	2080709	27
CP012026	2080710	27
CP012026	2080711	27
CP012026	2080712	27
CP012026	2080713	27
CP012026	2080714	27
CP012026	2080715	27
CP012026	2080716	27
CP012026	2080717	27
CP012026	2080718	27
CP012026	2080719	27
CP012026	2080720	27
CP012026	2080721	27
CP012026	2080722	27
CP012026	2080723	27
CP012026	2080724	25
CP012026	2080725	25
CP012026	2080726	25
CP012026	2080727	25
CP012026	2080728	25
CP012026	2080729	25
CP012026	2080730	25
CP012026	2080731	25
CP012026	2080732	25
CP012026	2080733	25
CP012026	2080734	23
CP012026	2080735	24
CP012026	2080736	25
CP012026	2080737	25
CP012026	2080738	25
CP012026	2080739	25
CP012026	2080740	25
CP012026	2080741	25
CP012026	2080742	25
CP012026	2080743	25
CP012026	2080744	25
CP012026	2080745	23
CP012026	2080746	23
CP012026	2080747	24
CP012026	2080748	24
CP012026	2080749	24
CP012026	2080750	24
CP012026	2080751	24
CP012026	2080752	24
CP012026	2080753	24
CP012026	2080754	24
CP012026	2080755	24
CP012026	2080756	24
CP012026	2080757	24
CP012026	2080758	24
CP012026	2080759	24
CP012026	2080760	24
CP012026	2080761	24
CP012026	2080762	24
CP012026	2080763	23
CP012026	2080764	25
CP012026	2080765	25
CP012026	2080766	25
CP012026	2080767	25
CP012026	2080768	25
CP012026	2080769	25
CP012026	2080770	27
CP012026	2080771	30
CP012026	2080772	31
CP012026	2080773	31
CP012026	2080774	31
CP012026	2080775	31
CP012026	2080776	30
CP012026	2080777	31
CP012026	2080778	31
CP012026	2080779	31
CP012026	2080780	30
CP012026	2080781	28
CP012026	2080782	32
CP012026	2080783	32
CP012026	2080784	30
CP012026	2080785	30
CP012026	2080786	30
CP012026	2080787	32
CP012026	2080788	32
CP012026	2080789	33
CP012026	2080790	33
CP012026	2080791	27
CP012026	2080792	27
CP012026	2080793	27
CP012026	2080794	27
CP012026	2080795	27
CP012026	2080796	27
CP012026	2080797	27
CP012026	2080798	30
CP012026	2080799	30
CP012026	2080800	30
CP012026	2080801	28
CP012026	2080802	26
CP012026	2080803	26
CP012026	2080804	26
CP012026	2080805	26
CP012026	2080806	26
CP012026	2080807	25
CP012026	2080808	25
CP012026	2080809	25
CP012026	2080810	25
CP012026	2080811	25
CP012026	2080812	25
CP012026	2080813	25
CP012026	2080814	25
CP012026	2080815	25
CP012026	2080816	26
CP012026	2080817	26
CP012026	2080818	28
CP012026	2080819	28
CP012026	2080820	28
CP012026	2080821	28
CP012026	2080822	28
CP012026	2080823	28
CP012026	2080824	30
CP012026	2080825	30
CP012026	2080826	32
CP012026	2080827	32
CP012026	2080828	32
CP012026	2080829	32
CP012026	2080830	32
CP012026	2080831	32
CP012026	2080832	32
CP012026	2080833	32
CP012026	2080834	32
CP012026	2080835	32
CP012026	2080836	33
CP012026	2080837	33
CP012026	2080838	33
CP012026	2080839	33
CP012026	2080840	33
CP012026	2080841	33
CP012026	2080842	34
CP012026	2080843	34
CP012026	2080844	35
CP012026	2080845	35
CP012026	2080846	35
CP012026	2080847	35
CP012026	2080848	34
CP012026	2080849	34
CP012026	2080850	34
CP012026	2080851	35
CP012026	2080852	35
CP012026	2080853	36
CP012026	2080854	36
CP012026	2080855	36
CP012026	2080856	36
CP012026	2080857	36
CP012026	2080858	36
CP012026	2080859	36
CP012026	2080860	36
CP012026	2080861	36
CP012026	2080862	36
CP012026	2080863	36
CP012026	2080864	36
CP012026	2080865	36
CP012026	2080866	36
CP012026	2080867	39
CP012026	2080868	39
CP012026	2080869	39
CP012026	2080870	39
CP012026	2080871	39
CP012026	2080872	39
CP012026	2080873	39
CP012026	2080874	39
CP012026	2080875	39
CP012026	2080876	39
CP012026	2080877	39
CP012026	2080878	39
CP012026	2080879	39
CP012026	2080880	40
CP012026	2080881	43
CP012026	2080882	41
CP012026	2080883	41
CP012026	2080884	41
CP012026	2080885	41
CP012026	2080886	41
CP012026	2080887	41
CP012026	2080888	41
CP012026	2080889	41
CP012026	2080890	41
CP012026	2080891	41
CP012026	2080892	41
CP012026	2080893	41
CP012026	2080894	41
CP012026	2080895	41
CP012026	2080896	41
CP012026	2080897	41
CP012026	2080898	41
CP012026	2080899	41
CP012026	2080900	41
CP012026	2080901	41
CP012026	2080902	42
CP012026	2080903	42
CP012026	2080904	42
CP012026	2080905	42
CP012026	2080906	42
CP012026	2080907	42
CP012026	2080908	43
CP012026	2080909	43
CP012026	2080910	45
CP012026	2080911	45
CP012026	2080912	47
CP012026	2080913	49
CP012026	2080914	49
CP012026	2080915	49
CP012026	2080916	49
CP012026	2080917	49
CP012026	2080918	49
CP012026	2080919	47
CP012026	2080920	50
CP012026	2080921	50
CP012026	2080922	50
CP012026	2080923	50
CP012026	2080924	50
CP012026	2080925	52
CP012026	2080926	52
CP012026	2080927	51
CP012026	2080928	51
CP012026	2080929	51
CP012026	2080930	53
CP012026	2080931	53
CP012026	2080932	53
CP012026	2080933	53
CP012026	2080934	53
CP012026	2080935	53
CP012026	2080936	53
CP012026	2080937	53
CP012026	2080938	53
CP012026	2080939	53
CP012026	2080940	53
CP012026	2080941	53
CP012026	2080942	51
CP012026	2080943	51
CP012026	2080944	51
CP012026	2080945	51
CP012026	2080946	51
CP012026	2080947	51
CP012026	2080948	51
CP012026	2080949	51
CP012026	2080950	53
CP012026	2080951	53
CP012026	2080952	53
CP012026	2080953	53
CP012026	2080954	53
CP012026	2080955	53
CP012026	2080956	53
CP012026	2080957	53
CP012026	2080958	55
CP012026	2080959	55
CP012026	2080960	55
CP012026	2080961	55
CP012026	2080962	55
CP012026	2080963	57
CP012026	2080964	57
CP012026	2080965	55
CP012026	2080966	51
CP012026	2080967	49
CP012026	2080968	49
CP012026	2080969	49
CP012026	2080970	49
CP012026	2080971	49
CP012026	2080972	49
CP012026	2080973	49
CP012026	2080974	49
CP012026	2080975	49
CP012026	2080976	49
CP012026	2080977	49
CP012026	2080978	49
CP012026	2080979	49
CP012026	2080980	49
CP012026	2080981	49
CP012026	2080982	51
CP012026	2080983	51
CP012026	2080984	51
CP012026	2080985	50
CP012026	2080986	49
CP012026	2080987	49
CP012026	2080988	49
CP012026	2080989	49
CP012026	2080990	49
CP012026	2080991	49
CP012026	2080992	49
CP012026	2080993	49
CP012026	2080994	49
CP012026	2080995	49
CP012026	2080996	49
CP012026	2080997	48
CP012026	2080998	48
CP012026	2080999	48
CP012026	2081000	48
CP012026	2081001	48
CP012026	2081002	48
CP012026	2081003	48
CP012026	2081004	48
CP012026	2081005	48
CP012026	2081006	48
CP012026	2081007	48
CP012026	2081008	48
CP012026	2081009	48
CP012026	2081010	50
CP012026	2081011	48
CP012026	2081012	48
CP012026	2081013	50
CP012026	2081014	50
CP012026	2081015	52
CP012026	2081016	52
CP012026	2081017	52
CP012026	2081018	52
CP012026	2081019	50
CP012026	2081020	50
CP012026	2081021	48
CP012026	2081022	47
CP012026	2081023	46
CP012026	2081024	46
CP012026	2081025	46
CP012026	2081026	46
CP012026	2081027	46
CP012026	2081028	45
CP012026	2081029	45
CP012026	2081030	45
CP012026	2081031	45
CP012026	2081032	43
CP012026	2081033	43
CP012026	2081034	43
CP012026	2081035	43
CP012026	2081036	43
CP012026	2081037	43
CP012026	2081038	43
CP012026	2081039	43
CP012026	2081040	42
CP012026	2081041	42
CP012026	2081042	42
CP012026	2081043	42
CP012026	2081044	42
CP012026	2081045	42
CP012026	2081046	40
CP012026	2081047	40
CP012026	2081048	40
CP012026	2081049	39
CP012026	2081050	39
CP012026	2081051	39
CP012026	2081052	39
CP012026	2081053	39
CP012026	2081054	39
CP012026	2081055	39
CP012026	2081056	39
CP012026	2081057	39
CP012026	2081058	40
CP012026	2081059	40
CP012026	2081060	40
CP012026	2081061	40
CP012026	2081062	40
CP012026	2081063	40
CP012026	2081064	40
CP012026	2081065	40
CP012026	2081066	40
CP012026	2081067	39
CP012026	2081068	39
CP012026	2081069	39
CP012026	2081070	39
CP012026	2081071	39
CP012026	2081072	39
CP012026	2081073	39
CP012026	2081074	39
CP012026	2081075	39
CP012026	2081076	39
CP012026	2081077	39
CP012026	2081078	41
CP012026	2081079	41
CP012026	2081080	41
CP012026	2081081	41
CP012026	2081082	41
CP012026	2081083	44
CP012026	2081084	44
CP012026	2081085	44
CP012026	2081086	44
CP012026	2081087	41
CP012026	2081088	44
CP012026	2081089	44
CP012026	2081090	44
CP012026	2081091	44
CP012026	2081092	41
CP012026	2081093	41
CP012026	2081094	41
CP012026	2081095	40
CP012026	2081096	40
CP012026	2081097	36
CP012026	2081098	36
CP012026	2081099	38
CP012026	2081100	36
CP012026	2081101	37
CP012026	2081102	34
CP012026	2081103	36
CP012026	2081104	36
CP012026	2081105	36
CP012026	2081106	37
CP012026	2081107	40
CP012026	2081108	40
CP012026	2081109	40
CP012026	2081110	40
CP012026	2081111	38
CP012026	2081112	38
CP012026	2081113	38
CP012026	2081114	38
CP012026	2081115	36
CP012026	2081116	36
CP012026	2081117	36
CP012026	2081118	35
CP012026	2081119	35
CP012026	2081120	35
CP012026	2081121	35
CP012026	2081122	35
CP012026	2081123	36
CP012026	2081124	36
CP012026	2081125	36
CP012026	2081126	36
CP012026	2081127	36
CP012026	2081128	37
CP012026	2081129	37
CP012026	2081130	36
CP012026	2081131	36
CP012026	2081132	35
CP012026	2081133	35
CP012026	2081134	35
CP012026	2081135	35
CP012026	2081136	35
CP012026	2081137	33
CP012026	2081138	33
CP012026	2081139	36
CP012026	2081140	36
CP012026	2081141	36
CP012026	2081142	37
CP012026	2081143	37
CP012026	2081144	41
CP012026	2081145	39
CP012026	2081146	39
CP012026	2081147	39
CP012026	2081148	40
CP012026	2081149	40
CP012026	2081150	41
CP012026	2081151	41
CP012026	2081152	41
CP012026	2081153	41
CP012026	2081154	41
CP012026	2081155	41
CP012026	2081156	41
CP012026	2081157	43
CP012026	2081158	43
CP012026	2081159	44
CP012026	2081160	44
CP012026	2081161	44
CP012026	2081162	44
CP012026	2081163	44
CP012026	2081164	44
CP012026	2081165	44
CP012026	2081166	44
CP012026	2081167	44
CP012026	2081168	44
CP012026	2081169	45
CP012026	2081170	45
CP012026	2081171	44
CP012026	2081172	44
CP012026	2081173	46
CP012026	2081174	46
CP012026	2081175	46
CP012026	2081176	46
CP012026	2081177	47
CP012026	2081178	46
CP012026	2081179	46
CP012026	2081180	46
CP012026	2081181	46
CP012026	2081182	46
CP012026	2081183	46
CP012026	2081184	46
CP012026	2081185	46
CP012026	2081186	46
CP012026	2081187	48
CP012026	2081188	48
CP012026	2081189	48
CP012026	2081190	48
CP012026	2081191	48
CP012026	2081192	48
CP012026	2081193	48
CP012026	2081194	48
CP012026	2081195	48
CP012026	2081196	48
CP012026	2081197	48
CP012026	2081198	48
CP012026	2081199	48
CP012026	2081200	48
CP012026	2081201	48
CP012026	2081202	48
CP012026	2081203	48
CP012026	2081204	48
CP012026	2081205	48
CP012026	2081206	49
CP012026	2081207	49
CP012026	2081208	49
CP012026	2081209	49
CP012026	2081210	49
CP012026	2081211	49
CP012026	2081212	49
CP012026	2081213	49
CP012026	2081214	49
CP012026	2081215	47
CP012026	2081216	47
CP012026	2081217	49
CP012026	2081218	49
CP012026	2081219	49
CP012026	2081220	49
CP012026	2081221	49
CP012026	2081222	49
CP012026	2081223	49
CP012026	2081224	49
CP012026	2081225	49
CP012026	2081226	47
CP012026	2081227	47
CP012026	2081228	47
CP012026	2081229	47
CP012026	2081230	47
CP012026	2081231	47
CP012026	2081232	47
CP012026	2081233	47
CP012026	2081234	47
CP012026	2081235	47
CP012026	2081236	48
CP012026	2081237	48
CP012026	2081238	48
CP012026	2081239	48
CP012026	2081240	48
CP012026	2081241	48
CP012026	2081242	48
CP012026	2081243	48
CP012026	2081244	48
CP012026	2081245	48
CP012026	2081246	48
CP012026	2081247	47
CP012026	2081248	47
CP012026	2081249	47
CP012026	2081250	47
CP012026	2081251	47
CP012026	2081252	47
CP012026	2081253	47
CP012026	2081254	47
CP012026	2081255	47
CP012026	2081256	47
CP012026	2081257	45
CP012026	2081258	45
CP012026	2081259	47
CP012026	2081260	47
CP012026	2081261	47
CP012026	2081262	49
CP012026	2081263	49
CP012026	2081264	49
CP012026	2081265	49
CP012026	2081266	43
CP012026	2081267	43
CP012026	2081268	43
CP012026	2081269	43
CP012026	2081270	43
CP012026	2081271	41
CP012026	2081272	41
CP012026	2081273	41
CP012026	2081274	41
CP012026	2081275	41
CP012026	2081276	41
CP012026	2081277	41
CP012026	2081278	41
CP012026	2081279	41
CP012026	2081280	41
CP012026	2081281	41
CP012026	2081282	41
CP012026	2081283	42
CP012026	2081284	42
CP012026	2081285	42
CP012026	2081286	42
CP012026	2081287	44
CP012026	2081288	44
CP012026	2081289	44
CP012026	2081290	45
CP012026	2081291	45
CP012026	2081292	45
CP012026	2081293	45
CP012026	2081294	45
CP012026	2081295	43
CP012026	2081296	43
CP012026	2081297	43
CP012026	2081298	41
CP012026	2081299	41
CP012026	2081300	41
CP012026	2081301	46
CP012026	2081302	46
CP012026	2081303	47
CP012026	2081304	47
CP012026	2081305	47
CP012026	2081306	47
CP012026	2081307	47
